id	region	mode	final	fast	full	equiv	deep	directed
1	engine_ctrl	const1	killed_fast	killed	-	-	-	-
2	engine_ctrl	inv	killed_full	survived	killed	-	-	-
3	engine_ctrl	inv	killed_full	survived	killed	-	-	-
4	engine_ctrl	cnot0	survived	survived	survived	not_proven	killed	survived
5	engine_ctrl	const0	survived	survived	survived	equivalent	survived	survived
6	engine_ctrl	const1	killed_fast	killed	-	-	-	-
7	engine_ctrl	const1	killed_fast	killed	-	-	-	-
8	engine_ctrl	inv	killed_fast	killed	-	-	-	-
9	engine_ctrl	cnot1	killed_full	survived	killed	-	-	-
10	engine_ctrl	cnot1	killed_full	survived	killed	-	-	-
11	engine_ctrl	inv	killed_full	survived	killed	-	-	-
12	engine_ctrl	cnot1	survived	survived	survived	not_proven	survived	survived
13	engine_ctrl	cnot0	killed_fast	killed	-	-	-	-
14	engine_ctrl	cnot0	killed_fast	killed	-	-	-	-
15	engine_ctrl	cnot1	survived	survived	survived	not_proven	survived	survived
16	engine_ctrl	inv	killed_fast	killed	-	-	-	-
17	engine_ctrl	cnot1	killed_fast	killed	-	-	-	-
18	engine_ctrl	const0	survived	survived	survived	not_proven	survived	survived
19	engine_ctrl	const1	survived	survived	survived	not_proven	survived	survived
20	engine_ctrl	const1	killed_fast	killed	-	-	-	-
21	engine_ctrl	cnot0	killed_fast	killed	-	-	-	-
22	engine_ctrl	inv	killed_fast	killed	-	-	-	-
23	engine_ctrl	const1	killed_full	survived	killed	-	-	-
24	engine_ctrl	const1	killed_fast	killed	-	-	-	-
25	engine_ctrl	cnot0	survived	survived	survived	not_proven	survived	survived
26	engine_ctrl	cnot0	killed_fast	killed	-	-	-	-
27	engine_ctrl	inv	killed_fast	killed	-	-	-	-
28	engine_ctrl	cnot0	killed_fast	killed	-	-	-	-
29	engine_ctrl	inv	killed_fast	killed	-	-	-	-
30	engine_ctrl	cnot1	survived	survived	survived	not_proven	survived	survived
31	engine_ctrl	cnot0	killed_fast	killed	-	-	-	-
32	engine_ctrl	cnot1	survived	survived	survived	equivalent	survived	survived
33	engine_ctrl	cnot1	survived	survived	survived	not_proven	survived	survived
34	engine_ctrl	const1	killed_full	survived	killed	-	-	-
35	engine_ctrl	const1	killed_fast	killed	-	-	-	-
36	engine_ctrl	cnot0	killed_fast	killed	-	-	-	-
37	engine_ctrl	const1	killed_fast	killed	-	-	-	-
38	engine_ctrl	const1	killed_fast	killed	-	-	-	-
39	engine_ctrl	const0	killed_fast	killed	-	-	-	-
40	engine_ctrl	cnot1	survived	survived	survived	not_proven	survived	survived
41	engine_ctrl	const1	killed_fast	killed	-	-	-	-
42	engine_ctrl	inv	killed_fast	killed	-	-	-	-
43	engine_ctrl	inv	survived	survived	survived	not_proven	survived	survived
44	engine_ctrl	const0	killed_fast	killed	-	-	-	-
45	engine_ctrl	cnot1	survived	survived	survived	not_proven	killed	survived
46	engine_ctrl	const0	survived	survived	survived	equivalent	survived	survived
47	engine_ctrl	const1	survived	survived	survived	not_proven	survived	survived
48	engine_ctrl	inv	killed_fast	killed	-	-	-	-
49	engine_ctrl	cnot1	killed_full	survived	killed	-	-	-
50	engine_ctrl	cnot1	survived	survived	survived	not_proven	survived	survived
51	engine_ctrl	cnot1	killed_fast	killed	-	-	-	-
52	engine_ctrl	inv	killed_fast	killed	-	-	-	-
53	engine_ctrl	cnot0	killed_fast	killed	-	-	-	-
54	engine_ctrl	const1	killed_fast	killed	-	-	-	-
55	engine_ctrl	inv	killed_fast	killed	-	-	-	-
56	engine_ctrl	const1	killed_full	survived	killed	-	-	-
57	engine_ctrl	cnot1	survived	survived	survived	not_proven	survived	survived
58	engine_ctrl	cnot0	killed_fast	killed	-	-	-	-
59	engine_ctrl	cnot1	survived	survived	survived	not_proven	survived	survived
60	engine_ctrl	inv	killed_fast	killed	-	-	-	-
61	engine_ctrl	const0	survived	survived	survived	equivalent	survived	survived
62	engine_ctrl	cnot1	survived	survived	survived	not_proven	survived	survived
63	engine_ctrl	cnot1	survived	survived	survived	not_proven	survived	survived
64	engine_ctrl	inv	killed_fast	killed	-	-	-	-
65	engine_ctrl	const0	survived	survived	survived	not_proven	survived	survived
66	engine_ctrl	inv	killed_fast	killed	-	-	-	-
67	engine_ctrl	cnot1	survived	survived	survived	not_proven	survived	survived
68	engine_ctrl	cnot1	survived	survived	survived	not_proven	survived	survived
69	engine_ctrl	const0	killed_full	survived	killed	-	-	-
70	engine_ctrl	const0	survived	survived	survived	not_proven	survived	survived
71	engine_ctrl	const0	killed_fast	killed	-	-	-	-
72	engine_ctrl	const1	killed_fast	killed	-	-	-	-
73	engine_ctrl	cnot1	killed_fast	killed	-	-	-	-
74	engine_ctrl	inv	killed_full	survived	killed	-	-	-
75	engine_ctrl	const1	killed_fast	killed	-	-	-	-
76	engine_ctrl	const0	survived	survived	survived	not_proven	survived	survived
77	engine_ctrl	const0	survived	survived	survived	not_proven	survived	survived
78	engine_ctrl	const0	killed_fast	killed	-	-	-	-
79	engine_ctrl	const0	survived	survived	survived	not_proven	killed	survived
80	engine_ctrl	inv	survived	survived	survived	not_proven	killed	killed
81	engine_ctrl	inv	killed_fast	killed	-	-	-	-
82	engine_ctrl	const0	killed_full	survived	killed	-	-	-
83	engine_ctrl	cnot1	survived	survived	survived	not_proven	survived	survived
84	engine_ctrl	cnot1	survived	survived	survived	equivalent	survived	survived
85	engine_ctrl	inv	killed_fast	killed	-	-	-	-
86	engine_ctrl	inv	killed_fast	killed	-	-	-	-
87	engine_ctrl	inv	killed_fast	killed	-	-	-	-
88	engine_ctrl	cnot1	survived	survived	survived	not_proven	survived	survived
89	engine_ctrl	const1	killed_fast	killed	-	-	-	-
90	engine_ctrl	cnot0	killed_fast	killed	-	-	-	-
91	engine_ctrl	cnot1	killed_full	survived	killed	-	-	-
92	engine_ctrl	cnot1	survived	survived	survived	not_proven	survived	survived
93	engine_ctrl	cnot0	killed_fast	killed	-	-	-	-
94	engine_ctrl	const0	survived	survived	survived	not_proven	survived	survived
95	engine_ctrl	const0	survived	survived	survived	not_proven	survived	survived
96	engine_ctrl	cnot0	killed_full	survived	killed	-	-	-
97	engine_ctrl	const1	killed_full	survived	killed	-	-	-
98	engine_ctrl	const1	survived	survived	survived	not_proven	killed	killed
99	engine_ctrl	cnot0	killed_fast	killed	-	-	-	-
100	engine_ctrl	const1	killed_fast	killed	-	-	-	-
101	engine_ctrl	inv	killed_fast	killed	-	-	-	-
102	engine_ctrl	cnot1	survived	survived	survived	equivalent	survived	survived
103	engine_ctrl	cnot1	survived	survived	survived	equivalent	survived	survived
104	engine_ctrl	const0	survived	survived	survived	not_proven	survived	survived
105	engine_ctrl	cnot0	survived	survived	survived	not_proven	survived	survived
106	engine_ctrl	cnot0	killed_fast	killed	-	-	-	-
107	engine_ctrl	const1	survived	survived	survived	not_proven	killed	survived
108	engine_ctrl	cnot0	killed_fast	killed	-	-	-	-
109	engine_ctrl	cnot0	killed_fast	killed	-	-	-	-
110	engine_ctrl	inv	killed_fast	killed	-	-	-	-
111	engine_ctrl	const1	killed_fast	killed	-	-	-	-
112	engine_ctrl	inv	killed_fast	killed	-	-	-	-
113	engine_ctrl	const0	survived	survived	survived	not_proven	survived	survived
114	engine_ctrl	const1	killed_fast	killed	-	-	-	-
115	engine_ctrl	const1	killed_fast	killed	-	-	-	-
116	engine_ctrl	const0	survived	survived	survived	not_proven	survived	survived
117	engine_ctrl	const1	killed_full	survived	killed	-	-	-
118	engine_ctrl	const1	survived	survived	survived	not_proven	survived	survived
119	engine_ctrl	cnot1	survived	survived	survived	equivalent	survived	survived
120	engine_ctrl	cnot1	killed_full	survived	killed	-	-	-
121	engine_ctrl	const1	killed_fast	killed	-	-	-	-
122	engine_ctrl	inv	killed_fast	killed	-	-	-	-
123	engine_ctrl	cnot0	killed_fast	killed	-	-	-	-
124	engine_ctrl	const0	survived	survived	survived	not_proven	survived	killed
125	engine_ctrl	cnot0	killed_full	survived	killed	-	-	-
126	engine_ctrl	cnot1	survived	survived	survived	not_proven	survived	survived
127	engine_ctrl	const0	killed_fast	killed	-	-	-	-
128	engine_ctrl	const1	killed_full	survived	killed	-	-	-
129	engine_ctrl	inv	killed_full	survived	killed	-	-	-
130	engine_ctrl	const1	killed_fast	killed	-	-	-	-
131	engine_ctrl	cnot0	killed_fast	killed	-	-	-	-
132	engine_ctrl	const1	survived	survived	survived	not_proven	killed	survived
133	engine_ctrl	inv	killed_fast	killed	-	-	-	-
134	engine_ctrl	const1	killed_fast	killed	-	-	-	-
135	engine_ctrl	inv	killed_fast	killed	-	-	-	-
136	engine_ctrl	const1	killed_full	survived	killed	-	-	-
137	engine_ctrl	const0	killed_fast	killed	-	-	-	-
138	engine_ctrl	cnot1	survived	survived	survived	not_proven	survived	survived
139	engine_ctrl	const0	survived	survived	survived	not_proven	survived	survived
140	engine_ctrl	const0	survived	survived	survived	not_proven	survived	survived
141	engine_ctrl	const0	survived	survived	survived	not_proven	survived	survived
142	engine_ctrl	inv	killed_full	survived	killed	-	-	-
143	engine_ctrl	const1	survived	survived	survived	not_proven	survived	survived
144	engine_ctrl	cnot1	killed_full	survived	killed	-	-	-
145	engine_ctrl	const0	survived	survived	survived	not_proven	survived	survived
146	engine_ctrl	const1	killed_fast	killed	-	-	-	-
147	engine_ctrl	const0	killed_full	survived	killed	-	-	-
148	engine_ctrl	inv	killed_full	survived	killed	-	-	-
149	engine_ctrl	const0	survived	survived	survived	not_proven	killed	survived
150	engine_ctrl	const1	killed_full	survived	killed	-	-	-
151	engine_ctrl	cnot0	killed_fast	killed	-	-	-	-
152	engine_ctrl	const1	killed_fast	killed	-	-	-	-
153	engine_ctrl	cnot0	killed_fast	killed	-	-	-	-
154	engine_ctrl	cnot0	killed_fast	killed	-	-	-	-
155	engine_ctrl	cnot1	survived	survived	survived	equivalent	survived	survived
156	engine_ctrl	const1	killed_full	survived	killed	-	-	-
157	engine_ctrl	cnot1	survived	survived	survived	not_proven	survived	survived
158	engine_ctrl	const0	killed_fast	killed	-	-	-	-
159	engine_ctrl	cnot1	survived	survived	survived	not_proven	survived	survived
160	engine_ctrl	const0	survived	survived	survived	not_proven	survived	survived
161	engine_ctrl	const0	killed_fast	killed	-	-	-	-
162	engine_ctrl	inv	killed_fast	killed	-	-	-	-
163	engine_ctrl	const1	killed_fast	killed	-	-	-	-
164	engine_ctrl	const1	killed_fast	killed	-	-	-	-
165	engine_ctrl	cnot1	killed_fast	killed	-	-	-	-
166	engine_ctrl	cnot0	killed_fast	killed	-	-	-	-
167	engine_ctrl	cnot0	killed_fast	killed	-	-	-	-
168	engine_ctrl	const1	killed_fast	killed	-	-	-	-
169	engine_ctrl	const0	survived	survived	survived	not_proven	survived	survived
170	engine_ctrl	const0	survived	survived	survived	not_proven	survived	survived
171	engine_ctrl	cnot1	survived	survived	survived	not_proven	survived	survived
172	engine_ctrl	const1	killed_full	survived	killed	-	-	-
173	engine_ctrl	const0	survived	survived	survived	not_proven	survived	survived
174	engine_ctrl	cnot1	survived	survived	survived	not_proven	survived	killed
175	engine_ctrl	cnot1	survived	survived	survived	not_proven	survived	survived
176	engine_ctrl	cnot0	killed_fast	killed	-	-	-	-
177	engine_ctrl	const1	killed_fast	killed	-	-	-	-
178	engine_ctrl	inv	killed_fast	killed	-	-	-	-
179	engine_ctrl	inv	killed_fast	killed	-	-	-	-
180	engine_ctrl	inv	killed_fast	killed	-	-	-	-
181	engine_ctrl	cnot0	killed_full	survived	killed	-	-	-
182	engine_ctrl	const0	survived	survived	survived	not_proven	survived	survived
183	engine_ctrl	const1	killed_full	survived	killed	-	-	-
184	engine_ctrl	const1	killed_fast	killed	-	-	-	-
185	engine_ctrl	cnot1	survived	survived	survived	not_proven	survived	survived
186	engine_ctrl	const0	survived	survived	survived	equivalent	survived	survived
187	engine_ctrl	cnot0	killed_fast	killed	-	-	-	-
188	engine_ctrl	const1	survived	survived	survived	not_proven	survived	survived
189	engine_ctrl	inv	survived	survived	survived	not_proven	survived	survived
190	engine_ctrl	inv	killed_fast	killed	-	-	-	-
191	engine_ctrl	inv	survived	survived	survived	not_proven	survived	survived
192	engine_ctrl	cnot1	survived	survived	survived	not_proven	survived	survived
193	engine_ctrl	cnot0	killed_full	survived	killed	-	-	-
194	engine_ctrl	const0	killed_full	survived	killed	-	-	-
195	engine_ctrl	cnot1	survived	survived	survived	not_proven	survived	killed
196	engine_ctrl	inv	survived	survived	survived	not_proven	survived	survived
197	engine_ctrl	cnot1	killed_full	survived	killed	-	-	-
198	engine_ctrl	cnot0	killed_fast	killed	-	-	-	-
199	engine_ctrl	inv	killed_fast	killed	-	-	-	-
200	engine_ctrl	const1	killed_fast	killed	-	-	-	-
201	engine_ctrl	cnot0	killed_fast	killed	-	-	-	-
202	engine_ctrl	const1	killed_fast	killed	-	-	-	-
203	engine_ctrl	cnot1	survived	survived	survived	not_proven	survived	survived
204	engine_ctrl	const0	survived	survived	survived	not_proven	killed	survived
205	engine_ctrl	cnot0	killed_fast	killed	-	-	-	-
206	engine_ctrl	cnot0	killed_full	survived	killed	-	-	-
207	engine_ctrl	const0	killed_fast	killed	-	-	-	-
208	engine_ctrl	cnot0	killed_full	survived	killed	-	-	-
209	engine_ctrl	const0	survived	survived	survived	equivalent	survived	survived
210	engine_ctrl	inv	killed_fast	killed	-	-	-	-
211	engine_ctrl	const0	survived	survived	survived	not_proven	survived	survived
212	engine_ctrl	const0	killed_fast	killed	-	-	-	-
213	engine_ctrl	cnot0	killed_fast	killed	-	-	-	-
214	engine_ctrl	const0	killed_full	survived	killed	-	-	-
215	engine_ctrl	cnot1	survived	survived	survived	not_proven	survived	survived
216	engine_ctrl	const1	killed_full	survived	killed	-	-	-
217	engine_ctrl	const0	survived	survived	survived	not_proven	survived	survived
218	engine_ctrl	const1	killed_fast	killed	-	-	-	-
219	engine_ctrl	const1	killed_fast	killed	-	-	-	-
220	engine_ctrl	inv	killed_full	survived	killed	-	-	-
221	engine_ctrl	cnot1	survived	survived	survived	not_proven	killed	survived
222	engine_ctrl	const1	killed_fast	killed	-	-	-	-
223	engine_ctrl	const0	killed_fast	killed	-	-	-	-
224	engine_ctrl	const0	survived	survived	survived	not_proven	survived	survived
225	engine_ctrl	const0	survived	survived	survived	not_proven	survived	survived
226	engine_ctrl	const0	survived	survived	survived	not_proven	survived	survived
227	engine_ctrl	cnot1	killed_fast	killed	-	-	-	-
228	engine_ctrl	const1	killed_fast	killed	-	-	-	-
229	engine_ctrl	const1	killed_fast	killed	-	-	-	-
230	engine_ctrl	cnot0	killed_fast	killed	-	-	-	-
231	engine_ctrl	const0	survived	survived	survived	not_proven	survived	killed
232	engine_ctrl	cnot1	killed_full	survived	killed	-	-	-
233	engine_ctrl	cnot1	survived	survived	survived	not_proven	survived	survived
234	engine_ctrl	const0	survived	survived	survived	not_proven	survived	survived
235	engine_ctrl	const1	killed_full	survived	killed	-	-	-
236	engine_ctrl	inv	killed_fast	killed	-	-	-	-
237	engine_ctrl	const1	killed_fast	killed	-	-	-	-
238	engine_ctrl	const0	killed_fast	killed	-	-	-	-
239	engine_ctrl	const1	killed_full	survived	killed	-	-	-
240	engine_ctrl	const1	survived	survived	survived	not_proven	killed	survived
241	engine_ctrl	const1	survived	survived	survived	not_proven	killed	survived
242	engine_ctrl	inv	killed_full	survived	killed	-	-	-
243	engine_ctrl	cnot0	killed_full	survived	killed	-	-	-
244	engine_ctrl	const0	killed_full	survived	killed	-	-	-
245	engine_ctrl	const1	killed_fast	killed	-	-	-	-
246	engine_ctrl	const1	survived	survived	survived	not_proven	killed	killed
247	engine_ctrl	inv	killed_fast	killed	-	-	-	-
248	engine_ctrl	inv	killed_full	survived	killed	-	-	-
249	engine_ctrl	const1	killed_fast	killed	-	-	-	-
250	engine_ctrl	cnot0	killed_fast	killed	-	-	-	-
251	engine_ctrl	const0	survived	survived	survived	not_proven	survived	survived
252	engine_ctrl	const1	killed_fast	killed	-	-	-	-
253	engine_ctrl	const0	killed_fast	killed	-	-	-	-
254	engine_ctrl	cnot1	survived	survived	survived	not_proven	survived	survived
255	engine_ctrl	cnot1	killed_full	survived	killed	-	-	-
256	engine_ctrl	const1	killed_fast	killed	-	-	-	-
257	engine_ctrl	const0	survived	survived	survived	not_proven	survived	survived
258	engine_ctrl	cnot1	killed_full	survived	killed	-	-	-
259	engine_ctrl	inv	killed_fast	killed	-	-	-	-
260	engine_ctrl	cnot1	killed_fast	killed	-	-	-	-
261	engine_ctrl	cnot1	survived	survived	survived	not_proven	survived	survived
262	engine_ctrl	const0	survived	survived	survived	equivalent	survived	survived
263	engine_ctrl	const0	killed_full	survived	killed	-	-	-
264	engine_ctrl	inv	killed_fast	killed	-	-	-	-
265	engine_ctrl	const0	survived	survived	survived	equivalent	survived	survived
266	engine_ctrl	cnot1	survived	survived	survived	not_proven	survived	survived
267	engine_ctrl	cnot0	killed_fast	killed	-	-	-	-
268	engine_ctrl	cnot1	survived	survived	survived	not_proven	survived	killed
269	engine_ctrl	const1	killed_fast	killed	-	-	-	-
270	engine_ctrl	const1	killed_fast	killed	-	-	-	-
271	engine_ctrl	const0	survived	survived	survived	not_proven	survived	killed
272	engine_ctrl	cnot0	killed_fast	killed	-	-	-	-
273	engine_ctrl	cnot0	killed_fast	killed	-	-	-	-
274	engine_ctrl	inv	killed_fast	killed	-	-	-	-
275	engine_ctrl	const1	survived	survived	survived	not_proven	killed	survived
276	engine_ctrl	cnot1	survived	survived	survived	not_proven	survived	survived
277	engine_ctrl	const0	survived	survived	survived	equivalent	survived	survived
278	engine_ctrl	cnot0	killed_fast	killed	-	-	-	-
279	engine_ctrl	const0	survived	survived	survived	not_proven	survived	survived
280	engine_ctrl	inv	killed_fast	killed	-	-	-	-
281	engine_ctrl	cnot1	killed_full	survived	killed	-	-	-
282	engine_ctrl	const0	survived	survived	survived	not_proven	survived	survived
283	engine_ctrl	const0	killed_full	survived	killed	-	-	-
284	engine_ctrl	const0	survived	survived	survived	not_proven	survived	survived
285	engine_ctrl	const0	survived	survived	survived	not_proven	survived	survived
286	engine_ctrl	inv	killed_fast	killed	-	-	-	-
287	engine_ctrl	cnot1	survived	survived	survived	not_proven	survived	survived
288	engine_ctrl	cnot0	killed_fast	killed	-	-	-	-
289	engine_ctrl	cnot1	killed_fast	killed	-	-	-	-
290	engine_ctrl	const1	killed_full	survived	killed	-	-	-
291	engine_ctrl	const1	killed_fast	killed	-	-	-	-
292	engine_ctrl	const1	killed_fast	killed	-	-	-	-
293	engine_ctrl	cnot1	survived	survived	survived	not_proven	survived	survived
294	engine_ctrl	inv	killed_fast	killed	-	-	-	-
295	engine_ctrl	cnot0	killed_full	survived	killed	-	-	-
296	engine_ctrl	cnot0	killed_fast	killed	-	-	-	-
297	engine_ctrl	cnot1	survived	survived	survived	not_proven	survived	survived
298	engine_ctrl	cnot0	killed_fast	killed	-	-	-	-
299	engine_ctrl	const1	killed_full	survived	killed	-	-	-
300	engine_ctrl	const1	killed_fast	killed	-	-	-	-
301	engine_ctrl	inv	killed_fast	killed	-	-	-	-
302	engine_ctrl	const0	survived	survived	survived	not_proven	survived	survived
303	engine_ctrl	const0	survived	survived	survived	not_proven	survived	survived
304	engine_ctrl	inv	killed_fast	killed	-	-	-	-
305	engine_ctrl	cnot1	killed_fast	killed	-	-	-	-
306	engine_ctrl	inv	killed_fast	killed	-	-	-	-
307	engine_ctrl	inv	killed_fast	killed	-	-	-	-
308	engine_ctrl	const0	survived	survived	survived	not_proven	survived	survived
309	engine_ctrl	cnot1	survived	survived	survived	not_proven	survived	survived
310	engine_ctrl	cnot1	killed_fast	killed	-	-	-	-
311	engine_ctrl	cnot1	survived	survived	survived	not_proven	survived	survived
312	engine_ctrl	const0	survived	survived	survived	not_proven	survived	survived
313	engine_ctrl	cnot1	survived	survived	survived	not_proven	survived	survived
314	engine_ctrl	const1	killed_fast	killed	-	-	-	-
315	engine_ctrl	const0	survived	survived	survived	not_proven	survived	survived
316	engine_ctrl	cnot1	killed_full	survived	killed	-	-	-
317	engine_ctrl	const0	survived	survived	survived	not_proven	survived	survived
318	engine_ctrl	const0	survived	survived	survived	not_proven	survived	survived
319	engine_ctrl	const1	killed_fast	killed	-	-	-	-
320	engine_ctrl	const1	killed_full	survived	killed	-	-	-
321	engine_ctrl	inv	killed_fast	killed	-	-	-	-
322	engine_ctrl	const0	survived	survived	survived	not_proven	survived	survived
323	engine_ctrl	cnot1	survived	survived	survived	not_proven	survived	survived
324	engine_ctrl	cnot0	killed_fast	killed	-	-	-	-
325	engine_ctrl	inv	survived	survived	survived	not_proven	survived	survived
326	engine_ctrl	const0	survived	survived	survived	not_proven	survived	survived
327	engine_ctrl	const0	survived	survived	survived	not_proven	survived	survived
328	engine_ctrl	inv	survived	survived	survived	not_proven	killed	survived
329	engine_ctrl	cnot1	survived	survived	survived	not_proven	survived	survived
330	engine_ctrl	cnot1	killed_full	survived	killed	-	-	-
331	engine_ctrl	const1	killed_fast	killed	-	-	-	-
332	engine_ctrl	const1	killed_fast	killed	-	-	-	-
333	engine_ctrl	cnot1	killed_fast	killed	-	-	-	-
334	engine_ctrl	const1	killed_fast	killed	-	-	-	-
335	engine_ctrl	inv	killed_full	survived	killed	-	-	-
336	engine_ctrl	const1	survived	survived	survived	not_proven	killed	killed
337	engine_ctrl	inv	killed_fast	killed	-	-	-	-
338	engine_ctrl	cnot1	survived	survived	survived	not_proven	survived	survived
339	engine_ctrl	cnot0	killed_fast	killed	-	-	-	-
340	engine_ctrl	inv	killed_full	survived	killed	-	-	-
341	engine_ctrl	cnot0	survived	survived	survived	not_proven	killed	killed
342	engine_ctrl	cnot0	killed_full	survived	killed	-	-	-
343	engine_ctrl	cnot0	killed_fast	killed	-	-	-	-
344	engine_ctrl	cnot1	survived	survived	survived	equivalent	survived	survived
345	engine_ctrl	const1	killed_fast	killed	-	-	-	-
346	engine_ctrl	const1	killed_full	survived	killed	-	-	-
347	engine_ctrl	const1	survived	survived	survived	not_proven	killed	survived
348	engine_ctrl	const0	survived	survived	survived	not_proven	survived	survived
349	engine_ctrl	const0	killed_full	survived	killed	-	-	-
350	engine_ctrl	const1	killed_fast	killed	-	-	-	-
351	engine_ctrl	const1	killed_fast	killed	-	-	-	-
352	engine_ctrl	cnot1	killed_fast	killed	-	-	-	-
353	engine_ctrl	const1	killed_fast	killed	-	-	-	-
354	engine_ctrl	inv	killed_fast	killed	-	-	-	-
355	engine_ctrl	cnot1	killed_full	survived	killed	-	-	-
356	engine_ctrl	cnot0	killed_fast	killed	-	-	-	-
357	engine_ctrl	const0	survived	survived	survived	not_proven	survived	survived
358	engine_ctrl	cnot0	killed_fast	killed	-	-	-	-
359	engine_ctrl	const1	killed_fast	killed	-	-	-	-
360	engine_ctrl	const1	killed_fast	killed	-	-	-	-
361	engine_ctrl	const0	survived	survived	survived	not_proven	survived	survived
362	engine_ctrl	const0	survived	survived	survived	not_proven	survived	killed
363	engine_ctrl	const0	survived	survived	survived	not_proven	survived	survived
364	engine_ctrl	const0	survived	survived	survived	not_proven	survived	survived
365	engine_ctrl	const1	killed_fast	killed	-	-	-	-
366	engine_ctrl	const1	killed_fast	killed	-	-	-	-
367	engine_ctrl	cnot1	survived	survived	survived	not_proven	survived	survived
368	engine_ctrl	const0	survived	survived	survived	not_proven	survived	survived
369	engine_ctrl	inv	survived	survived	survived	not_proven	survived	survived
370	engine_ctrl	cnot0	killed_fast	killed	-	-	-	-
371	engine_ctrl	const1	killed_fast	killed	-	-	-	-
372	engine_ctrl	cnot0	killed_fast	killed	-	-	-	-
373	engine_ctrl	const1	killed_fast	killed	-	-	-	-
374	engine_ctrl	cnot0	killed_fast	killed	-	-	-	-
375	engine_ctrl	const0	killed_full	survived	killed	-	-	-
376	engine_ctrl	cnot0	killed_fast	killed	-	-	-	-
377	engine_ctrl	inv	killed_fast	killed	-	-	-	-
378	engine_ctrl	cnot1	killed_fast	killed	-	-	-	-
379	engine_ctrl	const0	survived	survived	survived	not_proven	survived	survived
380	engine_ctrl	cnot0	killed_fast	killed	-	-	-	-
381	engine_ctrl	const1	killed_fast	killed	-	-	-	-
382	engine_ctrl	cnot0	killed_full	survived	killed	-	-	-
383	engine_ctrl	const1	killed_fast	killed	-	-	-	-
384	engine_ctrl	inv	killed_fast	killed	-	-	-	-
385	engine_ctrl	const1	killed_fast	killed	-	-	-	-
386	engine_ctrl	inv	killed_full	survived	killed	-	-	-
387	engine_ctrl	cnot1	survived	survived	survived	not_proven	survived	survived
388	engine_ctrl	cnot0	survived	survived	survived	not_proven	killed	survived
389	engine_ctrl	const0	killed_full	survived	killed	-	-	-
390	engine_ctrl	cnot1	survived	survived	survived	not_proven	survived	survived
391	engine_ctrl	cnot1	survived	survived	survived	equivalent	survived	survived
392	engine_ctrl	inv	killed_fast	killed	-	-	-	-
393	engine_ctrl	const1	survived	survived	survived	not_proven	killed	killed
394	engine_ctrl	inv	killed_fast	killed	-	-	-	-
395	engine_ctrl	const0	killed_fast	killed	-	-	-	-
396	engine_ctrl	const0	survived	survived	survived	not_proven	survived	survived
397	engine_ctrl	inv	killed_fast	killed	-	-	-	-
398	engine_ctrl	cnot1	survived	survived	survived	not_proven	survived	survived
399	engine_ctrl	const1	survived	survived	survived	not_proven	survived	survived
400	engine_ctrl	const1	killed_fast	killed	-	-	-	-
401	engine_ctrl	inv	killed_fast	killed	-	-	-	-
402	engine_ctrl	inv	killed_fast	killed	-	-	-	-
403	engine_ctrl	const1	killed_fast	killed	-	-	-	-
404	engine_ctrl	inv	killed_fast	killed	-	-	-	-
405	engine_ctrl	cnot1	killed_fast	killed	-	-	-	-
406	engine_ctrl	const0	survived	survived	survived	not_proven	survived	survived
407	engine_ctrl	const0	killed_full	survived	killed	-	-	-
408	engine_ctrl	const0	killed_full	survived	killed	-	-	-
409	engine_ctrl	const0	killed_fast	killed	-	-	-	-
410	engine_ctrl	const0	killed_full	survived	killed	-	-	-
411	engine_ctrl	cnot0	killed_full	survived	killed	-	-	-
412	engine_ctrl	cnot1	killed_fast	killed	-	-	-	-
413	engine_ctrl	cnot0	killed_fast	killed	-	-	-	-
414	engine_ctrl	cnot0	killed_fast	killed	-	-	-	-
415	engine_ctrl	cnot0	killed_fast	killed	-	-	-	-
416	engine_ctrl	const1	killed_full	survived	killed	-	-	-
417	engine_ctrl	cnot0	survived	survived	survived	not_proven	killed	survived
418	engine_ctrl	cnot0	killed_fast	killed	-	-	-	-
419	engine_ctrl	cnot1	survived	survived	survived	not_proven	killed	survived
420	engine_ctrl	const0	survived	survived	survived	not_proven	survived	survived
421	engine_ctrl	const0	survived	survived	survived	not_proven	survived	survived
422	engine_ctrl	const1	killed_full	survived	killed	-	-	-
423	engine_ctrl	const0	survived	survived	survived	not_proven	survived	killed
424	engine_ctrl	const0	survived	survived	survived	not_proven	survived	survived
425	engine_ctrl	inv	survived	survived	survived	not_proven	survived	survived
426	engine_ctrl	cnot1	killed_fast	killed	-	-	-	-
427	engine_ctrl	const0	survived	survived	survived	equivalent	survived	survived
428	engine_ctrl	inv	killed_fast	killed	-	-	-	-
429	engine_ctrl	const0	survived	survived	survived	not_proven	survived	survived
430	engine_ctrl	cnot0	killed_fast	killed	-	-	-	-
431	engine_ctrl	cnot0	killed_fast	killed	-	-	-	-
432	engine_ctrl	inv	killed_fast	killed	-	-	-	-
433	engine_ctrl	inv	killed_fast	killed	-	-	-	-
434	engine_ctrl	cnot1	killed_full	survived	killed	-	-	-
435	engine_ctrl	cnot0	killed_fast	killed	-	-	-	-
436	engine_ctrl	cnot0	survived	survived	survived	not_proven	survived	killed
437	engine_ctrl	const0	survived	survived	survived	not_proven	killed	survived
438	engine_ctrl	cnot1	survived	survived	survived	not_proven	survived	survived
439	engine_ctrl	const0	survived	survived	survived	equivalent	survived	survived
440	engine_ctrl	const0	killed_full	survived	killed	-	-	-
441	engine_ctrl	const1	killed_fast	killed	-	-	-	-
442	engine_ctrl	cnot1	survived	survived	survived	not_proven	survived	survived
443	engine_ctrl	cnot1	killed_fast	killed	-	-	-	-
444	engine_ctrl	cnot0	killed_full	survived	killed	-	-	-
445	engine_ctrl	cnot0	killed_fast	killed	-	-	-	-
446	engine_ctrl	cnot1	survived	survived	survived	not_proven	survived	survived
447	engine_ctrl	cnot1	survived	survived	survived	not_proven	survived	survived
448	engine_ctrl	const1	killed_fast	killed	-	-	-	-
449	engine_ctrl	const0	survived	survived	survived	not_proven	survived	survived
450	engine_ctrl	cnot1	survived	survived	survived	not_proven	survived	survived
451	engine_ctrl	cnot1	survived	survived	survived	not_proven	survived	killed
452	engine_ctrl	inv	killed_fast	killed	-	-	-	-
453	engine_ctrl	cnot1	survived	survived	survived	not_proven	survived	survived
454	engine_ctrl	const1	killed_full	survived	killed	-	-	-
455	engine_ctrl	inv	killed_fast	killed	-	-	-	-
456	engine_ctrl	inv	killed_fast	killed	-	-	-	-
457	engine_ctrl	const0	survived	survived	survived	not_proven	survived	survived
458	engine_ctrl	cnot1	survived	survived	survived	not_proven	survived	survived
459	engine_ctrl	const1	killed_fast	killed	-	-	-	-
460	engine_ctrl	const0	killed_full	survived	killed	-	-	-
461	engine_ctrl	cnot0	killed_fast	killed	-	-	-	-
462	engine_ctrl	cnot0	killed_fast	killed	-	-	-	-
463	engine_ctrl	cnot1	survived	survived	survived	not_proven	survived	survived
464	engine_ctrl	cnot1	killed_full	survived	killed	-	-	-
465	engine_ctrl	cnot1	killed_fast	killed	-	-	-	-
466	engine_ctrl	inv	survived	survived	survived	not_proven	survived	survived
467	engine_ctrl	const0	survived	survived	survived	not_proven	survived	survived
468	engine_ctrl	cnot0	killed_fast	killed	-	-	-	-
469	engine_ctrl	cnot1	survived	survived	survived	not_proven	survived	survived
470	engine_ctrl	cnot0	killed_fast	killed	-	-	-	-
471	engine_ctrl	cnot0	survived	survived	survived	not_proven	killed	killed
472	engine_ctrl	const1	killed_fast	killed	-	-	-	-
473	engine_ctrl	cnot0	killed_fast	killed	-	-	-	-
474	engine_ctrl	const1	killed_fast	killed	-	-	-	-
475	engine_ctrl	cnot1	survived	survived	survived	not_proven	survived	survived
476	engine_ctrl	cnot1	killed_full	survived	killed	-	-	-
477	engine_ctrl	inv	killed_fast	killed	-	-	-	-
478	engine_ctrl	cnot0	survived	survived	survived	not_proven	survived	killed
479	engine_ctrl	const1	killed_fast	killed	-	-	-	-
480	engine_ctrl	inv	killed_fast	killed	-	-	-	-
481	engine_ctrl	cnot1	survived	survived	survived	not_proven	survived	survived
482	engine_ctrl	inv	killed_fast	killed	-	-	-	-
483	engine_ctrl	cnot1	survived	survived	survived	not_proven	survived	survived
484	engine_ctrl	cnot1	survived	survived	survived	not_proven	survived	survived
485	engine_ctrl	const1	killed_fast	killed	-	-	-	-
486	engine_ctrl	cnot1	survived	survived	survived	not_proven	survived	survived
487	engine_ctrl	const1	killed_full	survived	killed	-	-	-
488	engine_ctrl	const0	survived	survived	survived	not_proven	survived	survived
489	engine_ctrl	const1	survived	survived	survived	not_proven	killed	survived
490	engine_ctrl	const0	killed_fast	killed	-	-	-	-
491	engine_ctrl	const1	survived	survived	survived	equivalent	survived	survived
492	engine_ctrl	const1	killed_fast	killed	-	-	-	-
493	engine_ctrl	inv	killed_fast	killed	-	-	-	-
494	engine_ctrl	cnot1	survived	survived	survived	equivalent	survived	survived
495	engine_ctrl	cnot1	survived	survived	survived	not_proven	survived	survived
496	engine_ctrl	cnot1	survived	survived	survived	not_proven	survived	survived
497	engine_ctrl	inv	killed_fast	killed	-	-	-	-
498	engine_ctrl	const1	killed_fast	killed	-	-	-	-
499	engine_ctrl	const1	killed_fast	killed	-	-	-	-
500	engine_ctrl	const1	killed_fast	killed	-	-	-	-
501	engine_ctrl	inv	killed_fast	killed	-	-	-	-
502	engine_ctrl	cnot0	killed_fast	killed	-	-	-	-
503	engine_ctrl	const1	killed_fast	killed	-	-	-	-
504	engine_ctrl	const1	killed_fast	killed	-	-	-	-
505	engine_ctrl	inv	killed_fast	killed	-	-	-	-
506	engine_ctrl	const0	survived	survived	survived	not_proven	survived	survived
507	engine_ctrl	cnot0	killed_fast	killed	-	-	-	-
508	engine_ctrl	const0	survived	survived	survived	not_proven	survived	survived
509	engine_ctrl	cnot0	killed_full	survived	killed	-	-	-
510	engine_ctrl	inv	killed_fast	killed	-	-	-	-
511	engine_ctrl	inv	killed_fast	killed	-	-	-	-
512	engine_ctrl	inv	survived	survived	survived	not_proven	survived	survived
513	engine_ctrl	cnot1	survived	survived	survived	equivalent	survived	survived
514	engine_ctrl	cnot1	survived	survived	survived	not_proven	survived	killed
515	engine_ctrl	const0	survived	survived	survived	equivalent	survived	survived
516	engine_ctrl	const0	survived	survived	survived	not_proven	survived	survived
517	engine_ctrl	inv	killed_fast	killed	-	-	-	-
518	engine_ctrl	cnot1	killed_full	survived	killed	-	-	-
519	engine_ctrl	const0	killed_fast	killed	-	-	-	-
520	engine_ctrl	cnot0	killed_fast	killed	-	-	-	-
521	engine_ctrl	cnot1	killed_fast	killed	-	-	-	-
522	engine_ctrl	const1	survived	survived	survived	equivalent	survived	survived
523	engine_ctrl	cnot1	survived	survived	survived	not_proven	survived	survived
524	engine_ctrl	inv	killed_fast	killed	-	-	-	-
525	engine_ctrl	const0	survived	survived	survived	not_proven	survived	survived
526	engine_ctrl	const1	killed_fast	killed	-	-	-	-
527	engine_ctrl	const1	killed_fast	killed	-	-	-	-
528	engine_ctrl	const0	survived	survived	survived	not_proven	survived	survived
529	engine_ctrl	const0	killed_fast	killed	-	-	-	-
530	engine_ctrl	inv	survived	survived	survived	not_proven	killed	killed
531	engine_ctrl	cnot0	survived	survived	survived	not_proven	survived	survived
532	engine_ctrl	cnot1	survived	survived	survived	not_proven	survived	survived
533	engine_ctrl	const1	killed_fast	killed	-	-	-	-
534	engine_ctrl	cnot0	killed_fast	killed	-	-	-	-
535	engine_ctrl	cnot0	killed_fast	killed	-	-	-	-
536	engine_ctrl	const1	killed_full	survived	killed	-	-	-
537	engine_ctrl	const0	survived	survived	survived	not_proven	survived	survived
538	engine_ctrl	const0	survived	survived	survived	not_proven	survived	survived
539	engine_ctrl	cnot1	survived	survived	survived	not_proven	survived	survived
540	engine_ctrl	cnot0	killed_fast	killed	-	-	-	-
541	engine_ctrl	const0	killed_fast	killed	-	-	-	-
542	engine_ctrl	const1	killed_fast	killed	-	-	-	-
543	engine_ctrl	const0	survived	survived	survived	not_proven	survived	survived
544	engine_ctrl	const1	killed_fast	killed	-	-	-	-
545	engine_ctrl	cnot1	killed_fast	killed	-	-	-	-
546	engine_ctrl	cnot0	killed_fast	killed	-	-	-	-
547	engine_ctrl	cnot1	killed_full	survived	killed	-	-	-
548	engine_ctrl	inv	killed_fast	killed	-	-	-	-
549	engine_ctrl	cnot1	killed_fast	killed	-	-	-	-
550	engine_ctrl	cnot0	killed_fast	killed	-	-	-	-
551	host	inv	killed_fast	killed	-	-	-	-
552	host	cnot1	survived	survived	survived	equivalent	survived	survived
553	host	inv	killed_fast	killed	-	-	-	-
554	host	const1	survived	survived	survived	not_proven	survived	survived
555	host	const1	killed_full	survived	killed	-	-	-
556	host	const0	killed_fast	killed	-	-	-	-
557	host	inv	killed_fast	killed	-	-	-	-
558	host	cnot1	survived	survived	survived	equivalent	survived	survived
559	host	cnot0	killed_fast	killed	-	-	-	-
560	host	const0	survived	survived	survived	equivalent	survived	survived
561	host	cnot1	survived	survived	survived	equivalent	survived	survived
562	host	const0	killed_fast	killed	-	-	-	-
563	host	inv	killed_fast	killed	-	-	-	-
564	host	cnot1	killed_fast	killed	-	-	-	-
565	host	inv	survived	survived	survived	not_proven	survived	survived
566	host	const1	killed_fast	killed	-	-	-	-
567	host	cnot1	killed_fast	killed	-	-	-	-
568	host	cnot0	killed_full	survived	killed	-	-	-
569	host	const0	killed_fast	killed	-	-	-	-
570	host	inv	survived	survived	survived	not_proven	survived	survived
571	host	inv	killed_fast	killed	-	-	-	-
572	host	const1	killed_fast	killed	-	-	-	-
573	host	inv	killed_fast	killed	-	-	-	-
574	host	inv	killed_fast	killed	-	-	-	-
575	host	inv	killed_full	survived	killed	-	-	-
576	host	inv	killed_fast	killed	-	-	-	-
577	host	const0	killed_fast	killed	-	-	-	-
578	host	const1	killed_fast	killed	-	-	-	-
579	host	const0	killed_fast	killed	-	-	-	-
580	host	cnot1	survived	survived	survived	not_proven	survived	survived
581	host	const1	killed_fast	killed	-	-	-	-
582	host	const1	killed_fast	killed	-	-	-	-
583	host	inv	killed_fast	killed	-	-	-	-
584	host	inv	killed_fast	killed	-	-	-	-
585	host	inv	killed_fast	killed	-	-	-	-
586	host	const1	killed_fast	killed	-	-	-	-
587	host	inv	killed_fast	killed	-	-	-	-
588	host	cnot1	killed_fast	killed	-	-	-	-
589	host	const1	killed_fast	killed	-	-	-	-
590	host	inv	killed_fast	killed	-	-	-	-
591	host	cnot0	killed_fast	killed	-	-	-	-
592	host	const1	killed_fast	killed	-	-	-	-
593	host	const1	killed_fast	killed	-	-	-	-
594	host	const0	killed_fast	killed	-	-	-	-
595	host	const0	killed_fast	killed	-	-	-	-
596	host	cnot0	killed_fast	killed	-	-	-	-
597	host	const1	killed_fast	killed	-	-	-	-
598	host	const0	survived	survived	survived	equivalent	survived	survived
599	host	const1	killed_fast	killed	-	-	-	-
600	host	cnot1	survived	survived	survived	equivalent	survived	survived
601	host	cnot1	killed_fast	killed	-	-	-	-
602	host	const1	killed_fast	killed	-	-	-	-
603	host	const1	killed_fast	killed	-	-	-	-
604	host	inv	killed_fast	killed	-	-	-	-
605	host	const0	killed_fast	killed	-	-	-	-
606	host	inv	killed_fast	killed	-	-	-	-
607	host	inv	killed_full	survived	killed	-	-	-
608	host	const0	survived	survived	survived	not_proven	survived	survived
609	host	const0	killed_fast	killed	-	-	-	-
610	host	inv	killed_fast	killed	-	-	-	-
611	host	cnot0	killed_fast	killed	-	-	-	-
612	host	cnot0	killed_fast	killed	-	-	-	-
613	host	cnot0	killed_fast	killed	-	-	-	-
614	host	const0	survived	survived	survived	not_proven	survived	survived
615	host	const1	killed_fast	killed	-	-	-	-
616	host	const1	survived	survived	survived	equivalent	survived	survived
617	host	inv	killed_fast	killed	-	-	-	-
618	host	inv	survived	survived	survived	not_proven	survived	survived
619	host	const0	killed_fast	killed	-	-	-	-
620	host	const1	killed_fast	killed	-	-	-	-
621	host	const1	survived	survived	survived	not_proven	survived	survived
622	host	cnot1	survived	survived	survived	equivalent	survived	survived
623	host	cnot0	killed_fast	killed	-	-	-	-
624	host	const1	killed_fast	killed	-	-	-	-
625	host	const0	survived	survived	survived	equivalent	survived	survived
626	host	cnot1	killed_fast	killed	-	-	-	-
627	host	cnot1	killed_fast	killed	-	-	-	-
628	host	const1	killed_fast	killed	-	-	-	-
629	host	const0	killed_fast	killed	-	-	-	-
630	host	const1	killed_fast	killed	-	-	-	-
631	host	const1	killed_fast	killed	-	-	-	-
632	host	inv	killed_fast	killed	-	-	-	-
633	host	inv	killed_full	survived	killed	-	-	-
634	host	const0	killed_fast	killed	-	-	-	-
635	host	const0	killed_fast	killed	-	-	-	-
636	host	const1	killed_fast	killed	-	-	-	-
637	host	inv	killed_fast	killed	-	-	-	-
638	host	inv	killed_fast	killed	-	-	-	-
639	host	cnot0	killed_fast	killed	-	-	-	-
640	host	const1	killed_fast	killed	-	-	-	-
641	host	const0	killed_fast	killed	-	-	-	-
642	host	cnot1	survived	survived	survived	not_proven	survived	survived
643	host	const1	killed_fast	killed	-	-	-	-
644	host	inv	killed_fast	killed	-	-	-	-
645	host	cnot1	survived	survived	survived	equivalent	survived	survived
646	host	cnot0	killed_fast	killed	-	-	-	-
647	host	const0	killed_fast	killed	-	-	-	-
648	host	const0	killed_fast	killed	-	-	-	-
649	host	const1	killed_fast	killed	-	-	-	-
650	host	cnot0	killed_fast	killed	-	-	-	-
651	host	const1	killed_fast	killed	-	-	-	-
652	host	const1	killed_fast	killed	-	-	-	-
653	host	inv	killed_fast	killed	-	-	-	-
654	host	const1	killed_fast	killed	-	-	-	-
655	host	cnot0	killed_fast	killed	-	-	-	-
656	host	const1	killed_fast	killed	-	-	-	-
657	host	cnot0	killed_full	survived	killed	-	-	-
658	host	inv	killed_fast	killed	-	-	-	-
659	host	cnot1	killed_fast	killed	-	-	-	-
660	host	inv	killed_fast	killed	-	-	-	-
661	host	cnot1	killed_fast	killed	-	-	-	-
662	host	const0	killed_fast	killed	-	-	-	-
663	host	const0	survived	survived	survived	not_proven	survived	survived
664	host	cnot0	killed_fast	killed	-	-	-	-
665	host	const0	survived	survived	survived	equivalent	survived	survived
666	host	inv	killed_fast	killed	-	-	-	-
667	host	const1	killed_fast	killed	-	-	-	-
668	host	inv	killed_fast	killed	-	-	-	-
669	host	inv	killed_fast	killed	-	-	-	-
670	host	cnot0	killed_fast	killed	-	-	-	-
671	host	inv	killed_fast	killed	-	-	-	-
672	host	const1	killed_fast	killed	-	-	-	-
673	host	inv	killed_fast	killed	-	-	-	-
674	host	inv	survived	survived	survived	not_proven	survived	survived
675	host	const0	survived	survived	survived	equivalent	survived	survived
676	host	inv	killed_fast	killed	-	-	-	-
677	host	inv	killed_fast	killed	-	-	-	-
678	host	cnot1	killed_fast	killed	-	-	-	-
679	host	cnot1	killed_fast	killed	-	-	-	-
680	host	const0	killed_fast	killed	-	-	-	-
681	host	const1	killed_fast	killed	-	-	-	-
682	host	cnot1	survived	survived	survived	equivalent	survived	survived
683	host	const1	killed_fast	killed	-	-	-	-
684	host	inv	killed_fast	killed	-	-	-	-
685	host	inv	killed_fast	killed	-	-	-	-
686	host	inv	killed_fast	killed	-	-	-	-
687	host	inv	killed_fast	killed	-	-	-	-
688	host	inv	killed_fast	killed	-	-	-	-
689	host	const1	killed_fast	killed	-	-	-	-
690	host	inv	killed_fast	killed	-	-	-	-
691	host	const1	killed_fast	killed	-	-	-	-
692	host	const1	killed_fast	killed	-	-	-	-
693	host	const0	killed_fast	killed	-	-	-	-
694	host	const1	killed_fast	killed	-	-	-	-
695	host	const0	killed_fast	killed	-	-	-	-
696	host	const0	survived	survived	survived	not_proven	survived	killed
697	host	cnot1	survived	survived	survived	equivalent	survived	survived
698	host	inv	killed_fast	killed	-	-	-	-
699	host	const1	killed_fast	killed	-	-	-	-
700	host	inv	killed_fast	killed	-	-	-	-
701	host	const1	killed_fast	killed	-	-	-	-
702	host	const1	killed_fast	killed	-	-	-	-
703	host	cnot1	killed_fast	killed	-	-	-	-
704	host	cnot1	survived	survived	survived	equivalent	survived	survived
705	host	cnot1	survived	survived	survived	not_proven	killed	survived
706	host	const0	killed_fast	killed	-	-	-	-
707	host	const1	killed_fast	killed	-	-	-	-
708	host	const1	killed_fast	killed	-	-	-	-
709	host	cnot0	killed_fast	killed	-	-	-	-
710	host	cnot0	killed_fast	killed	-	-	-	-
711	host	const0	survived	survived	survived	equivalent	survived	survived
712	host	const0	killed_fast	killed	-	-	-	-
713	host	const0	killed_fast	killed	-	-	-	-
714	host	inv	killed_fast	killed	-	-	-	-
715	host	cnot1	killed_fast	killed	-	-	-	-
716	host	cnot0	killed_fast	killed	-	-	-	-
717	host	inv	survived	survived	survived	not_proven	survived	survived
718	host	inv	killed_fast	killed	-	-	-	-
719	host	const0	killed_fast	killed	-	-	-	-
720	host	const1	killed_fast	killed	-	-	-	-
721	host	inv	killed_fast	killed	-	-	-	-
722	host	cnot1	survived	survived	survived	equivalent	survived	survived
723	host	inv	killed_fast	killed	-	-	-	-
724	host	inv	killed_fast	killed	-	-	-	-
725	host	const0	killed_fast	killed	-	-	-	-
726	host	inv	killed_fast	killed	-	-	-	-
727	host	cnot1	survived	survived	survived	not_proven	killed	survived
728	host	const1	killed_fast	killed	-	-	-	-
729	host	const0	survived	survived	survived	not_proven	survived	survived
730	host	inv	killed_fast	killed	-	-	-	-
731	host	cnot0	killed_fast	killed	-	-	-	-
732	host	const1	killed_fast	killed	-	-	-	-
733	host	inv	killed_fast	killed	-	-	-	-
734	host	const1	killed_fast	killed	-	-	-	-
735	host	const1	killed_fast	killed	-	-	-	-
736	host	cnot1	survived	survived	survived	equivalent	survived	survived
737	host	inv	killed_fast	killed	-	-	-	-
738	host	const1	killed_fast	killed	-	-	-	-
739	host	const1	killed_fast	killed	-	-	-	-
740	host	const1	killed_full	survived	killed	-	-	-
741	host	inv	killed_fast	killed	-	-	-	-
742	host	const1	killed_full	survived	killed	-	-	-
743	host	const0	killed_fast	killed	-	-	-	-
744	host	inv	killed_fast	killed	-	-	-	-
745	host	inv	killed_fast	killed	-	-	-	-
746	host	const1	killed_full	survived	killed	-	-	-
747	host	cnot1	survived	survived	survived	equivalent	survived	survived
748	host	inv	killed_fast	killed	-	-	-	-
749	host	cnot1	survived	survived	survived	equivalent	survived	survived
750	host	inv	killed_fast	killed	-	-	-	-
751	host	const1	killed_fast	killed	-	-	-	-
752	host	const0	survived	survived	survived	equivalent	survived	survived
753	host	inv	killed_fast	killed	-	-	-	-
754	host	const1	killed_fast	killed	-	-	-	-
755	host	cnot1	killed_fast	killed	-	-	-	-
756	host	inv	killed_fast	killed	-	-	-	-
757	host	const1	killed_full	survived	killed	-	-	-
758	host	const1	killed_fast	killed	-	-	-	-
759	host	inv	killed_fast	killed	-	-	-	-
760	host	const1	killed_fast	killed	-	-	-	-
761	host	inv	killed_fast	killed	-	-	-	-
762	host	const0	killed_fast	killed	-	-	-	-
763	host	cnot1	killed_fast	killed	-	-	-	-
764	host	const0	killed_fast	killed	-	-	-	-
765	host	cnot0	killed_fast	killed	-	-	-	-
766	host	const0	killed_fast	killed	-	-	-	-
767	host	cnot1	killed_full	survived	killed	-	-	-
768	host	inv	killed_fast	killed	-	-	-	-
769	host	const0	killed_fast	killed	-	-	-	-
770	host	inv	killed_fast	killed	-	-	-	-
771	host	inv	killed_fast	killed	-	-	-	-
772	host	cnot1	killed_fast	killed	-	-	-	-
773	host	inv	killed_fast	killed	-	-	-	-
774	host	inv	killed_fast	killed	-	-	-	-
775	host	const0	killed_fast	killed	-	-	-	-
776	host	inv	killed_fast	killed	-	-	-	-
777	host	cnot0	killed_fast	killed	-	-	-	-
778	host	inv	killed_fast	killed	-	-	-	-
779	host	inv	killed_fast	killed	-	-	-	-
780	host	const1	survived	survived	survived	equivalent	survived	survived
781	host	const0	killed_fast	killed	-	-	-	-
782	host	const1	killed_fast	killed	-	-	-	-
783	host	const1	killed_fast	killed	-	-	-	-
784	host	const0	killed_full	survived	killed	-	-	-
785	host	inv	killed_fast	killed	-	-	-	-
786	host	inv	killed_fast	killed	-	-	-	-
787	host	cnot0	killed_fast	killed	-	-	-	-
788	host	inv	killed_fast	killed	-	-	-	-
789	host	const0	killed_fast	killed	-	-	-	-
790	host	inv	killed_fast	killed	-	-	-	-
791	host	const1	killed_fast	killed	-	-	-	-
792	host	const0	killed_fast	killed	-	-	-	-
793	host	inv	killed_fast	killed	-	-	-	-
794	host	inv	killed_fast	killed	-	-	-	-
795	host	const0	killed_fast	killed	-	-	-	-
796	host	inv	killed_fast	killed	-	-	-	-
797	host	const0	killed_full	survived	killed	-	-	-
798	host	cnot1	killed_fast	killed	-	-	-	-
799	host	const1	killed_fast	killed	-	-	-	-
800	host	const0	killed_fast	killed	-	-	-	-
801	host	inv	killed_fast	killed	-	-	-	-
802	host	inv	killed_fast	killed	-	-	-	-
803	host	const1	killed_fast	killed	-	-	-	-
804	host	const0	killed_full	survived	killed	-	-	-
805	host	inv	killed_fast	killed	-	-	-	-
806	host	const0	killed_fast	killed	-	-	-	-
807	host	const0	killed_fast	killed	-	-	-	-
808	host	cnot0	killed_fast	killed	-	-	-	-
809	host	inv	killed_fast	killed	-	-	-	-
810	host	inv	killed_fast	killed	-	-	-	-
811	host	const0	killed_fast	killed	-	-	-	-
812	host	const0	killed_fast	killed	-	-	-	-
813	host	const1	killed_fast	killed	-	-	-	-
814	host	inv	killed_fast	killed	-	-	-	-
815	host	const1	killed_full	survived	killed	-	-	-
816	host	const0	killed_fast	killed	-	-	-	-
817	host	const1	killed_fast	killed	-	-	-	-
818	host	const0	survived	survived	survived	not_proven	survived	survived
819	host	const1	killed_fast	killed	-	-	-	-
820	host	const0	killed_fast	killed	-	-	-	-
821	host	inv	killed_fast	killed	-	-	-	-
822	host	cnot0	killed_fast	killed	-	-	-	-
823	host	inv	killed_fast	killed	-	-	-	-
824	host	const1	killed_fast	killed	-	-	-	-
825	host	const1	survived	survived	survived	not_proven	survived	survived
826	host	const0	killed_fast	killed	-	-	-	-
827	host	inv	killed_fast	killed	-	-	-	-
828	host	inv	killed_fast	killed	-	-	-	-
829	host	cnot1	survived	survived	survived	equivalent	survived	survived
830	host	inv	killed_fast	killed	-	-	-	-
831	host	const1	killed_fast	killed	-	-	-	-
832	host	const0	survived	survived	survived	equivalent	survived	survived
833	host	const1	survived	survived	survived	not_proven	killed	survived
834	host	const0	killed_fast	killed	-	-	-	-
835	host	const0	killed_fast	killed	-	-	-	-
836	host	const0	killed_fast	killed	-	-	-	-
837	host	const0	killed_fast	killed	-	-	-	-
838	host	cnot1	killed_fast	killed	-	-	-	-
839	host	inv	killed_fast	killed	-	-	-	-
840	host	inv	killed_fast	killed	-	-	-	-
841	host	const0	killed_fast	killed	-	-	-	-
842	host	const0	killed_fast	killed	-	-	-	-
843	host	const0	killed_fast	killed	-	-	-	-
844	host	const0	killed_fast	killed	-	-	-	-
845	host	inv	killed_fast	killed	-	-	-	-
846	host	const1	killed_full	survived	killed	-	-	-
847	host	const1	killed_fast	killed	-	-	-	-
848	host	const1	killed_full	survived	killed	-	-	-
849	host	const1	killed_fast	killed	-	-	-	-
850	host	inv	killed_fast	killed	-	-	-	-
851	host	cnot0	survived	survived	survived	equivalent	survived	survived
852	host	cnot1	survived	survived	survived	not_proven	survived	killed
853	host	const0	killed_fast	killed	-	-	-	-
854	host	const1	killed_fast	killed	-	-	-	-
855	host	cnot1	survived	survived	survived	equivalent	survived	survived
856	host	const0	survived	survived	survived	not_proven	killed	survived
857	host	const0	killed_fast	killed	-	-	-	-
858	host	inv	killed_fast	killed	-	-	-	-
859	host	inv	killed_fast	killed	-	-	-	-
860	host	const0	killed_fast	killed	-	-	-	-
861	host	const0	survived	survived	survived	equivalent	survived	survived
862	host	inv	killed_fast	killed	-	-	-	-
863	host	inv	killed_fast	killed	-	-	-	-
864	host	inv	killed_fast	killed	-	-	-	-
865	host	inv	killed_fast	killed	-	-	-	-
866	host	inv	killed_fast	killed	-	-	-	-
867	host	const1	survived	survived	survived	not_proven	survived	survived
868	host	inv	killed_fast	killed	-	-	-	-
869	host	inv	killed_fast	killed	-	-	-	-
870	host	inv	killed_fast	killed	-	-	-	-
871	host	const0	killed_fast	killed	-	-	-	-
872	host	const0	killed_fast	killed	-	-	-	-
873	host	const1	killed_fast	killed	-	-	-	-
874	host	inv	killed_fast	killed	-	-	-	-
875	host	inv	killed_fast	killed	-	-	-	-
876	host	inv	killed_fast	killed	-	-	-	-
877	host	const1	killed_fast	killed	-	-	-	-
878	host	const0	killed_fast	killed	-	-	-	-
879	host	const1	killed_fast	killed	-	-	-	-
880	host	inv	killed_fast	killed	-	-	-	-
881	host	inv	killed_fast	killed	-	-	-	-
882	host	const0	killed_fast	killed	-	-	-	-
883	host	const1	killed_fast	killed	-	-	-	-
884	host	cnot0	killed_fast	killed	-	-	-	-
885	host	const0	killed_fast	killed	-	-	-	-
886	host	const1	killed_fast	killed	-	-	-	-
887	host	cnot1	killed_fast	killed	-	-	-	-
888	host	const0	killed_fast	killed	-	-	-	-
889	host	const0	killed_fast	killed	-	-	-	-
890	host	const0	killed_full	survived	killed	-	-	-
891	host	const1	killed_fast	killed	-	-	-	-
892	host	const1	killed_fast	killed	-	-	-	-
893	host	const0	killed_fast	killed	-	-	-	-
894	host	cnot0	killed_fast	killed	-	-	-	-
895	host	const1	killed_fast	killed	-	-	-	-
896	host	const1	killed_fast	killed	-	-	-	-
897	host	inv	killed_fast	killed	-	-	-	-
898	host	const1	killed_fast	killed	-	-	-	-
899	host	const0	killed_fast	killed	-	-	-	-
900	host	inv	killed_fast	killed	-	-	-	-
901	host	const0	killed_fast	killed	-	-	-	-
902	host	inv	killed_full	survived	killed	-	-	-
903	host	inv	killed_fast	killed	-	-	-	-
904	host	inv	killed_fast	killed	-	-	-	-
905	host	const0	killed_fast	killed	-	-	-	-
906	host	const0	killed_fast	killed	-	-	-	-
907	host	inv	killed_fast	killed	-	-	-	-
908	host	inv	killed_fast	killed	-	-	-	-
909	host	inv	killed_fast	killed	-	-	-	-
910	host	inv	killed_fast	killed	-	-	-	-
911	host	inv	killed_fast	killed	-	-	-	-
912	host	const1	killed_fast	killed	-	-	-	-
913	host	inv	killed_fast	killed	-	-	-	-
914	host	const1	killed_fast	killed	-	-	-	-
915	host	cnot1	survived	survived	survived	equivalent	survived	survived
916	host	const1	killed_fast	killed	-	-	-	-
917	host	inv	killed_fast	killed	-	-	-	-
918	host	inv	killed_fast	killed	-	-	-	-
919	host	inv	killed_fast	killed	-	-	-	-
920	host	const0	killed_fast	killed	-	-	-	-
921	host	const1	killed_full	survived	killed	-	-	-
922	host	const1	killed_fast	killed	-	-	-	-
923	host	inv	killed_fast	killed	-	-	-	-
924	host	const0	killed_fast	killed	-	-	-	-
925	host	const0	killed_fast	killed	-	-	-	-
926	host	inv	killed_fast	killed	-	-	-	-
927	host	const1	killed_fast	killed	-	-	-	-
928	host	const0	killed_fast	killed	-	-	-	-
929	host	inv	killed_fast	killed	-	-	-	-
930	host	const0	killed_fast	killed	-	-	-	-
931	host	const0	killed_fast	killed	-	-	-	-
932	host	const0	survived	survived	survived	not_proven	survived	survived
933	host	inv	killed_fast	killed	-	-	-	-
934	host	const0	killed_fast	killed	-	-	-	-
935	host	const1	killed_fast	killed	-	-	-	-
936	host	inv	killed_fast	killed	-	-	-	-
937	host	const1	killed_fast	killed	-	-	-	-
938	host	inv	killed_fast	killed	-	-	-	-
939	host	inv	killed_fast	killed	-	-	-	-
940	host	const1	killed_fast	killed	-	-	-	-
941	host	inv	killed_fast	killed	-	-	-	-
942	host	const1	killed_fast	killed	-	-	-	-
943	host	const1	killed_fast	killed	-	-	-	-
944	host	const1	killed_fast	killed	-	-	-	-
945	host	inv	killed_fast	killed	-	-	-	-
946	host	const1	killed_full	survived	killed	-	-	-
947	host	const0	killed_full	survived	killed	-	-	-
948	host	const0	killed_fast	killed	-	-	-	-
949	host	inv	killed_fast	killed	-	-	-	-
950	host	inv	killed_full	survived	killed	-	-	-
951	mover	inv	killed_fast	killed	-	-	-	-
952	mover	const0	survived	survived	survived	not_proven	survived	killed
953	mover	cnot0	killed_full	survived	killed	-	-	-
954	mover	cnot0	killed_fast	killed	-	-	-	-
955	mover	cnot1	survived	survived	survived	not_proven	survived	survived
956	mover	const1	survived	survived	survived	equivalent	survived	survived
957	mover	inv	killed_fast	killed	-	-	-	-
958	mover	cnot0	killed_fast	killed	-	-	-	-
959	mover	cnot1	survived	survived	survived	not_proven	survived	survived
960	mover	const0	killed_full	survived	killed	-	-	-
961	mover	cnot0	killed_fast	killed	-	-	-	-
962	mover	const0	survived	survived	survived	not_proven	survived	survived
963	mover	inv	killed_full	survived	killed	-	-	-
964	mover	const1	survived	survived	survived	not_proven	survived	survived
965	mover	inv	killed_fast	killed	-	-	-	-
966	mover	const0	killed_full	survived	killed	-	-	-
967	mover	inv	killed_full	survived	killed	-	-	-
968	mover	const1	survived	survived	survived	not_proven	survived	survived
969	mover	const0	killed_fast	killed	-	-	-	-
970	mover	const1	survived	survived	survived	not_proven	killed	survived
971	mover	const1	killed_fast	killed	-	-	-	-
972	mover	const1	killed_fast	killed	-	-	-	-
973	mover	const0	killed_fast	killed	-	-	-	-
974	mover	inv	killed_fast	killed	-	-	-	-
975	mover	cnot0	killed_fast	killed	-	-	-	-
976	mover	inv	killed_fast	killed	-	-	-	-
977	mover	cnot1	killed_full	survived	killed	-	-	-
978	mover	cnot0	killed_full	survived	killed	-	-	-
979	mover	const1	survived	survived	survived	not_proven	survived	survived
980	mover	const0	killed_full	survived	killed	-	-	-
981	mover	const0	survived	survived	survived	not_proven	survived	survived
982	mover	const1	killed_fast	killed	-	-	-	-
983	mover	const0	killed_full	survived	killed	-	-	-
984	mover	const1	killed_fast	killed	-	-	-	-
985	mover	cnot1	survived	survived	survived	not_proven	survived	survived
986	mover	const1	killed_fast	killed	-	-	-	-
987	mover	cnot0	killed_fast	killed	-	-	-	-
988	mover	const1	killed_fast	killed	-	-	-	-
989	mover	cnot1	survived	survived	survived	not_proven	survived	survived
990	mover	const0	survived	survived	survived	not_proven	survived	survived
991	mover	inv	killed_full	survived	killed	-	-	-
992	mover	cnot0	killed_fast	killed	-	-	-	-
993	mover	const1	killed_fast	killed	-	-	-	-
994	mover	inv	killed_fast	killed	-	-	-	-
995	mover	const1	survived	survived	survived	not_proven	survived	survived
996	mover	cnot0	survived	survived	survived	not_proven	survived	survived
997	mover	const0	survived	survived	survived	not_proven	survived	survived
998	mover	inv	survived	survived	survived	not_proven	survived	survived
999	mover	const1	killed_fast	killed	-	-	-	-
1000	mover	const0	survived	survived	survived	not_proven	survived	survived
1001	mover	inv	killed_fast	killed	-	-	-	-
1002	mover	inv	killed_fast	killed	-	-	-	-
1003	mover	const0	killed_full	survived	killed	-	-	-
1004	mover	inv	killed_fast	killed	-	-	-	-
1005	mover	cnot1	survived	survived	survived	not_proven	survived	survived
1006	mover	const1	killed_fast	killed	-	-	-	-
1007	mover	const1	killed_fast	killed	-	-	-	-
1008	mover	const0	survived	survived	survived	not_proven	survived	survived
1009	mover	cnot0	killed_fast	killed	-	-	-	-
1010	mover	inv	killed_fast	killed	-	-	-	-
1011	mover	inv	killed_full	survived	killed	-	-	-
1012	mover	cnot0	killed_fast	killed	-	-	-	-
1013	mover	inv	killed_fast	killed	-	-	-	-
1014	mover	const0	killed_fast	killed	-	-	-	-
1015	mover	cnot0	killed_fast	killed	-	-	-	-
1016	mover	cnot1	survived	survived	survived	equivalent	survived	survived
1017	mover	const0	killed_fast	killed	-	-	-	-
1018	mover	inv	killed_fast	killed	-	-	-	-
1019	mover	const1	killed_fast	killed	-	-	-	-
1020	mover	const1	killed_full	survived	killed	-	-	-
1021	mover	inv	killed_fast	killed	-	-	-	-
1022	mover	inv	survived	survived	survived	not_proven	survived	survived
1023	mover	cnot0	killed_fast	killed	-	-	-	-
1024	mover	const1	survived	survived	survived	not_proven	survived	survived
1025	mover	inv	killed_full	survived	killed	-	-	-
1026	mover	const0	killed_full	survived	killed	-	-	-
1027	mover	cnot0	killed_full	survived	killed	-	-	-
1028	mover	inv	killed_fast	killed	-	-	-	-
1029	mover	const0	killed_full	survived	killed	-	-	-
1030	mover	inv	killed_full	survived	killed	-	-	-
1031	mover	const1	killed_full	survived	killed	-	-	-
1032	mover	cnot1	survived	survived	survived	not_proven	survived	survived
1033	mover	const1	killed_full	survived	killed	-	-	-
1034	mover	inv	killed_full	survived	killed	-	-	-
1035	mover	const0	killed_full	survived	killed	-	-	-
1036	mover	cnot1	survived	survived	survived	not_proven	survived	survived
1037	mover	const1	survived	survived	survived	not_proven	survived	survived
1038	mover	const0	survived	survived	survived	not_proven	survived	survived
1039	mover	const1	killed_fast	killed	-	-	-	-
1040	mover	const0	survived	survived	survived	equivalent	survived	survived
1041	mover	const0	survived	survived	survived	not_proven	survived	survived
1042	mover	const1	survived	survived	survived	not_proven	survived	survived
1043	mover	const0	killed_full	survived	killed	-	-	-
1044	mover	const1	killed_fast	killed	-	-	-	-
1045	mover	const0	survived	survived	survived	not_proven	killed	survived
1046	mover	const0	killed_fast	killed	-	-	-	-
1047	mover	inv	killed_fast	killed	-	-	-	-
1048	mover	inv	killed_fast	killed	-	-	-	-
1049	mover	const1	killed_full	survived	killed	-	-	-
1050	mover	inv	killed_fast	killed	-	-	-	-
1051	mover	const1	killed_fast	killed	-	-	-	-
1052	mover	const1	killed_fast	killed	-	-	-	-
1053	mover	inv	killed_fast	killed	-	-	-	-
1054	mover	const0	survived	survived	survived	not_proven	survived	survived
1055	mover	inv	killed_full	survived	killed	-	-	-
1056	mover	const0	killed_fast	killed	-	-	-	-
1057	mover	const1	killed_full	survived	killed	-	-	-
1058	mover	const1	killed_full	survived	killed	-	-	-
1059	mover	const0	survived	survived	survived	not_proven	killed	survived
1060	mover	inv	killed_fast	killed	-	-	-	-
1061	mover	const1	killed_full	survived	killed	-	-	-
1062	mover	inv	killed_fast	killed	-	-	-	-
1063	mover	inv	survived	survived	survived	not_proven	survived	survived
1064	mover	const1	killed_fast	killed	-	-	-	-
1065	mover	inv	killed_fast	killed	-	-	-	-
1066	mover	const1	killed_fast	killed	-	-	-	-
1067	mover	inv	killed_fast	killed	-	-	-	-
1068	mover	const1	killed_fast	killed	-	-	-	-
1069	mover	inv	killed_fast	killed	-	-	-	-
1070	mover	const0	killed_full	survived	killed	-	-	-
1071	mover	const0	survived	survived	survived	not_proven	survived	survived
1072	mover	inv	killed_full	survived	killed	-	-	-
1073	mover	const0	killed_fast	killed	-	-	-	-
1074	mover	inv	killed_full	survived	killed	-	-	-
1075	mover	const0	killed_full	survived	killed	-	-	-
1076	mover	inv	killed_fast	killed	-	-	-	-
1077	mover	inv	killed_fast	killed	-	-	-	-
1078	mover	const0	killed_fast	killed	-	-	-	-
1079	mover	inv	killed_fast	killed	-	-	-	-
1080	mover	inv	killed_fast	killed	-	-	-	-
1081	mover	const0	killed_fast	killed	-	-	-	-
1082	mover	inv	killed_fast	killed	-	-	-	-
1083	mover	inv	killed_fast	killed	-	-	-	-
1084	mover	const1	survived	survived	survived	not_proven	survived	survived
1085	mover	inv	killed_fast	killed	-	-	-	-
1086	mover	const0	killed_full	survived	killed	-	-	-
1087	mover	const0	killed_full	survived	killed	-	-	-
1088	mover	inv	killed_fast	killed	-	-	-	-
1089	mover	inv	killed_fast	killed	-	-	-	-
1090	mover	const1	killed_fast	killed	-	-	-	-
1091	mover	inv	killed_fast	killed	-	-	-	-
1092	mover	inv	killed_full	survived	killed	-	-	-
1093	mover	const0	survived	survived	survived	not_proven	survived	survived
1094	mover	const1	killed_full	survived	killed	-	-	-
1095	mover	const1	killed_fast	killed	-	-	-	-
1096	mover	const1	killed_full	survived	killed	-	-	-
1097	mover	inv	killed_fast	killed	-	-	-	-
1098	mover	const1	survived	survived	survived	not_proven	survived	survived
1099	mover	const1	killed_fast	killed	-	-	-	-
1100	mover	const0	killed_full	survived	killed	-	-	-
1101	mover	const0	survived	survived	survived	not_proven	survived	survived
1102	mover	const1	killed_full	survived	killed	-	-	-
1103	mover	const1	survived	survived	survived	not_proven	survived	survived
1104	mover	cnot1	survived	survived	survived	not_proven	survived	survived
1105	mover	const0	survived	survived	survived	not_proven	survived	survived
1106	mover	inv	killed_full	survived	killed	-	-	-
1107	mover	const1	killed_fast	killed	-	-	-	-
1108	mover	const1	killed_full	survived	killed	-	-	-
1109	mover	const0	killed_full	survived	killed	-	-	-
1110	mover	const0	killed_fast	killed	-	-	-	-
1111	mover	inv	survived	survived	survived	not_proven	killed	survived
1112	mover	const0	survived	survived	survived	not_proven	killed	survived
1113	mover	const1	survived	survived	survived	not_proven	survived	survived
1114	mover	const0	survived	survived	survived	not_proven	killed	survived
1115	mover	const1	killed_fast	killed	-	-	-	-
1116	mover	const1	survived	survived	survived	not_proven	survived	survived
1117	mover	const1	killed_fast	killed	-	-	-	-
1118	mover	cnot1	killed_fast	killed	-	-	-	-
1119	mover	inv	killed_fast	killed	-	-	-	-
1120	mover	inv	killed_fast	killed	-	-	-	-
1121	mover	const0	killed_fast	killed	-	-	-	-
1122	mover	const1	killed_fast	killed	-	-	-	-
1123	mover	inv	killed_full	survived	killed	-	-	-
1124	mover	const1	survived	survived	survived	equivalent	survived	survived
1125	mover	const1	killed_fast	killed	-	-	-	-
1126	mover	cnot1	survived	survived	survived	not_proven	survived	survived
1127	mover	const0	survived	survived	survived	not_proven	killed	survived
1128	mover	cnot0	killed_fast	killed	-	-	-	-
1129	mover	inv	killed_fast	killed	-	-	-	-
1130	mover	const1	survived	survived	survived	not_proven	survived	survived
1131	mover	const1	survived	survived	survived	not_proven	survived	survived
1132	mover	inv	killed_full	survived	killed	-	-	-
1133	mover	const0	survived	survived	survived	not_proven	survived	survived
1134	mover	const0	killed_full	survived	killed	-	-	-
1135	mover	const1	killed_fast	killed	-	-	-	-
1136	mover	inv	killed_full	survived	killed	-	-	-
1137	mover	cnot1	survived	survived	survived	equivalent	survived	survived
1138	mover	const0	survived	survived	survived	not_proven	survived	survived
1139	mover	const1	killed_fast	killed	-	-	-	-
1140	mover	const0	killed_fast	killed	-	-	-	-
1141	mover	inv	killed_fast	killed	-	-	-	-
1142	mover	const1	killed_fast	killed	-	-	-	-
1143	mover	const0	killed_full	survived	killed	-	-	-
1144	mover	const1	killed_fast	killed	-	-	-	-
1145	mover	inv	killed_fast	killed	-	-	-	-
1146	mover	inv	killed_fast	killed	-	-	-	-
1147	mover	inv	killed_fast	killed	-	-	-	-
1148	mover	const1	killed_fast	killed	-	-	-	-
1149	mover	inv	killed_fast	killed	-	-	-	-
1150	mover	const0	killed_full	survived	killed	-	-	-
1151	mover	const0	killed_full	survived	killed	-	-	-
1152	mover	const0	survived	survived	survived	not_proven	survived	killed
1153	mover	const1	killed_fast	killed	-	-	-	-
1154	mover	const1	killed_fast	killed	-	-	-	-
1155	mover	const1	survived	survived	survived	not_proven	survived	survived
1156	mover	const0	killed_full	survived	killed	-	-	-
1157	mover	const0	killed_full	survived	killed	-	-	-
1158	mover	const0	survived	survived	survived	not_proven	killed	survived
1159	mover	const0	survived	survived	survived	not_proven	killed	survived
1160	mover	inv	killed_fast	killed	-	-	-	-
1161	mover	const1	survived	survived	survived	not_proven	survived	survived
1162	mover	const1	killed_fast	killed	-	-	-	-
1163	mover	const0	survived	survived	survived	not_proven	survived	survived
1164	mover	const1	killed_fast	killed	-	-	-	-
1165	mover	const0	survived	survived	survived	not_proven	survived	survived
1166	mover	inv	killed_fast	killed	-	-	-	-
1167	mover	inv	killed_fast	killed	-	-	-	-
1168	mover	inv	killed_fast	killed	-	-	-	-
1169	mover	const1	killed_full	survived	killed	-	-	-
1170	mover	const0	killed_fast	killed	-	-	-	-
1171	mover	const1	survived	survived	survived	not_proven	survived	survived
1172	mover	const1	killed_fast	killed	-	-	-	-
1173	mover	cnot1	survived	survived	survived	not_proven	survived	survived
1174	mover	inv	killed_full	survived	killed	-	-	-
1175	mover	const0	survived	survived	survived	not_proven	killed	survived
1176	mover	const0	survived	survived	survived	equivalent	survived	survived
1177	mover	const1	killed_full	survived	killed	-	-	-
1178	mover	const0	killed_fast	killed	-	-	-	-
1179	mover	inv	survived	survived	survived	not_proven	survived	survived
1180	mover	const0	killed_full	survived	killed	-	-	-
1181	mover	const1	killed_fast	killed	-	-	-	-
1182	mover	const0	killed_fast	killed	-	-	-	-
1183	mover	const0	survived	survived	survived	not_proven	survived	survived
1184	mover	inv	killed_fast	killed	-	-	-	-
1185	mover	const1	killed_fast	killed	-	-	-	-
1186	mover	inv	killed_fast	killed	-	-	-	-
1187	mover	inv	killed_fast	killed	-	-	-	-
1188	mover	inv	killed_fast	killed	-	-	-	-
1189	mover	const1	killed_fast	killed	-	-	-	-
1190	mover	inv	killed_fast	killed	-	-	-	-
1191	mover	const0	survived	survived	survived	not_proven	survived	survived
1192	mover	const1	survived	survived	survived	not_proven	survived	survived
1193	mover	const1	killed_full	survived	killed	-	-	-
1194	mover	const1	killed_full	survived	killed	-	-	-
1195	mover	inv	killed_fast	killed	-	-	-	-
1196	mover	const0	killed_fast	killed	-	-	-	-
1197	mover	inv	killed_fast	killed	-	-	-	-
1198	mover	const0	killed_full	survived	killed	-	-	-
1199	mover	const0	killed_full	survived	killed	-	-	-
1200	mover	inv	killed_full	survived	killed	-	-	-
1201	events	const0	killed_full	survived	killed	-	-	-
1202	events	const0	killed_fast	killed	-	-	-	-
1203	events	cnot1	survived	survived	survived	not_proven	survived	survived
1204	events	const1	survived	survived	survived	not_proven	survived	survived
1205	events	inv	killed_fast	killed	-	-	-	-
1206	events	const1	killed_full	survived	killed	-	-	-
1207	events	const1	killed_fast	killed	-	-	-	-
1208	events	inv	killed_fast	killed	-	-	-	-
1209	events	const1	killed_fast	killed	-	-	-	-
1210	events	const0	survived	survived	survived	not_proven	survived	survived
1211	events	const1	killed_fast	killed	-	-	-	-
1212	events	const1	killed_fast	killed	-	-	-	-
1213	events	cnot0	killed_full	survived	killed	-	-	-
1214	events	const0	killed_fast	killed	-	-	-	-
1215	events	inv	killed_fast	killed	-	-	-	-
1216	events	inv	survived	survived	survived	not_proven	killed	survived
1217	events	cnot0	killed_full	survived	killed	-	-	-
1218	events	const0	survived	survived	survived	not_proven	survived	survived
1219	events	cnot1	survived	survived	survived	equivalent	survived	survived
1220	events	const1	survived	survived	survived	not_proven	survived	survived
1221	events	inv	killed_full	survived	killed	-	-	-
1222	events	cnot1	survived	survived	survived	equivalent	survived	survived
1223	events	cnot1	killed_fast	killed	-	-	-	-
1224	events	const1	killed_fast	killed	-	-	-	-
1225	events	const1	survived	survived	survived	not_proven	survived	survived
1226	events	const0	killed_fast	killed	-	-	-	-
1227	events	const1	killed_fast	killed	-	-	-	-
1228	events	cnot1	survived	survived	survived	equivalent	survived	survived
1229	events	inv	killed_fast	killed	-	-	-	-
1230	events	const1	killed_full	survived	killed	-	-	-
1231	events	cnot0	killed_full	survived	killed	-	-	-
1232	events	const1	killed_fast	killed	-	-	-	-
1233	events	const0	survived	survived	survived	not_proven	survived	survived
1234	events	const1	killed_fast	killed	-	-	-	-
1235	events	const1	killed_fast	killed	-	-	-	-
1236	events	const0	killed_fast	killed	-	-	-	-
1237	events	const1	killed_fast	killed	-	-	-	-
1238	events	cnot1	survived	survived	survived	not_proven	killed	survived
1239	events	const1	killed_fast	killed	-	-	-	-
1240	events	inv	killed_fast	killed	-	-	-	-
1241	events	const0	survived	survived	survived	not_proven	survived	survived
1242	events	const1	killed_fast	killed	-	-	-	-
1243	events	const0	killed_fast	killed	-	-	-	-
1244	events	const0	survived	survived	survived	not_proven	killed	survived
1245	events	inv	survived	survived	survived	equivalent	survived	survived
1246	events	const0	killed_fast	killed	-	-	-	-
1247	events	inv	killed_full	survived	killed	-	-	-
1248	events	cnot1	survived	survived	survived	equivalent	survived	survived
1249	events	inv	killed_fast	killed	-	-	-	-
1250	events	const0	killed_fast	killed	-	-	-	-
1251	events	const0	killed_fast	killed	-	-	-	-
1252	events	cnot0	survived	survived	survived	equivalent	survived	survived
1253	events	const0	killed_fast	killed	-	-	-	-
1254	events	inv	killed_fast	killed	-	-	-	-
1255	events	inv	killed_fast	killed	-	-	-	-
1256	events	cnot0	killed_fast	killed	-	-	-	-
1257	events	cnot1	survived	survived	survived	equivalent	survived	survived
1258	events	const0	killed_fast	killed	-	-	-	-
1259	events	cnot1	killed_full	survived	killed	-	-	-
1260	events	inv	killed_full	survived	killed	-	-	-
1261	events	cnot1	survived	survived	survived	equivalent	survived	survived
1262	events	inv	killed_fast	killed	-	-	-	-
1263	events	inv	killed_fast	killed	-	-	-	-
1264	events	const1	killed_full	survived	killed	-	-	-
1265	events	inv	killed_fast	killed	-	-	-	-
1266	events	inv	survived	survived	survived	not_proven	killed	survived
1267	events	cnot1	survived	survived	survived	equivalent	survived	survived
1268	events	inv	killed_fast	killed	-	-	-	-
1269	events	const0	killed_fast	killed	-	-	-	-
1270	events	inv	killed_fast	killed	-	-	-	-
1271	events	cnot0	survived	survived	survived	not_proven	killed	survived
1272	events	const0	killed_fast	killed	-	-	-	-
1273	events	inv	killed_fast	killed	-	-	-	-
1274	events	inv	killed_fast	killed	-	-	-	-
1275	events	const1	killed_fast	killed	-	-	-	-
1276	events	inv	killed_full	survived	killed	-	-	-
1277	events	inv	killed_fast	killed	-	-	-	-
1278	events	cnot0	killed_fast	killed	-	-	-	-
1279	events	cnot0	killed_full	survived	killed	-	-	-
1280	events	cnot0	survived	survived	survived	equivalent	survived	survived
1281	events	cnot1	survived	survived	survived	equivalent	survived	survived
1282	events	const1	survived	survived	survived	not_proven	survived	survived
1283	events	const0	killed_full	survived	killed	-	-	-
1284	events	inv	killed_fast	killed	-	-	-	-
1285	events	const1	killed_fast	killed	-	-	-	-
1286	events	cnot0	killed_full	survived	killed	-	-	-
1287	events	const0	survived	survived	survived	not_proven	survived	survived
1288	events	cnot0	killed_fast	killed	-	-	-	-
1289	events	const0	killed_fast	killed	-	-	-	-
1290	events	const1	survived	survived	survived	not_proven	survived	survived
1291	events	cnot0	survived	survived	survived	not_proven	killed	survived
1292	events	inv	killed_fast	killed	-	-	-	-
1293	events	const0	killed_full	survived	killed	-	-	-
1294	events	const1	killed_fast	killed	-	-	-	-
1295	events	const0	survived	survived	survived	not_proven	killed	survived
1296	events	const0	killed_fast	killed	-	-	-	-
1297	events	inv	killed_fast	killed	-	-	-	-
1298	events	inv	killed_fast	killed	-	-	-	-
1299	events	const1	killed_full	survived	killed	-	-	-
1300	events	const0	killed_fast	killed	-	-	-	-
1301	events	const0	killed_fast	killed	-	-	-	-
1302	events	const1	survived	survived	survived	not_proven	survived	survived
1303	events	cnot0	killed_fast	killed	-	-	-	-
1304	events	cnot0	killed_fast	killed	-	-	-	-
1305	events	const0	killed_fast	killed	-	-	-	-
1306	events	const0	killed_fast	killed	-	-	-	-
1307	events	cnot0	killed_fast	killed	-	-	-	-
1308	events	inv	killed_full	survived	killed	-	-	-
1309	events	const0	killed_full	survived	killed	-	-	-
1310	events	const1	killed_fast	killed	-	-	-	-
1311	events	cnot0	survived	survived	survived	equivalent	survived	survived
1312	events	const1	killed_fast	killed	-	-	-	-
1313	events	const0	killed_fast	killed	-	-	-	-
1314	events	const0	survived	survived	survived	not_proven	survived	survived
1315	events	inv	killed_fast	killed	-	-	-	-
1316	events	inv	killed_full	survived	killed	-	-	-
1317	events	cnot1	survived	survived	survived	equivalent	survived	survived
1318	events	inv	killed_fast	killed	-	-	-	-
1319	events	const0	killed_fast	killed	-	-	-	-
1320	events	const1	killed_fast	killed	-	-	-	-
1321	events	inv	killed_fast	killed	-	-	-	-
1322	events	const1	killed_fast	killed	-	-	-	-
1323	events	const1	killed_full	survived	killed	-	-	-
1324	events	const1	killed_fast	killed	-	-	-	-
1325	events	inv	killed_full	survived	killed	-	-	-
1326	events	const0	killed_fast	killed	-	-	-	-
1327	events	cnot1	survived	survived	survived	equivalent	survived	survived
1328	events	const1	killed_fast	killed	-	-	-	-
1329	events	inv	killed_fast	killed	-	-	-	-
1330	events	inv	killed_full	survived	killed	-	-	-
1331	events	inv	killed_fast	killed	-	-	-	-
1332	events	const1	survived	survived	survived	equivalent	survived	survived
1333	events	const1	survived	survived	survived	not_proven	killed	survived
1334	events	const0	killed_fast	killed	-	-	-	-
1335	events	const0	killed_fast	killed	-	-	-	-
1336	events	const0	killed_full	survived	killed	-	-	-
1337	events	const1	survived	survived	survived	not_proven	killed	survived
1338	events	inv	killed_fast	killed	-	-	-	-
1339	events	cnot0	killed_fast	killed	-	-	-	-
1340	events	const0	killed_fast	killed	-	-	-	-
1341	events	inv	killed_fast	killed	-	-	-	-
1342	events	const1	survived	survived	survived	equivalent	survived	survived
1343	events	const0	survived	survived	survived	not_proven	survived	survived
1344	events	const0	survived	survived	survived	equivalent	survived	survived
1345	events	const1	survived	survived	survived	equivalent	survived	survived
1346	events	const1	killed_full	survived	killed	-	-	-
1347	events	inv	killed_fast	killed	-	-	-	-
1348	events	const0	survived	survived	survived	not_proven	survived	survived
1349	events	const0	survived	survived	survived	equivalent	survived	survived
1350	events	inv	killed_fast	killed	-	-	-	-
1351	events	cnot0	survived	survived	survived	not_proven	killed	survived
1352	events	inv	killed_fast	killed	-	-	-	-
1353	events	inv	killed_fast	killed	-	-	-	-
1354	events	const1	killed_full	survived	killed	-	-	-
1355	events	inv	killed_fast	killed	-	-	-	-
1356	events	cnot1	survived	survived	survived	not_proven	killed	survived
1357	events	inv	killed_fast	killed	-	-	-	-
1358	events	cnot1	survived	survived	survived	not_proven	killed	survived
1359	events	cnot0	killed_fast	killed	-	-	-	-
1360	events	inv	survived	survived	survived	not_proven	survived	survived
1361	events	const0	survived	survived	survived	not_proven	killed	survived
1362	events	const1	killed_fast	killed	-	-	-	-
1363	events	inv	killed_fast	killed	-	-	-	-
1364	events	inv	killed_fast	killed	-	-	-	-
1365	events	inv	killed_fast	killed	-	-	-	-
1366	events	inv	killed_fast	killed	-	-	-	-
1367	events	inv	killed_fast	killed	-	-	-	-
1368	events	const1	survived	survived	survived	not_proven	survived	survived
1369	events	const0	killed_fast	killed	-	-	-	-
1370	events	const1	killed_fast	killed	-	-	-	-
1371	events	const0	survived	survived	survived	equivalent	survived	survived
1372	events	const1	killed_fast	killed	-	-	-	-
1373	events	inv	killed_fast	killed	-	-	-	-
1374	events	cnot0	killed_fast	killed	-	-	-	-
1375	events	const0	killed_full	survived	killed	-	-	-
1376	events	const1	killed_fast	killed	-	-	-	-
1377	events	const0	killed_fast	killed	-	-	-	-
1378	events	const0	killed_fast	killed	-	-	-	-
1379	events	const1	survived	survived	survived	not_proven	killed	survived
1380	events	const0	killed_fast	killed	-	-	-	-
1381	events	const0	killed_fast	killed	-	-	-	-
1382	events	const1	killed_fast	killed	-	-	-	-
1383	events	const0	killed_fast	killed	-	-	-	-
1384	events	const1	killed_fast	killed	-	-	-	-
1385	events	const1	killed_fast	killed	-	-	-	-
1386	events	inv	killed_fast	killed	-	-	-	-
1387	events	const1	killed_fast	killed	-	-	-	-
1388	events	inv	killed_fast	killed	-	-	-	-
1389	events	cnot0	killed_fast	killed	-	-	-	-
1390	events	inv	killed_fast	killed	-	-	-	-
1391	events	const1	survived	survived	survived	not_proven	killed	survived
1392	events	const1	survived	survived	survived	not_proven	killed	survived
1393	events	const1	killed_full	survived	killed	-	-	-
1394	events	cnot1	survived	survived	survived	equivalent	survived	survived
1395	events	cnot1	survived	survived	survived	equivalent	survived	survived
1396	events	const1	killed_fast	killed	-	-	-	-
1397	events	const1	killed_fast	killed	-	-	-	-
1398	events	const0	survived	survived	survived	equivalent	survived	survived
1399	events	const1	killed_fast	killed	-	-	-	-
1400	events	cnot0	killed_fast	killed	-	-	-	-
1401	events	inv	killed_fast	killed	-	-	-	-
1402	events	const0	killed_fast	killed	-	-	-	-
1403	events	inv	survived	survived	survived	not_proven	killed	survived
1404	events	const0	killed_fast	killed	-	-	-	-
1405	events	cnot1	killed_fast	killed	-	-	-	-
1406	events	const1	killed_fast	killed	-	-	-	-
1407	events	const0	survived	survived	survived	equivalent	survived	survived
1408	events	cnot1	survived	survived	survived	equivalent	survived	survived
1409	events	inv	killed_fast	killed	-	-	-	-
1410	events	const1	killed_fast	killed	-	-	-	-
1411	events	const1	survived	survived	survived	not_proven	killed	survived
1412	events	inv	killed_fast	killed	-	-	-	-
1413	events	inv	killed_fast	killed	-	-	-	-
1414	events	const1	killed_fast	killed	-	-	-	-
1415	events	inv	killed_full	survived	killed	-	-	-
1416	events	const1	survived	survived	survived	not_proven	survived	killed
1417	events	const1	killed_fast	killed	-	-	-	-
1418	events	const1	killed_fast	killed	-	-	-	-
1419	events	cnot0	killed_full	survived	killed	-	-	-
1420	events	const1	killed_fast	killed	-	-	-	-
1421	events	inv	killed_fast	killed	-	-	-	-
1422	events	inv	killed_fast	killed	-	-	-	-
1423	events	cnot1	survived	survived	survived	equivalent	survived	survived
1424	events	const0	killed_fast	killed	-	-	-	-
1425	events	inv	killed_fast	killed	-	-	-	-
1426	events	inv	killed_fast	killed	-	-	-	-
1427	events	inv	killed_full	survived	killed	-	-	-
1428	events	const1	killed_fast	killed	-	-	-	-
1429	events	inv	killed_fast	killed	-	-	-	-
1430	events	inv	killed_fast	killed	-	-	-	-
1431	events	cnot1	killed_fast	killed	-	-	-	-
1432	events	const1	survived	survived	survived	equivalent	survived	survived
1433	events	const1	survived	survived	survived	equivalent	survived	survived
1434	events	inv	survived	survived	survived	equivalent	survived	survived
1435	events	cnot0	killed_fast	killed	-	-	-	-
1436	events	const0	survived	survived	survived	not_proven	survived	survived
1437	events	cnot0	survived	survived	survived	not_proven	killed	survived
1438	events	const0	killed_fast	killed	-	-	-	-
1439	events	inv	killed_fast	killed	-	-	-	-
1440	events	const1	killed_fast	killed	-	-	-	-
1441	events	const1	killed_fast	killed	-	-	-	-
1442	events	const0	killed_fast	killed	-	-	-	-
1443	events	cnot0	killed_full	survived	killed	-	-	-
1444	events	inv	killed_fast	killed	-	-	-	-
1445	events	const0	killed_fast	killed	-	-	-	-
1446	events	const1	killed_fast	killed	-	-	-	-
1447	events	const0	killed_full	survived	killed	-	-	-
1448	events	cnot0	killed_fast	killed	-	-	-	-
1449	events	const1	killed_fast	killed	-	-	-	-
1450	events	cnot0	killed_fast	killed	-	-	-	-
1451	events	cnot1	survived	survived	survived	equivalent	survived	survived
1452	events	const1	killed_fast	killed	-	-	-	-
1453	events	inv	killed_fast	killed	-	-	-	-
1454	events	const0	killed_fast	killed	-	-	-	-
1455	events	const0	killed_full	survived	killed	-	-	-
1456	events	inv	killed_fast	killed	-	-	-	-
1457	events	const1	killed_full	survived	killed	-	-	-
1458	events	inv	killed_fast	killed	-	-	-	-
1459	events	const0	killed_fast	killed	-	-	-	-
1460	events	const1	killed_fast	killed	-	-	-	-
1461	events	inv	killed_fast	killed	-	-	-	-
1462	events	const1	killed_fast	killed	-	-	-	-
1463	events	const1	killed_fast	killed	-	-	-	-
1464	events	const0	killed_fast	killed	-	-	-	-
1465	events	inv	killed_full	survived	killed	-	-	-
1466	events	const1	killed_fast	killed	-	-	-	-
1467	events	cnot0	killed_fast	killed	-	-	-	-
1468	events	inv	killed_fast	killed	-	-	-	-
1469	events	const1	survived	survived	survived	not_proven	survived	survived
1470	events	inv	killed_fast	killed	-	-	-	-
1471	events	const0	survived	survived	survived	equivalent	survived	survived
1472	events	const1	killed_fast	killed	-	-	-	-
1473	events	inv	killed_fast	killed	-	-	-	-
1474	events	inv	survived	survived	survived	not_proven	survived	survived
1475	events	const0	killed_fast	killed	-	-	-	-
1476	events	const0	killed_fast	killed	-	-	-	-
1477	events	inv	killed_fast	killed	-	-	-	-
1478	events	cnot0	survived	survived	survived	not_proven	killed	survived
1479	events	const1	killed_fast	killed	-	-	-	-
1480	events	const0	survived	survived	survived	not_proven	killed	survived
1481	events	cnot1	survived	survived	survived	equivalent	survived	survived
1482	events	cnot0	killed_fast	killed	-	-	-	-
1483	events	const0	killed_fast	killed	-	-	-	-
1484	events	cnot0	killed_full	survived	killed	-	-	-
1485	events	inv	killed_fast	killed	-	-	-	-
1486	events	cnot0	survived	survived	survived	not_proven	survived	survived
1487	events	const0	killed_fast	killed	-	-	-	-
1488	events	const0	killed_fast	killed	-	-	-	-
1489	events	const0	killed_fast	killed	-	-	-	-
1490	events	inv	killed_full	survived	killed	-	-	-
1491	events	const0	survived	survived	survived	not_proven	survived	survived
1492	events	const1	killed_fast	killed	-	-	-	-
1493	events	cnot0	killed_fast	killed	-	-	-	-
1494	events	const1	survived	survived	survived	not_proven	survived	survived
1495	events	const0	killed_fast	killed	-	-	-	-
1496	events	inv	killed_fast	killed	-	-	-	-
1497	events	cnot0	killed_fast	killed	-	-	-	-
1498	events	const0	killed_fast	killed	-	-	-	-
1499	events	const0	survived	survived	survived	not_proven	killed	survived
1500	events	cnot0	killed_fast	killed	-	-	-	-
1501	pins	inv	survived	survived	survived	not_proven	killed	survived
1502	pins	inv	killed_fast	killed	-	-	-	-
1503	pins	inv	killed_full	survived	killed	-	-	-
1504	pins	inv	killed_fast	killed	-	-	-	-
1505	pins	const1	killed_fast	killed	-	-	-	-
1506	pins	const0	killed_fast	killed	-	-	-	-
1507	pins	cnot0	killed_full	survived	killed	-	-	-
1508	pins	const0	killed_fast	killed	-	-	-	-
1509	pins	cnot1	killed_full	survived	killed	-	-	-
1510	pins	inv	killed_fast	killed	-	-	-	-
1511	pins	const1	killed_fast	killed	-	-	-	-
1512	pins	const1	survived	survived	survived	not_proven	killed	survived
1513	pins	const1	survived	survived	survived	not_proven	survived	survived
1514	pins	inv	killed_fast	killed	-	-	-	-
1515	pins	cnot0	killed_fast	killed	-	-	-	-
1516	pins	inv	killed_fast	killed	-	-	-	-
1517	pins	inv	killed_full	survived	killed	-	-	-
1518	pins	inv	killed_fast	killed	-	-	-	-
1519	pins	const1	killed_full	survived	killed	-	-	-
1520	pins	inv	killed_fast	killed	-	-	-	-
1521	pins	cnot1	survived	survived	survived	not_proven	survived	survived
1522	pins	inv	killed_full	survived	killed	-	-	-
1523	pins	cnot1	survived	survived	survived	not_proven	killed	survived
1524	pins	const1	survived	survived	survived	equivalent	survived	survived
1525	pins	cnot0	killed_fast	killed	-	-	-	-
1526	pins	const0	killed_full	survived	killed	-	-	-
1527	pins	const1	killed_fast	killed	-	-	-	-
1528	pins	cnot1	killed_full	survived	killed	-	-	-
1529	pins	cnot1	survived	survived	survived	not_proven	survived	survived
1530	pins	inv	killed_fast	killed	-	-	-	-
1531	pins	cnot1	killed_fast	killed	-	-	-	-
1532	pins	const1	killed_fast	killed	-	-	-	-
1533	pins	cnot0	killed_full	survived	killed	-	-	-
1534	pins	inv	killed_full	survived	killed	-	-	-
1535	pins	const1	killed_fast	killed	-	-	-	-
1536	pins	const0	survived	survived	survived	not_proven	killed	survived
1537	pins	const0	killed_full	survived	killed	-	-	-
1538	pins	cnot0	killed_full	survived	killed	-	-	-
1539	pins	inv	killed_fast	killed	-	-	-	-
1540	pins	cnot1	killed_full	survived	killed	-	-	-
1541	pins	cnot0	killed_full	survived	killed	-	-	-
1542	pins	cnot1	killed_full	survived	killed	-	-	-
1543	pins	cnot0	killed_fast	killed	-	-	-	-
1544	pins	inv	killed_fast	killed	-	-	-	-
1545	pins	cnot0	survived	survived	survived	equivalent	survived	survived
1546	pins	const1	killed_fast	killed	-	-	-	-
1547	pins	inv	killed_fast	killed	-	-	-	-
1548	pins	inv	killed_full	survived	killed	-	-	-
1549	pins	inv	survived	survived	survived	equivalent	survived	survived
1550	pins	const0	survived	survived	survived	equivalent	survived	survived
1551	pins	const1	killed_full	survived	killed	-	-	-
1552	pins	const0	survived	survived	survived	not_proven	killed	survived
1553	pins	cnot0	killed_fast	killed	-	-	-	-
1554	pins	cnot0	killed_full	survived	killed	-	-	-
1555	pins	const1	survived	survived	survived	not_proven	killed	survived
1556	pins	const1	survived	survived	survived	not_proven	killed	survived
1557	pins	inv	killed_fast	killed	-	-	-	-
1558	pins	const1	killed_fast	killed	-	-	-	-
1559	pins	const1	survived	survived	survived	equivalent	survived	survived
1560	pins	const0	killed_fast	killed	-	-	-	-
1561	pins	const1	killed_full	survived	killed	-	-	-
1562	pins	cnot0	killed_fast	killed	-	-	-	-
1563	pins	const0	killed_fast	killed	-	-	-	-
1564	pins	const1	killed_full	survived	killed	-	-	-
1565	pins	const0	killed_fast	killed	-	-	-	-
1566	pins	inv	killed_fast	killed	-	-	-	-
1567	pins	cnot1	killed_fast	killed	-	-	-	-
1568	pins	const0	killed_fast	killed	-	-	-	-
1569	pins	const1	killed_fast	killed	-	-	-	-
1570	pins	const1	survived	survived	survived	not_proven	killed	survived
1571	pins	cnot0	killed_full	survived	killed	-	-	-
1572	pins	const0	survived	survived	survived	equivalent	survived	survived
1573	pins	inv	killed_full	survived	killed	-	-	-
1574	pins	const1	killed_full	survived	killed	-	-	-
1575	pins	const0	killed_full	survived	killed	-	-	-
1576	pins	cnot0	survived	survived	survived	not_proven	survived	survived
1577	pins	inv	survived	survived	survived	not_proven	survived	survived
1578	pins	inv	survived	survived	survived	not_proven	survived	survived
1579	pins	const0	killed_full	survived	killed	-	-	-
1580	pins	const1	survived	survived	survived	not_proven	survived	survived
1581	pins	const1	killed_full	survived	killed	-	-	-
1582	pins	cnot1	survived	survived	survived	not_proven	survived	survived
1583	pins	const0	killed_full	survived	killed	-	-	-
1584	pins	cnot1	survived	survived	survived	not_proven	survived	survived
1585	pins	inv	killed_fast	killed	-	-	-	-
1586	pins	inv	killed_fast	killed	-	-	-	-
1587	pins	const1	killed_full	survived	killed	-	-	-
1588	pins	const0	killed_fast	killed	-	-	-	-
1589	pins	inv	killed_full	survived	killed	-	-	-
1590	pins	const1	killed_fast	killed	-	-	-	-
1591	pins	inv	killed_fast	killed	-	-	-	-
1592	pins	cnot1	killed_full	survived	killed	-	-	-
1593	pins	cnot0	killed_full	survived	killed	-	-	-
1594	pins	cnot0	killed_full	survived	killed	-	-	-
1595	pins	const0	survived	survived	survived	not_proven	killed	survived
1596	pins	const1	killed_fast	killed	-	-	-	-
1597	pins	const1	killed_full	survived	killed	-	-	-
1598	pins	inv	killed_fast	killed	-	-	-	-
1599	pins	cnot0	killed_full	survived	killed	-	-	-
1600	pins	const0	killed_full	survived	killed	-	-	-
1601	pins	const0	killed_full	survived	killed	-	-	-
1602	pins	const1	killed_fast	killed	-	-	-	-
1603	pins	cnot0	killed_fast	killed	-	-	-	-
1604	pins	const1	survived	survived	survived	not_proven	killed	survived
1605	pins	inv	killed_fast	killed	-	-	-	-
1606	pins	const0	killed_fast	killed	-	-	-	-
1607	pins	const1	killed_fast	killed	-	-	-	-
1608	pins	const1	killed_fast	killed	-	-	-	-
1609	pins	const1	killed_fast	killed	-	-	-	-
1610	pins	const1	killed_fast	killed	-	-	-	-
1611	pins	cnot0	killed_full	survived	killed	-	-	-
1612	pins	cnot1	survived	survived	survived	not_proven	survived	survived
1613	pins	const1	killed_fast	killed	-	-	-	-
1614	pins	inv	killed_fast	killed	-	-	-	-
1615	pins	cnot1	survived	survived	survived	not_proven	killed	survived
1616	pins	const1	killed_full	survived	killed	-	-	-
1617	pins	const0	killed_full	survived	killed	-	-	-
1618	pins	cnot1	killed_full	survived	killed	-	-	-
1619	pins	const0	killed_full	survived	killed	-	-	-
1620	pins	const0	survived	survived	survived	not_proven	survived	survived
1621	pins	cnot0	killed_fast	killed	-	-	-	-
1622	pins	inv	killed_fast	killed	-	-	-	-
1623	pins	inv	killed_fast	killed	-	-	-	-
1624	pins	const1	killed_fast	killed	-	-	-	-
1625	pins	const0	survived	survived	survived	not_proven	killed	survived
1626	pins	const0	killed_fast	killed	-	-	-	-
1627	pins	inv	killed_fast	killed	-	-	-	-
1628	pins	const1	killed_full	survived	killed	-	-	-
1629	pins	cnot0	killed_fast	killed	-	-	-	-
1630	pins	const0	killed_full	survived	killed	-	-	-
1631	pins	inv	killed_fast	killed	-	-	-	-
1632	pins	inv	killed_full	survived	killed	-	-	-
1633	pins	cnot1	killed_full	survived	killed	-	-	-
1634	pins	inv	survived	survived	survived	not_proven	survived	survived
1635	pins	cnot1	killed_full	survived	killed	-	-	-
1636	pins	cnot0	survived	survived	survived	not_proven	survived	survived
1637	pins	cnot0	killed_fast	killed	-	-	-	-
1638	pins	const1	killed_fast	killed	-	-	-	-
1639	pins	inv	killed_fast	killed	-	-	-	-
1640	pins	const0	killed_fast	killed	-	-	-	-
1641	pins	cnot0	killed_fast	killed	-	-	-	-
1642	pins	cnot0	killed_fast	killed	-	-	-	-
1643	pins	const1	killed_full	survived	killed	-	-	-
1644	pins	cnot1	killed_full	survived	killed	-	-	-
1645	pins	const0	killed_fast	killed	-	-	-	-
1646	pins	cnot0	killed_fast	killed	-	-	-	-
1647	pins	const0	killed_full	survived	killed	-	-	-
1648	pins	cnot0	survived	survived	survived	not_proven	survived	survived
1649	pins	cnot1	killed_full	survived	killed	-	-	-
1650	pins	cnot0	killed_fast	killed	-	-	-	-
1651	pins	const1	killed_fast	killed	-	-	-	-
1652	pins	inv	killed_full	survived	killed	-	-	-
1653	pins	const1	killed_fast	killed	-	-	-	-
1654	pins	const1	killed_fast	killed	-	-	-	-
1655	pins	inv	killed_fast	killed	-	-	-	-
1656	pins	const1	killed_fast	killed	-	-	-	-
1657	pins	inv	killed_full	survived	killed	-	-	-
1658	pins	cnot0	killed_fast	killed	-	-	-	-
1659	pins	cnot0	killed_fast	killed	-	-	-	-
1660	pins	cnot1	survived	survived	survived	not_proven	survived	survived
1661	pins	const0	killed_full	survived	killed	-	-	-
1662	pins	const1	killed_fast	killed	-	-	-	-
1663	pins	const1	killed_full	survived	killed	-	-	-
1664	pins	cnot0	killed_full	survived	killed	-	-	-
1665	pins	inv	killed_full	survived	killed	-	-	-
1666	pins	cnot0	killed_full	survived	killed	-	-	-
1667	pins	cnot1	survived	survived	survived	not_proven	killed	survived
1668	pins	cnot1	killed_fast	killed	-	-	-	-
1669	pins	inv	killed_fast	killed	-	-	-	-
1670	pins	inv	killed_fast	killed	-	-	-	-
1671	pins	cnot0	killed_full	survived	killed	-	-	-
1672	pins	const1	killed_fast	killed	-	-	-	-
1673	pins	cnot1	killed_fast	killed	-	-	-	-
1674	pins	const0	survived	survived	survived	not_proven	killed	survived
1675	pins	const0	survived	survived	survived	not_proven	killed	survived
1676	pins	cnot0	killed_fast	killed	-	-	-	-
1677	pins	const0	killed_fast	killed	-	-	-	-
1678	pins	const1	killed_fast	killed	-	-	-	-
1679	pins	const1	killed_fast	killed	-	-	-	-
1680	pins	const0	killed_fast	killed	-	-	-	-
1681	pins	const1	killed_full	survived	killed	-	-	-
1682	pins	const0	killed_fast	killed	-	-	-	-
1683	pins	inv	killed_full	survived	killed	-	-	-
1684	pins	const1	killed_fast	killed	-	-	-	-
1685	pins	inv	survived	survived	survived	not_proven	killed	survived
1686	pins	cnot0	killed_full	survived	killed	-	-	-
1687	pins	cnot0	survived	survived	survived	not_proven	survived	survived
1688	pins	inv	killed_fast	killed	-	-	-	-
1689	pins	cnot1	survived	survived	survived	not_proven	survived	survived
1690	pins	cnot1	killed_fast	killed	-	-	-	-
1691	pins	cnot0	killed_fast	killed	-	-	-	-
1692	pins	cnot1	killed_full	survived	killed	-	-	-
1693	pins	inv	killed_fast	killed	-	-	-	-
1694	pins	cnot1	survived	survived	survived	not_proven	killed	survived
1695	pins	cnot1	killed_full	survived	killed	-	-	-
1696	pins	const0	killed_full	survived	killed	-	-	-
1697	pins	const1	killed_full	survived	killed	-	-	-
1698	pins	const1	survived	survived	survived	not_proven	killed	survived
1699	pins	cnot0	survived	survived	survived	not_proven	survived	survived
1700	pins	cnot1	killed_full	survived	killed	-	-	-
1701	pins	const1	killed_fast	killed	-	-	-	-
1702	pins	cnot0	killed_fast	killed	-	-	-	-
1703	pins	const1	killed_fast	killed	-	-	-	-
1704	pins	cnot0	killed_full	survived	killed	-	-	-
1705	pins	const1	killed_full	survived	killed	-	-	-
1706	pins	cnot0	killed_fast	killed	-	-	-	-
1707	pins	cnot0	killed_full	survived	killed	-	-	-
1708	pins	const0	survived	survived	survived	not_proven	killed	survived
1709	pins	cnot0	killed_full	survived	killed	-	-	-
1710	pins	inv	killed_fast	killed	-	-	-	-
1711	pins	const1	killed_fast	killed	-	-	-	-
1712	pins	cnot0	killed_full	survived	killed	-	-	-
1713	pins	const0	killed_full	survived	killed	-	-	-
1714	pins	const0	survived	survived	survived	not_proven	survived	survived
1715	pins	inv	killed_fast	killed	-	-	-	-
1716	pins	const0	killed_fast	killed	-	-	-	-
1717	pins	cnot1	survived	survived	survived	not_proven	survived	survived
1718	pins	inv	killed_fast	killed	-	-	-	-
1719	pins	const0	killed_fast	killed	-	-	-	-
1720	pins	cnot1	killed_full	survived	killed	-	-	-
1721	pins	cnot0	killed_fast	killed	-	-	-	-
1722	pins	inv	killed_fast	killed	-	-	-	-
1723	pins	const1	survived	survived	survived	not_proven	killed	survived
1724	pins	const0	killed_full	survived	killed	-	-	-
1725	pins	cnot1	survived	survived	survived	not_proven	survived	survived
1726	pins	const1	survived	survived	survived	equivalent	survived	survived
1727	pins	cnot1	survived	survived	survived	not_proven	killed	survived
1728	pins	cnot0	killed_full	survived	killed	-	-	-
1729	pins	inv	killed_fast	killed	-	-	-	-
1730	pins	cnot1	survived	survived	survived	not_proven	survived	survived
1731	pins	inv	killed_fast	killed	-	-	-	-
1732	pins	inv	killed_fast	killed	-	-	-	-
1733	pins	cnot0	killed_fast	killed	-	-	-	-
1734	pins	cnot1	killed_full	survived	killed	-	-	-
1735	pins	const1	killed_fast	killed	-	-	-	-
1736	pins	cnot0	killed_fast	killed	-	-	-	-
1737	pins	cnot0	survived	survived	survived	not_proven	killed	survived
1738	pins	const0	killed_fast	killed	-	-	-	-
1739	pins	const0	killed_fast	killed	-	-	-	-
1740	pins	inv	killed_fast	killed	-	-	-	-
1741	pins	const1	killed_fast	killed	-	-	-	-
1742	pins	cnot1	killed_full	survived	killed	-	-	-
1743	pins	cnot1	killed_full	survived	killed	-	-	-
1744	pins	inv	killed_fast	killed	-	-	-	-
1745	pins	const0	survived	survived	survived	not_proven	killed	survived
1746	pins	inv	killed_full	survived	killed	-	-	-
1747	pins	cnot1	killed_full	survived	killed	-	-	-
1748	pins	const0	survived	survived	survived	not_proven	survived	survived
1749	pins	cnot0	survived	survived	survived	not_proven	survived	survived
1750	pins	cnot1	killed_full	survived	killed	-	-	-
1751	engine_xfer	inv	survived	survived	survived	not_proven	survived	survived
1752	engine_xfer	const1	killed_fast	killed	-	-	-	-
1753	engine_xfer	cnot1	survived	survived	survived	not_proven	survived	killed
1754	engine_xfer	const0	survived	survived	survived	not_proven	survived	survived
1755	engine_xfer	cnot0	killed_full	survived	killed	-	-	-
1756	engine_xfer	inv	killed_fast	killed	-	-	-	-
1757	engine_xfer	cnot0	killed_fast	killed	-	-	-	-
1758	engine_xfer	const0	survived	survived	survived	not_proven	survived	killed
1759	engine_xfer	inv	killed_fast	killed	-	-	-	-
1760	engine_xfer	cnot0	killed_fast	killed	-	-	-	-
1761	engine_xfer	const0	survived	survived	survived	not_proven	survived	survived
1762	engine_xfer	cnot0	killed_fast	killed	-	-	-	-
1763	engine_xfer	inv	killed_fast	killed	-	-	-	-
1764	engine_xfer	inv	killed_full	survived	killed	-	-	-
1765	engine_xfer	const0	survived	survived	survived	equivalent	survived	survived
1766	engine_xfer	const1	killed_fast	killed	-	-	-	-
1767	engine_xfer	const0	survived	survived	survived	not_proven	survived	survived
1768	engine_xfer	cnot1	survived	survived	survived	not_proven	survived	survived
1769	engine_xfer	const1	killed_fast	killed	-	-	-	-
1770	engine_xfer	inv	killed_fast	killed	-	-	-	-
1771	engine_xfer	cnot0	killed_fast	killed	-	-	-	-
1772	engine_xfer	inv	killed_full	survived	killed	-	-	-
1773	engine_xfer	inv	killed_fast	killed	-	-	-	-
1774	engine_xfer	const0	killed_fast	killed	-	-	-	-
1775	engine_xfer	cnot1	killed_fast	killed	-	-	-	-
1776	engine_xfer	inv	killed_fast	killed	-	-	-	-
1777	engine_xfer	const0	killed_full	survived	killed	-	-	-
1778	engine_xfer	const0	survived	survived	survived	not_proven	survived	survived
1779	engine_xfer	const1	killed_fast	killed	-	-	-	-
1780	engine_xfer	const0	killed_fast	killed	-	-	-	-
1781	engine_xfer	const1	killed_fast	killed	-	-	-	-
1782	engine_xfer	cnot1	survived	survived	survived	not_proven	survived	survived
1783	engine_xfer	const1	killed_fast	killed	-	-	-	-
1784	engine_xfer	cnot1	killed_fast	killed	-	-	-	-
1785	engine_xfer	cnot1	killed_full	survived	killed	-	-	-
1786	engine_xfer	cnot1	killed_full	survived	killed	-	-	-
1787	engine_xfer	inv	survived	survived	survived	not_proven	survived	survived
1788	engine_xfer	const1	killed_fast	killed	-	-	-	-
1789	engine_xfer	inv	killed_fast	killed	-	-	-	-
1790	engine_xfer	inv	killed_full	survived	killed	-	-	-
1791	engine_xfer	cnot0	killed_fast	killed	-	-	-	-
1792	engine_xfer	inv	killed_fast	killed	-	-	-	-
1793	engine_xfer	inv	killed_full	survived	killed	-	-	-
1794	engine_xfer	const1	killed_fast	killed	-	-	-	-
1795	engine_xfer	cnot0	killed_fast	killed	-	-	-	-
1796	engine_xfer	inv	killed_fast	killed	-	-	-	-
1797	engine_xfer	inv	killed_full	survived	killed	-	-	-
1798	engine_xfer	cnot1	survived	survived	survived	not_proven	survived	survived
1799	engine_xfer	cnot1	killed_full	survived	killed	-	-	-
1800	engine_xfer	inv	killed_fast	killed	-	-	-	-
1801	engine_xfer	const1	survived	survived	survived	not_proven	survived	survived
1802	engine_xfer	const0	killed_full	survived	killed	-	-	-
1803	engine_xfer	const1	killed_fast	killed	-	-	-	-
1804	engine_xfer	const1	killed_fast	killed	-	-	-	-
1805	engine_xfer	cnot1	killed_full	survived	killed	-	-	-
1806	engine_xfer	cnot1	killed_full	survived	killed	-	-	-
1807	engine_xfer	inv	killed_fast	killed	-	-	-	-
1808	engine_xfer	const0	killed_fast	killed	-	-	-	-
1809	engine_xfer	const1	killed_fast	killed	-	-	-	-
1810	engine_xfer	const0	survived	survived	survived	equivalent	survived	survived
1811	engine_xfer	const1	survived	survived	survived	not_proven	survived	survived
1812	engine_xfer	cnot1	survived	survived	survived	not_proven	survived	survived
1813	engine_xfer	const1	killed_fast	killed	-	-	-	-
1814	engine_xfer	cnot0	killed_fast	killed	-	-	-	-
1815	engine_xfer	cnot1	killed_fast	killed	-	-	-	-
1816	engine_xfer	const1	killed_fast	killed	-	-	-	-
1817	engine_xfer	cnot1	survived	survived	survived	not_proven	killed	survived
1818	engine_xfer	const0	killed_fast	killed	-	-	-	-
1819	engine_xfer	inv	killed_fast	killed	-	-	-	-
1820	engine_xfer	const1	killed_fast	killed	-	-	-	-
1821	engine_xfer	inv	killed_fast	killed	-	-	-	-
1822	engine_xfer	const1	killed_fast	killed	-	-	-	-
1823	engine_xfer	cnot0	survived	survived	survived	not_proven	killed	survived
1824	engine_xfer	const1	killed_fast	killed	-	-	-	-
1825	engine_xfer	cnot0	killed_full	survived	killed	-	-	-
1826	engine_xfer	cnot0	killed_fast	killed	-	-	-	-
1827	engine_xfer	const1	killed_fast	killed	-	-	-	-
1828	engine_xfer	const1	survived	survived	survived	not_proven	survived	survived
1829	engine_xfer	const0	survived	survived	survived	not_proven	survived	survived
1830	engine_xfer	cnot0	killed_fast	killed	-	-	-	-
1831	engine_xfer	const0	survived	survived	survived	not_proven	survived	survived
1832	engine_xfer	const1	killed_fast	killed	-	-	-	-
1833	engine_xfer	cnot0	killed_fast	killed	-	-	-	-
1834	engine_xfer	inv	killed_fast	killed	-	-	-	-
1835	engine_xfer	const1	killed_fast	killed	-	-	-	-
1836	engine_xfer	const1	killed_fast	killed	-	-	-	-
1837	engine_xfer	cnot1	survived	survived	survived	equivalent	survived	survived
1838	engine_xfer	const1	killed_fast	killed	-	-	-	-
1839	engine_xfer	const0	killed_full	survived	killed	-	-	-
1840	engine_xfer	cnot1	survived	survived	survived	not_proven	survived	survived
1841	engine_xfer	inv	survived	survived	survived	not_proven	survived	survived
1842	engine_xfer	const0	survived	survived	survived	not_proven	survived	survived
1843	engine_xfer	cnot1	killed_fast	killed	-	-	-	-
1844	engine_xfer	const0	killed_full	survived	killed	-	-	-
1845	engine_xfer	const1	killed_fast	killed	-	-	-	-
1846	engine_xfer	inv	killed_fast	killed	-	-	-	-
1847	engine_xfer	const0	killed_fast	killed	-	-	-	-
1848	engine_xfer	cnot1	killed_full	survived	killed	-	-	-
1849	engine_xfer	const0	survived	survived	survived	equivalent	survived	survived
1850	engine_xfer	cnot1	survived	survived	survived	not_proven	survived	killed
1851	engine_xfer	cnot1	survived	survived	survived	not_proven	killed	survived
1852	engine_xfer	const0	killed_fast	killed	-	-	-	-
1853	engine_xfer	cnot0	killed_full	survived	killed	-	-	-
1854	engine_xfer	cnot1	killed_full	survived	killed	-	-	-
1855	engine_xfer	cnot1	survived	survived	survived	not_proven	survived	killed
1856	engine_xfer	const0	killed_fast	killed	-	-	-	-
1857	engine_xfer	const1	killed_full	survived	killed	-	-	-
1858	engine_xfer	const1	killed_fast	killed	-	-	-	-
1859	engine_xfer	inv	survived	survived	survived	not_proven	survived	survived
1860	engine_xfer	inv	killed_fast	killed	-	-	-	-
1861	engine_xfer	const0	survived	survived	survived	not_proven	survived	survived
1862	engine_xfer	cnot1	survived	survived	survived	equivalent	survived	survived
1863	engine_xfer	const1	killed_fast	killed	-	-	-	-
1864	engine_xfer	inv	killed_fast	killed	-	-	-	-
1865	engine_xfer	cnot0	killed_fast	killed	-	-	-	-
1866	engine_xfer	cnot1	survived	survived	survived	equivalent	survived	survived
1867	engine_xfer	inv	killed_fast	killed	-	-	-	-
1868	engine_xfer	const1	killed_full	survived	killed	-	-	-
1869	engine_xfer	const0	killed_fast	killed	-	-	-	-
1870	engine_xfer	inv	killed_fast	killed	-	-	-	-
1871	engine_xfer	const0	killed_fast	killed	-	-	-	-
1872	engine_xfer	const1	killed_fast	killed	-	-	-	-
1873	engine_xfer	inv	survived	survived	survived	not_proven	survived	survived
1874	engine_xfer	const1	killed_fast	killed	-	-	-	-
1875	engine_xfer	const1	killed_full	survived	killed	-	-	-
1876	engine_xfer	const0	killed_fast	killed	-	-	-	-
1877	engine_xfer	inv	killed_fast	killed	-	-	-	-
1878	engine_xfer	const1	killed_full	survived	killed	-	-	-
1879	engine_xfer	cnot1	killed_fast	killed	-	-	-	-
1880	engine_xfer	cnot0	killed_fast	killed	-	-	-	-
1881	engine_xfer	cnot1	killed_fast	killed	-	-	-	-
1882	engine_xfer	const1	killed_fast	killed	-	-	-	-
1883	engine_xfer	const0	killed_full	survived	killed	-	-	-
1884	engine_xfer	const0	killed_full	survived	killed	-	-	-
1885	engine_xfer	const1	killed_fast	killed	-	-	-	-
1886	engine_xfer	cnot0	killed_full	survived	killed	-	-	-
1887	engine_xfer	cnot1	survived	survived	survived	not_proven	survived	survived
1888	engine_xfer	const1	survived	survived	survived	not_proven	survived	survived
1889	engine_xfer	inv	killed_fast	killed	-	-	-	-
1890	engine_xfer	const1	killed_fast	killed	-	-	-	-
1891	engine_xfer	cnot1	survived	survived	survived	not_proven	survived	survived
1892	engine_xfer	const0	killed_fast	killed	-	-	-	-
1893	engine_xfer	const0	killed_fast	killed	-	-	-	-
1894	engine_xfer	const0	survived	survived	survived	not_proven	survived	survived
1895	engine_xfer	inv	killed_fast	killed	-	-	-	-
1896	engine_xfer	const0	killed_fast	killed	-	-	-	-
1897	engine_xfer	const1	killed_fast	killed	-	-	-	-
1898	engine_xfer	cnot1	killed_full	survived	killed	-	-	-
1899	engine_xfer	const0	killed_full	survived	killed	-	-	-
1900	engine_xfer	cnot0	killed_fast	killed	-	-	-	-
1901	engine_xfer	const1	killed_fast	killed	-	-	-	-
1902	engine_xfer	cnot0	killed_fast	killed	-	-	-	-
1903	engine_xfer	inv	killed_full	survived	killed	-	-	-
1904	engine_xfer	cnot0	survived	survived	survived	not_proven	killed	survived
1905	engine_xfer	cnot0	killed_fast	killed	-	-	-	-
1906	engine_xfer	inv	killed_fast	killed	-	-	-	-
1907	engine_xfer	inv	killed_fast	killed	-	-	-	-
1908	engine_xfer	inv	killed_fast	killed	-	-	-	-
1909	engine_xfer	cnot0	killed_fast	killed	-	-	-	-
1910	engine_xfer	const1	killed_full	survived	killed	-	-	-
1911	engine_xfer	inv	killed_fast	killed	-	-	-	-
1912	engine_xfer	const0	survived	survived	survived	not_proven	killed	survived
1913	engine_xfer	const1	killed_fast	killed	-	-	-	-
1914	engine_xfer	const0	killed_fast	killed	-	-	-	-
1915	engine_xfer	const0	killed_fast	killed	-	-	-	-
1916	engine_xfer	const1	killed_fast	killed	-	-	-	-
1917	engine_xfer	cnot0	killed_fast	killed	-	-	-	-
1918	engine_xfer	cnot0	killed_fast	killed	-	-	-	-
1919	engine_xfer	const0	killed_full	survived	killed	-	-	-
1920	engine_xfer	inv	killed_fast	killed	-	-	-	-
1921	engine_xfer	cnot0	killed_fast	killed	-	-	-	-
1922	engine_xfer	const1	killed_fast	killed	-	-	-	-
1923	engine_xfer	cnot1	killed_full	survived	killed	-	-	-
1924	engine_xfer	inv	killed_fast	killed	-	-	-	-
1925	engine_xfer	cnot1	killed_fast	killed	-	-	-	-
1926	engine_xfer	cnot0	killed_fast	killed	-	-	-	-
1927	engine_xfer	inv	killed_fast	killed	-	-	-	-
1928	engine_xfer	const1	killed_fast	killed	-	-	-	-
1929	engine_xfer	inv	killed_fast	killed	-	-	-	-
1930	engine_xfer	const1	killed_fast	killed	-	-	-	-
1931	engine_xfer	const1	killed_fast	killed	-	-	-	-
1932	engine_xfer	const1	killed_full	survived	killed	-	-	-
1933	engine_xfer	const0	killed_fast	killed	-	-	-	-
1934	engine_xfer	cnot1	killed_full	survived	killed	-	-	-
1935	engine_xfer	cnot0	killed_fast	killed	-	-	-	-
1936	engine_xfer	inv	killed_fast	killed	-	-	-	-
1937	engine_xfer	cnot1	killed_full	survived	killed	-	-	-
1938	engine_xfer	const0	survived	survived	survived	equivalent	survived	survived
1939	engine_xfer	const0	survived	survived	survived	not_proven	survived	survived
1940	engine_xfer	const1	killed_fast	killed	-	-	-	-
1941	engine_xfer	const0	killed_full	survived	killed	-	-	-
1942	engine_xfer	inv	killed_full	survived	killed	-	-	-
1943	engine_xfer	cnot1	survived	survived	survived	equivalent	survived	survived
1944	engine_xfer	inv	killed_fast	killed	-	-	-	-
1945	engine_xfer	cnot0	killed_full	survived	killed	-	-	-
1946	engine_xfer	cnot0	killed_fast	killed	-	-	-	-
1947	engine_xfer	cnot0	killed_fast	killed	-	-	-	-
1948	engine_xfer	cnot1	survived	survived	survived	equivalent	survived	survived
1949	engine_xfer	cnot1	survived	survived	survived	not_proven	survived	survived
1950	engine_xfer	inv	killed_fast	killed	-	-	-	-
1951	imem	inv	killed_fast	killed	-	-	-	-
1952	imem	const0	killed_fast	killed	-	-	-	-
1953	imem	inv	killed_fast	killed	-	-	-	-
1954	imem	cnot0	killed_fast	killed	-	-	-	-
1955	imem	const1	killed_fast	killed	-	-	-	-
1956	imem	const0	killed_full	survived	killed	-	-	-
1957	imem	const0	survived	survived	survived	not_proven	survived	survived
1958	imem	const0	killed_fast	killed	-	-	-	-
1959	imem	const0	killed_fast	killed	-	-	-	-
1960	imem	const0	killed_fast	killed	-	-	-	-
1961	imem	const0	killed_fast	killed	-	-	-	-
1962	imem	cnot1	survived	survived	survived	not_proven	survived	survived
1963	imem	const1	killed_fast	killed	-	-	-	-
1964	imem	cnot1	killed_fast	killed	-	-	-	-
1965	imem	cnot1	killed_fast	killed	-	-	-	-
1966	imem	const0	killed_fast	killed	-	-	-	-
1967	imem	cnot1	survived	survived	survived	not_proven	survived	survived
1968	imem	const1	killed_fast	killed	-	-	-	-
1969	imem	const1	survived	survived	survived	not_proven	survived	survived
1970	imem	const0	killed_fast	killed	-	-	-	-
1971	imem	const1	killed_fast	killed	-	-	-	-
1972	imem	const1	killed_fast	killed	-	-	-	-
1973	imem	const0	killed_fast	killed	-	-	-	-
1974	imem	cnot1	survived	survived	survived	not_proven	survived	survived
1975	imem	const1	killed_fast	killed	-	-	-	-
1976	imem	cnot1	killed_fast	killed	-	-	-	-
1977	imem	const1	killed_fast	killed	-	-	-	-
1978	imem	const1	survived	survived	survived	not_proven	survived	survived
1979	imem	const1	killed_fast	killed	-	-	-	-
1980	imem	inv	killed_fast	killed	-	-	-	-
1981	imem	cnot1	survived	survived	survived	not_proven	survived	survived
1982	imem	const1	killed_fast	killed	-	-	-	-
1983	imem	const1	killed_fast	killed	-	-	-	-
1984	imem	cnot1	survived	survived	survived	not_proven	survived	survived
1985	imem	cnot0	killed_fast	killed	-	-	-	-
1986	imem	const1	killed_fast	killed	-	-	-	-
1987	imem	const1	killed_fast	killed	-	-	-	-
1988	imem	const1	survived	survived	survived	not_proven	survived	survived
1989	imem	const1	killed_fast	killed	-	-	-	-
1990	imem	const1	killed_fast	killed	-	-	-	-
1991	imem	const0	killed_fast	killed	-	-	-	-
1992	imem	const1	killed_fast	killed	-	-	-	-
1993	imem	inv	killed_fast	killed	-	-	-	-
1994	imem	const1	killed_fast	killed	-	-	-	-
1995	imem	const0	killed_fast	killed	-	-	-	-
1996	imem	const1	killed_fast	killed	-	-	-	-
1997	imem	const0	killed_fast	killed	-	-	-	-
1998	imem	cnot0	killed_fast	killed	-	-	-	-
1999	imem	inv	killed_fast	killed	-	-	-	-
2000	imem	const1	killed_fast	killed	-	-	-	-
2001	imem	inv	killed_fast	killed	-	-	-	-
2002	imem	const1	killed_fast	killed	-	-	-	-
2003	imem	cnot1	killed_fast	killed	-	-	-	-
2004	imem	inv	killed_fast	killed	-	-	-	-
2005	imem	const1	killed_fast	killed	-	-	-	-
2006	imem	const1	killed_fast	killed	-	-	-	-
2007	imem	inv	killed_fast	killed	-	-	-	-
2008	imem	const0	killed_fast	killed	-	-	-	-
2009	imem	const1	survived	survived	survived	not_proven	survived	survived
2010	imem	cnot0	killed_fast	killed	-	-	-	-
2011	shared	inv	killed_fast	killed	-	-	-	-
2012	shared	const0	survived	survived	survived	not_proven	survived	survived
2013	shared	const0	killed_fast	killed	-	-	-	-
2014	shared	const0	survived	survived	survived	not_proven	survived	survived
2015	shared	const0	killed_fast	killed	-	-	-	-
2016	shared	cnot0	killed_fast	killed	-	-	-	-
2017	shared	const0	killed_fast	killed	-	-	-	-
2018	shared	cnot0	killed_fast	killed	-	-	-	-
2019	shared	const0	killed_fast	killed	-	-	-	-
2020	shared	const0	survived	survived	survived	not_proven	survived	survived
2021	shared	const0	killed_fast	killed	-	-	-	-
2022	shared	cnot0	killed_fast	killed	-	-	-	-
2023	shared	cnot0	killed_fast	killed	-	-	-	-
2024	shared	const1	killed_fast	killed	-	-	-	-
2025	shared	const1	killed_fast	killed	-	-	-	-
2026	shared	cnot0	killed_fast	killed	-	-	-	-
2027	shared	inv	killed_fast	killed	-	-	-	-
2028	shared	const1	killed_fast	killed	-	-	-	-
2029	shared	const0	killed_fast	killed	-	-	-	-
2030	shared	const0	killed_fast	killed	-	-	-	-
2031	shared	const1	killed_fast	killed	-	-	-	-
2032	shared	const1	killed_full	survived	killed	-	-	-
2033	shared	inv	killed_fast	killed	-	-	-	-
2034	shared	cnot1	survived	survived	survived	equivalent	survived	survived
2035	shared	inv	killed_fast	killed	-	-	-	-
2036	shared	const0	killed_fast	killed	-	-	-	-
2037	shared	const0	killed_fast	killed	-	-	-	-
2038	shared	const0	killed_fast	killed	-	-	-	-
2039	shared	const1	killed_fast	killed	-	-	-	-
2040	shared	const0	killed_fast	killed	-	-	-	-
2041	shared	const1	killed_fast	killed	-	-	-	-
2042	shared	inv	killed_fast	killed	-	-	-	-
2043	shared	const0	killed_fast	killed	-	-	-	-
2044	shared	const0	survived	survived	survived	equivalent	survived	survived
2045	shared	cnot0	killed_fast	killed	-	-	-	-
2046	shared	const1	killed_fast	killed	-	-	-	-
2047	shared	inv	killed_fast	killed	-	-	-	-
2048	shared	cnot0	killed_fast	killed	-	-	-	-
2049	shared	inv	killed_fast	killed	-	-	-	-
2050	shared	const1	killed_full	survived	killed	-	-	-
2051	shared	cnot0	killed_fast	killed	-	-	-	-
2052	shared	const0	killed_fast	killed	-	-	-	-
2053	shared	inv	killed_fast	killed	-	-	-	-
2054	shared	inv	killed_fast	killed	-	-	-	-
2055	shared	inv	killed_fast	killed	-	-	-	-
2056	shared	const1	killed_fast	killed	-	-	-	-
2057	shared	const1	killed_fast	killed	-	-	-	-
2058	shared	inv	killed_fast	killed	-	-	-	-
2059	shared	const1	survived	survived	survived	not_proven	survived	survived
2060	shared	inv	killed_fast	killed	-	-	-	-
2061	shared	const1	killed_fast	killed	-	-	-	-
2062	shared	const1	killed_fast	killed	-	-	-	-
2063	shared	const1	killed_fast	killed	-	-	-	-
2064	shared	const1	killed_fast	killed	-	-	-	-
2065	shared	const1	killed_fast	killed	-	-	-	-
2066	shared	inv	killed_fast	killed	-	-	-	-
2067	shared	const0	killed_fast	killed	-	-	-	-
2068	shared	const1	killed_fast	killed	-	-	-	-
2069	shared	inv	killed_fast	killed	-	-	-	-
2070	shared	const1	killed_fast	killed	-	-	-	-
2071	shared	const0	killed_fast	killed	-	-	-	-
2072	shared	inv	killed_fast	killed	-	-	-	-
2073	shared	const1	killed_fast	killed	-	-	-	-
2074	shared	const0	killed_fast	killed	-	-	-	-
2075	shared	const0	killed_fast	killed	-	-	-	-
2076	shared	const1	killed_fast	killed	-	-	-	-
2077	shared	const0	killed_fast	killed	-	-	-	-
2078	shared	inv	killed_fast	killed	-	-	-	-
2079	shared	const0	killed_fast	killed	-	-	-	-
2080	shared	inv	killed_fast	killed	-	-	-	-
2081	shared	const0	killed_fast	killed	-	-	-	-
2082	shared	const1	survived	survived	survived	not_proven	survived	survived
2083	shared	inv	killed_fast	killed	-	-	-	-
2084	shared	cnot0	killed_fast	killed	-	-	-	-
2085	shared	inv	killed_fast	killed	-	-	-	-
2086	shared	const1	killed_fast	killed	-	-	-	-
2087	shared	const0	killed_fast	killed	-	-	-	-
2088	shared	const0	killed_fast	killed	-	-	-	-
2089	shared	const0	killed_full	survived	killed	-	-	-
2090	shared	const1	killed_fast	killed	-	-	-	-
2091	shared	const0	survived	survived	survived	not_proven	survived	survived
2092	shared	inv	killed_fast	killed	-	-	-	-
2093	shared	inv	killed_fast	killed	-	-	-	-
2094	shared	const0	killed_fast	killed	-	-	-	-
2095	shared	inv	killed_fast	killed	-	-	-	-
2096	shared	const1	killed_fast	killed	-	-	-	-
2097	shared	const0	killed_full	survived	killed	-	-	-
2098	shared	const1	survived	survived	survived	not_proven	survived	survived
2099	shared	inv	killed_fast	killed	-	-	-	-
2100	shared	const1	killed_fast	killed	-	-	-	-
2101	fifo	const1	killed_fast	killed	-	-	-	-
2102	fifo	cnot1	killed_fast	killed	-	-	-	-
2103	fifo	cnot0	survived	survived	survived	not_proven	survived	survived
2104	fifo	cnot0	killed_fast	killed	-	-	-	-
2105	fifo	inv	killed_fast	killed	-	-	-	-
2106	fifo	cnot1	killed_full	survived	killed	-	-	-
2107	fifo	cnot1	killed_full	survived	killed	-	-	-
2108	fifo	const1	killed_full	survived	killed	-	-	-
2109	fifo	const1	killed_fast	killed	-	-	-	-
2110	fifo	cnot0	survived	survived	survived	not_proven	survived	survived
2111	fifo	const1	killed_fast	killed	-	-	-	-
2112	fifo	cnot0	killed_full	survived	killed	-	-	-
2113	fifo	const0	killed_fast	killed	-	-	-	-
2114	fifo	const1	killed_fast	killed	-	-	-	-
2115	fifo	const1	killed_fast	killed	-	-	-	-
2116	fifo	cnot0	killed_fast	killed	-	-	-	-
2117	fifo	const1	killed_fast	killed	-	-	-	-
2118	fifo	inv	killed_fast	killed	-	-	-	-
2119	fifo	const1	killed_fast	killed	-	-	-	-
2120	fifo	cnot0	killed_fast	killed	-	-	-	-
2121	fifo	cnot1	survived	survived	survived	not_proven	survived	survived
2122	fifo	inv	survived	survived	survived	equivalent	survived	survived
2123	fifo	inv	killed_fast	killed	-	-	-	-
2124	fifo	const1	killed_full	survived	killed	-	-	-
2125	fifo	inv	killed_fast	killed	-	-	-	-
2126	fifo	const0	killed_full	survived	killed	-	-	-
2127	fifo	inv	killed_full	survived	killed	-	-	-
2128	fifo	inv	survived	survived	survived	equivalent	survived	survived
2129	fifo	const1	killed_fast	killed	-	-	-	-
2130	fifo	const1	killed_fast	killed	-	-	-	-
2131	fifo	inv	killed_fast	killed	-	-	-	-
2132	fifo	inv	killed_fast	killed	-	-	-	-
2133	fifo	cnot1	killed_full	survived	killed	-	-	-
2134	fifo	const1	survived	survived	survived	equivalent	survived	survived
2135	fifo	const1	killed_fast	killed	-	-	-	-
2136	fifo	inv	killed_fast	killed	-	-	-	-
2137	fifo	inv	killed_fast	killed	-	-	-	-
2138	fifo	const1	killed_fast	killed	-	-	-	-
2139	fifo	inv	killed_fast	killed	-	-	-	-
2140	fifo	cnot0	killed_fast	killed	-	-	-	-
2141	fifo	const0	killed_fast	killed	-	-	-	-
2142	fifo	cnot1	killed_fast	killed	-	-	-	-
2143	fifo	cnot1	killed_fast	killed	-	-	-	-
2144	fifo	const1	survived	survived	survived	equivalent	survived	survived
2145	fifo	cnot0	killed_fast	killed	-	-	-	-
2146	fifo	cnot1	survived	survived	survived	not_proven	survived	survived
2147	fifo	const1	survived	survived	survived	equivalent	survived	survived
2148	fifo	const0	killed_full	survived	killed	-	-	-
2149	fifo	const0	killed_fast	killed	-	-	-	-
2150	fifo	inv	killed_fast	killed	-	-	-	-
2151	fifo	cnot0	killed_fast	killed	-	-	-	-
2152	fifo	const0	killed_fast	killed	-	-	-	-
2153	fifo	const0	killed_fast	killed	-	-	-	-
2154	fifo	const0	killed_fast	killed	-	-	-	-
2155	fifo	const1	killed_fast	killed	-	-	-	-
2156	fifo	const0	killed_fast	killed	-	-	-	-
2157	fifo	cnot0	killed_fast	killed	-	-	-	-
2158	fifo	const1	killed_fast	killed	-	-	-	-
2159	fifo	const0	killed_fast	killed	-	-	-	-
2160	fifo	inv	killed_fast	killed	-	-	-	-
2161	fifo	const0	killed_fast	killed	-	-	-	-
2162	fifo	inv	killed_fast	killed	-	-	-	-
2163	fifo	inv	killed_fast	killed	-	-	-	-
2164	fifo	const1	killed_full	survived	killed	-	-	-
2165	fifo	const0	killed_fast	killed	-	-	-	-
2166	fifo	inv	killed_fast	killed	-	-	-	-
2167	fifo	const1	killed_fast	killed	-	-	-	-
2168	fifo	inv	killed_fast	killed	-	-	-	-
2169	fifo	const1	killed_fast	killed	-	-	-	-
2170	fifo	const0	killed_fast	killed	-	-	-	-
2171	fifo	const0	killed_fast	killed	-	-	-	-
2172	fifo	inv	killed_fast	killed	-	-	-	-
2173	fifo	const0	survived	survived	survived	not_proven	survived	survived
2174	fifo	const1	killed_fast	killed	-	-	-	-
2175	fifo	const0	killed_fast	killed	-	-	-	-
2176	fifo	inv	killed_fast	killed	-	-	-	-
2177	fifo	inv	killed_fast	killed	-	-	-	-
2178	fifo	cnot1	killed_full	survived	killed	-	-	-
2179	fifo	const1	killed_fast	killed	-	-	-	-
2180	fifo	inv	killed_fast	killed	-	-	-	-
2181	fifo	const0	killed_fast	killed	-	-	-	-
2182	fifo	cnot0	killed_fast	killed	-	-	-	-
2183	fifo	cnot1	killed_fast	killed	-	-	-	-
2184	fifo	cnot0	killed_fast	killed	-	-	-	-
2185	fifo	cnot1	killed_fast	killed	-	-	-	-
2186	fifo	cnot0	killed_fast	killed	-	-	-	-
2187	fifo	inv	killed_fast	killed	-	-	-	-
2188	fifo	cnot0	killed_full	survived	killed	-	-	-
2189	fifo	const0	killed_full	survived	killed	-	-	-
2190	fifo	const1	killed_full	survived	killed	-	-	-
2191	fifo	const1	killed_fast	killed	-	-	-	-
2192	fifo	const1	killed_fast	killed	-	-	-	-
2193	fifo	const1	killed_fast	killed	-	-	-	-
2194	fifo	const0	killed_fast	killed	-	-	-	-
2195	fifo	const0	killed_fast	killed	-	-	-	-
2196	fifo	inv	killed_fast	killed	-	-	-	-
2197	fifo	const0	killed_fast	killed	-	-	-	-
2198	fifo	const0	killed_full	survived	killed	-	-	-
2199	fifo	const0	killed_fast	killed	-	-	-	-
2200	fifo	const1	killed_fast	killed	-	-	-	-
2201	fifo	const0	killed_fast	killed	-	-	-	-
2202	fifo	const0	killed_fast	killed	-	-	-	-
2203	fifo	cnot0	killed_fast	killed	-	-	-	-
2204	fifo	const1	killed_fast	killed	-	-	-	-
2205	fifo	const0	killed_full	survived	killed	-	-	-
2206	fifo	const1	killed_fast	killed	-	-	-	-
2207	fifo	const1	killed_fast	killed	-	-	-	-
2208	fifo	const1	killed_fast	killed	-	-	-	-
2209	fifo	cnot1	killed_fast	killed	-	-	-	-
2210	fifo	const0	killed_fast	killed	-	-	-	-
2211	fifo	const0	killed_full	survived	killed	-	-	-
2212	fifo	inv	killed_fast	killed	-	-	-	-
2213	fifo	const1	killed_fast	killed	-	-	-	-
2214	fifo	const1	killed_fast	killed	-	-	-	-
2215	fifo	const0	survived	survived	survived	not_proven	survived	survived
2216	fifo	cnot1	killed_full	survived	killed	-	-	-
2217	fifo	const0	killed_fast	killed	-	-	-	-
2218	fifo	const1	killed_fast	killed	-	-	-	-
2219	fifo	const0	killed_full	survived	killed	-	-	-
2220	fifo	const1	survived	survived	survived	equivalent	survived	survived
2221	fifo	const0	killed_full	survived	killed	-	-	-
2222	fifo	const0	killed_fast	killed	-	-	-	-
2223	fifo	cnot1	killed_fast	killed	-	-	-	-
2224	fifo	inv	killed_fast	killed	-	-	-	-
2225	fifo	const1	killed_fast	killed	-	-	-	-
2226	fifo	const0	killed_full	survived	killed	-	-	-
2227	fifo	cnot0	killed_fast	killed	-	-	-	-
2228	fifo	cnot0	killed_fast	killed	-	-	-	-
2229	fifo	const1	survived	survived	survived	equivalent	survived	survived
2230	fifo	cnot0	killed_fast	killed	-	-	-	-
2231	engine_data	inv	killed_fast	killed	-	-	-	-
2232	engine_data	cnot1	killed_full	survived	killed	-	-	-
2233	engine_data	inv	killed_fast	killed	-	-	-	-
2234	engine_data	inv	killed_fast	killed	-	-	-	-
2235	engine_data	cnot0	survived	survived	survived	not_proven	survived	survived
2236	engine_data	const1	killed_fast	killed	-	-	-	-
2237	engine_data	const1	survived	survived	survived	not_proven	survived	survived
2238	engine_data	const0	survived	survived	survived	not_proven	killed	survived
2239	engine_data	inv	killed_fast	killed	-	-	-	-
2240	engine_data	inv	killed_fast	killed	-	-	-	-
2241	engine_data	inv	killed_fast	killed	-	-	-	-
2242	engine_data	cnot1	killed_full	survived	killed	-	-	-
2243	engine_data	const0	survived	survived	survived	not_proven	killed	survived
2244	engine_data	cnot1	survived	survived	survived	not_proven	killed	survived
2245	engine_data	inv	survived	survived	survived	not_proven	survived	survived
2246	engine_data	const0	killed_full	survived	killed	-	-	-
2247	engine_data	cnot0	killed_full	survived	killed	-	-	-
2248	engine_data	cnot0	killed_fast	killed	-	-	-	-
2249	engine_data	const1	killed_fast	killed	-	-	-	-
2250	engine_data	const1	killed_full	survived	killed	-	-	-
2251	engine_data	inv	killed_fast	killed	-	-	-	-
2252	engine_data	inv	killed_fast	killed	-	-	-	-
2253	engine_data	cnot1	killed_full	survived	killed	-	-	-
2254	engine_data	cnot0	killed_fast	killed	-	-	-	-
2255	engine_data	const1	killed_fast	killed	-	-	-	-
2256	engine_data	cnot0	killed_fast	killed	-	-	-	-
2257	engine_data	const1	killed_full	survived	killed	-	-	-
2258	engine_data	const0	survived	survived	survived	not_proven	survived	survived
2259	engine_data	cnot0	killed_fast	killed	-	-	-	-
2260	engine_data	const1	killed_fast	killed	-	-	-	-
2261	engine_data	cnot0	killed_full	survived	killed	-	-	-
2262	engine_data	const0	killed_full	survived	killed	-	-	-
2263	engine_data	cnot0	killed_fast	killed	-	-	-	-
2264	engine_data	cnot1	killed_full	survived	killed	-	-	-
2265	engine_data	const1	killed_full	survived	killed	-	-	-
2266	engine_data	const1	killed_fast	killed	-	-	-	-
2267	engine_data	const1	killed_full	survived	killed	-	-	-
2268	engine_data	const0	survived	survived	survived	not_proven	survived	survived
2269	engine_data	cnot0	killed_fast	killed	-	-	-	-
2270	engine_data	cnot0	killed_full	survived	killed	-	-	-
2271	engine_data	const0	killed_full	survived	killed	-	-	-
2272	engine_data	inv	killed_full	survived	killed	-	-	-
2273	engine_data	cnot0	killed_fast	killed	-	-	-	-
2274	engine_data	cnot1	killed_fast	killed	-	-	-	-
2275	engine_data	inv	killed_full	survived	killed	-	-	-
2276	engine_data	cnot0	killed_fast	killed	-	-	-	-
2277	engine_data	cnot0	killed_fast	killed	-	-	-	-
2278	engine_data	inv	killed_full	survived	killed	-	-	-
2279	engine_data	const0	survived	survived	survived	not_proven	survived	killed
2280	engine_data	const1	killed_full	survived	killed	-	-	-
2281	engine_data	cnot0	killed_fast	killed	-	-	-	-
2282	engine_data	const0	survived	survived	survived	not_proven	killed	survived
2283	engine_data	const1	killed_fast	killed	-	-	-	-
2284	engine_data	inv	killed_fast	killed	-	-	-	-
2285	engine_data	inv	killed_fast	killed	-	-	-	-
2286	engine_data	const0	killed_fast	killed	-	-	-	-
2287	engine_data	cnot1	survived	survived	survived	not_proven	survived	survived
2288	engine_data	cnot0	killed_fast	killed	-	-	-	-
2289	engine_data	cnot0	killed_fast	killed	-	-	-	-
2290	engine_data	cnot0	killed_fast	killed	-	-	-	-
2291	engine_data	const0	survived	survived	survived	not_proven	survived	survived
2292	engine_data	inv	killed_fast	killed	-	-	-	-
2293	engine_data	const0	killed_full	survived	killed	-	-	-
2294	engine_data	cnot0	killed_fast	killed	-	-	-	-
2295	engine_data	inv	killed_fast	killed	-	-	-	-
2296	engine_data	cnot1	survived	survived	survived	not_proven	survived	survived
2297	engine_data	const1	killed_fast	killed	-	-	-	-
2298	engine_data	const1	killed_fast	killed	-	-	-	-
2299	engine_data	const1	killed_fast	killed	-	-	-	-
2300	engine_data	const1	killed_fast	killed	-	-	-	-
2301	engine_data	inv	killed_full	survived	killed	-	-	-
2302	engine_data	inv	killed_fast	killed	-	-	-	-
2303	engine_data	const1	killed_fast	killed	-	-	-	-
2304	engine_data	cnot1	killed_fast	killed	-	-	-	-
2305	engine_data	cnot1	killed_fast	killed	-	-	-	-
2306	engine_data	cnot0	survived	survived	survived	not_proven	killed	survived
2307	engine_data	cnot1	killed_full	survived	killed	-	-	-
2308	engine_data	inv	killed_full	survived	killed	-	-	-
2309	engine_data	inv	killed_fast	killed	-	-	-	-
2310	engine_data	const0	survived	survived	survived	not_proven	killed	survived
2311	engine_data	cnot1	survived	survived	survived	not_proven	killed	survived
2312	engine_data	const1	killed_fast	killed	-	-	-	-
2313	engine_data	cnot1	survived	survived	survived	equivalent	survived	survived
2314	engine_data	const1	killed_fast	killed	-	-	-	-
2315	engine_data	const1	survived	survived	survived	not_proven	killed	survived
2316	engine_data	cnot1	survived	survived	survived	not_proven	killed	survived
2317	engine_data	const1	killed_full	survived	killed	-	-	-
2318	engine_data	cnot0	killed_full	survived	killed	-	-	-
2319	engine_data	cnot1	killed_full	survived	killed	-	-	-
2320	engine_data	cnot1	survived	survived	survived	not_proven	killed	survived
2321	engine_data	const1	survived	survived	survived	not_proven	survived	survived
2322	engine_data	cnot1	killed_full	survived	killed	-	-	-
2323	engine_data	inv	killed_fast	killed	-	-	-	-
2324	engine_data	cnot1	killed_fast	killed	-	-	-	-
2325	engine_data	inv	killed_full	survived	killed	-	-	-
2326	engine_data	cnot1	survived	survived	survived	not_proven	killed	survived
2327	engine_data	cnot0	killed_fast	killed	-	-	-	-
2328	engine_data	const0	killed_full	survived	killed	-	-	-
2329	engine_data	cnot0	killed_full	survived	killed	-	-	-
2330	engine_data	const0	killed_fast	killed	-	-	-	-
2331	engine_data	cnot1	killed_full	survived	killed	-	-	-
2332	engine_data	cnot0	killed_fast	killed	-	-	-	-
2333	engine_data	inv	killed_fast	killed	-	-	-	-
2334	engine_data	cnot1	killed_full	survived	killed	-	-	-
2335	engine_data	cnot1	survived	survived	survived	not_proven	killed	killed
2336	engine_data	inv	killed_fast	killed	-	-	-	-
2337	engine_data	const0	killed_full	survived	killed	-	-	-
2338	engine_data	cnot1	killed_fast	killed	-	-	-	-
2339	engine_data	cnot0	killed_full	survived	killed	-	-	-
2340	engine_data	const0	killed_fast	killed	-	-	-	-
2341	engine_data	cnot1	killed_full	survived	killed	-	-	-
2342	engine_data	cnot1	killed_full	survived	killed	-	-	-
2343	engine_data	const0	killed_full	survived	killed	-	-	-
2344	engine_data	const0	survived	survived	survived	not_proven	survived	survived
2345	engine_data	cnot1	survived	survived	survived	not_proven	killed	survived
2346	engine_data	cnot0	killed_fast	killed	-	-	-	-
2347	engine_data	const0	killed_fast	killed	-	-	-	-
2348	engine_data	inv	killed_fast	killed	-	-	-	-
2349	engine_data	cnot0	killed_fast	killed	-	-	-	-
2350	engine_data	const1	killed_fast	killed	-	-	-	-
2351	engine_data	inv	killed_fast	killed	-	-	-	-
2352	engine_data	const1	killed_fast	killed	-	-	-	-
2353	engine_data	const1	killed_fast	killed	-	-	-	-
2354	engine_data	const0	survived	survived	survived	not_proven	killed	survived
2355	engine_data	cnot1	killed_full	survived	killed	-	-	-
2356	engine_data	inv	killed_full	survived	killed	-	-	-
2357	engine_data	cnot1	killed_fast	killed	-	-	-	-
2358	engine_data	inv	killed_full	survived	killed	-	-	-
2359	engine_data	inv	killed_full	survived	killed	-	-	-
2360	engine_data	cnot0	killed_full	survived	killed	-	-	-
2361	engine_data	cnot1	killed_full	survived	killed	-	-	-
2362	engine_data	const0	killed_full	survived	killed	-	-	-
2363	engine_data	const0	killed_full	survived	killed	-	-	-
2364	engine_data	const0	survived	survived	survived	not_proven	killed	survived
2365	engine_data	const0	killed_full	survived	killed	-	-	-
2366	engine_data	const0	survived	survived	survived	equivalent	survived	survived
2367	engine_data	cnot0	killed_full	survived	killed	-	-	-
2368	engine_data	const0	survived	survived	survived	not_proven	killed	survived
2369	engine_data	const0	killed_full	survived	killed	-	-	-
2370	engine_data	inv	killed_fast	killed	-	-	-	-
2371	engine_data	inv	killed_fast	killed	-	-	-	-
2372	engine_data	const1	killed_fast	killed	-	-	-	-
2373	engine_data	const1	killed_full	survived	killed	-	-	-
2374	engine_data	inv	killed_full	survived	killed	-	-	-
2375	engine_data	const0	survived	survived	survived	not_proven	killed	survived
2376	engine_data	cnot1	killed_full	survived	killed	-	-	-
2377	engine_data	cnot1	killed_full	survived	killed	-	-	-
2378	engine_data	const0	survived	survived	survived	not_proven	survived	survived
2379	engine_data	inv	killed_fast	killed	-	-	-	-
2380	engine_data	cnot1	killed_fast	killed	-	-	-	-
2381	engine_data	cnot0	killed_fast	killed	-	-	-	-
2382	engine_data	const1	killed_fast	killed	-	-	-	-
2383	engine_data	const0	killed_full	survived	killed	-	-	-
2384	engine_data	const1	killed_fast	killed	-	-	-	-
2385	engine_data	const0	survived	survived	survived	not_proven	survived	survived
2386	engine_data	cnot0	killed_full	survived	killed	-	-	-
2387	engine_data	cnot0	killed_fast	killed	-	-	-	-
2388	engine_data	cnot0	killed_fast	killed	-	-	-	-
2389	engine_data	inv	killed_fast	killed	-	-	-	-
2390	engine_data	const1	survived	survived	survived	not_proven	killed	survived
2391	engine_data	cnot1	killed_full	survived	killed	-	-	-
2392	engine_data	cnot1	killed_fast	killed	-	-	-	-
2393	engine_data	cnot0	killed_full	survived	killed	-	-	-
2394	engine_data	cnot1	killed_full	survived	killed	-	-	-
2395	engine_data	const1	killed_fast	killed	-	-	-	-
2396	engine_data	const0	killed_full	survived	killed	-	-	-
2397	engine_data	cnot0	killed_fast	killed	-	-	-	-
2398	engine_data	const1	killed_full	survived	killed	-	-	-
2399	engine_data	cnot0	killed_fast	killed	-	-	-	-
2400	engine_data	const0	killed_full	survived	killed	-	-	-
2401	engine_data	const0	killed_full	survived	killed	-	-	-
2402	engine_data	cnot1	killed_full	survived	killed	-	-	-
2403	engine_data	const0	killed_full	survived	killed	-	-	-
2404	engine_data	const1	killed_full	survived	killed	-	-	-
2405	engine_data	inv	killed_fast	killed	-	-	-	-
2406	engine_data	cnot1	killed_fast	killed	-	-	-	-
2407	engine_data	inv	survived	survived	survived	not_proven	survived	survived
2408	engine_data	cnot1	killed_fast	killed	-	-	-	-
2409	engine_data	const1	killed_full	survived	killed	-	-	-
2410	engine_data	inv	killed_fast	killed	-	-	-	-
2411	timestamp	cnot1	killed_fast	killed	-	-	-	-
2412	timestamp	cnot1	killed_fast	killed	-	-	-	-
2413	timestamp	inv	killed_fast	killed	-	-	-	-
2414	timestamp	const1	killed_fast	killed	-	-	-	-
2415	timestamp	const1	killed_fast	killed	-	-	-	-
2416	timestamp	const0	killed_fast	killed	-	-	-	-
2417	timestamp	const0	survived	survived	survived	not_proven	survived	survived
2418	timestamp	const0	survived	survived	survived	not_proven	survived	survived
2419	timestamp	inv	killed_fast	killed	-	-	-	-
2420	timestamp	const0	killed_fast	killed	-	-	-	-
