id	region	mode	final	fast	suite	equiv	deep	directed
1	engine_ctrl	const1	survived	survived	survived	not_proven	killed	-
2	engine_ctrl	inv	killed_fast	killed	-	not_proven	-	-
3	engine_ctrl	cnot1	killed_fast	killed	-	not_proven	-	-
4	engine_ctrl	const1	killed_full	survived	killed	not_proven	-	-
5	engine_ctrl	inv	killed_full	survived	killed	not_proven	-	-
6	engine_ctrl	cnot0	survived	survived	survived	equivalent	-	-
7	engine_ctrl	cnot1	killed_full	survived	killed	not_proven	-	-
8	engine_ctrl	cnot1	killed_fast	killed	-	-	-	-
9	engine_ctrl	cnot0	killed_fast	killed	-	-	-	-
10	engine_ctrl	const0	survived	survived	survived	not_proven	survived	-
11	engine_ctrl	inv	killed_full	survived	killed	-	-	-
12	engine_ctrl	cnot0	killed_full	survived	killed	-	-	-
13	engine_ctrl	const1	killed_fast	killed	-	-	-	-
14	engine_ctrl	cnot1	killed_fast	killed	-	-	-	-
15	engine_ctrl	inv	killed_fast	killed	-	-	-	-
16	engine_ctrl	const1	killed_fast	killed	-	-	-	-
17	engine_ctrl	const0	survived	survived	survived	not_proven	survived	-
18	engine_ctrl	cnot1	survived	survived	survived	not_proven	survived	-
19	engine_ctrl	cnot0	killed_fast	killed	-	-	-	-
20	engine_ctrl	const0	killed_full	survived	killed	-	-	-
21	engine_ctrl	cnot0	killed_fast	killed	-	-	-	-
22	engine_ctrl	inv	killed_fast	killed	-	-	-	-
23	engine_ctrl	const1	killed_fast	killed	-	-	-	-
24	engine_ctrl	const0	survived	survived	survived	equivalent	-	-
25	engine_ctrl	const0	killed_fast	killed	-	-	-	-
26	engine_ctrl	const1	killed_fast	killed	-	-	-	-
27	engine_ctrl	cnot0	killed_fast	killed	-	-	-	-
28	engine_ctrl	const0	killed_full	survived	killed	-	-	-
29	engine_ctrl	const1	killed_fast	killed	-	-	-	-
30	engine_ctrl	cnot0	killed_full	survived	killed	-	-	-
31	engine_ctrl	const1	survived	survived	survived	not_proven	survived	-
32	engine_ctrl	cnot1	survived	survived	survived	equivalent	-	-
33	engine_ctrl	const0	survived	survived	survived	not_proven	survived	-
34	engine_ctrl	cnot1	survived	survived	survived	not_proven	survived	-
35	engine_ctrl	cnot1	killed_full	survived	killed	-	-	-
36	engine_ctrl	cnot1	killed_full	survived	killed	-	-	-
37	engine_ctrl	const1	survived	survived	survived	not_proven	survived	-
38	engine_ctrl	cnot1	killed_full	survived	killed	-	-	-
39	engine_ctrl	inv	killed_fast	killed	-	-	-	-
40	engine_ctrl	inv	killed_fast	killed	-	-	-	-
41	engine_ctrl	inv	killed_full	survived	killed	-	-	-
42	engine_ctrl	const1	killed_fast	killed	-	-	-	-
43	engine_ctrl	inv	killed_fast	killed	-	-	-	-
44	engine_ctrl	cnot1	killed_full	survived	killed	-	-	-
45	engine_ctrl	inv	killed_full	survived	killed	-	-	-
46	engine_ctrl	cnot1	survived	survived	survived	not_proven	survived	-
47	engine_ctrl	const1	survived	survived	survived	not_proven	survived	-
48	engine_ctrl	inv	killed_fast	killed	-	-	-	-
49	engine_ctrl	const0	killed_full	survived	killed	-	-	-
50	engine_ctrl	const0	survived	survived	survived	not_proven	survived	-
51	engine_ctrl	const0	survived	survived	survived	equivalent	-	-
52	engine_ctrl	const1	killed_fast	killed	-	-	-	-
53	engine_ctrl	cnot0	killed_full	survived	killed	-	-	-
54	engine_ctrl	cnot0	killed_full	survived	killed	-	-	-
55	engine_ctrl	const0	survived	survived	survived	not_proven	survived	-
56	engine_ctrl	cnot0	killed_full	survived	killed	-	-	-
57	engine_ctrl	const0	killed_fast	killed	-	-	-	-
58	engine_ctrl	cnot0	killed_fast	killed	-	-	-	-
59	engine_ctrl	inv	killed_fast	killed	-	-	-	-
60	engine_ctrl	inv	killed_fast	killed	-	-	-	-
61	engine_ctrl	const0	killed_full	survived	killed	-	-	-
62	engine_ctrl	const0	killed_full	survived	killed	-	-	-
63	engine_ctrl	const0	survived	survived	survived	not_proven	survived	-
64	engine_ctrl	const0	killed_full	survived	killed	-	-	-
65	engine_ctrl	cnot1	survived	survived	survived	equivalent	-	-
66	engine_ctrl	cnot1	killed_fast	killed	-	-	-	-
67	engine_ctrl	cnot0	killed_full	survived	killed	-	-	-
68	engine_ctrl	cnot0	killed_fast	killed	-	-	-	-
69	engine_ctrl	const0	survived	survived	survived	not_proven	survived	-
70	engine_ctrl	const0	killed_full	survived	killed	-	-	-
71	engine_ctrl	cnot0	killed_full	survived	killed	-	-	-
72	engine_ctrl	cnot1	survived	survived	survived	equivalent	-	-
73	engine_ctrl	const0	killed_full	survived	killed	-	-	-
74	engine_ctrl	inv	killed_fast	killed	-	-	-	-
75	engine_ctrl	cnot0	killed_fast	killed	-	-	-	-
76	engine_ctrl	inv	killed_fast	killed	-	-	-	-
77	engine_ctrl	const0	killed_fast	killed	-	-	-	-
78	engine_ctrl	const1	killed_full	survived	killed	-	-	-
79	engine_ctrl	cnot1	killed_fast	killed	-	-	-	-
80	engine_ctrl	const0	killed_full	survived	killed	-	-	-
81	engine_ctrl	const0	survived	survived	survived	not_proven	survived	-
82	engine_ctrl	const0	killed_fast	killed	-	-	-	-
83	engine_ctrl	inv	killed_fast	killed	-	-	-	-
84	engine_ctrl	inv	killed_fast	killed	-	-	-	-
85	engine_ctrl	const0	killed_full	survived	killed	-	-	-
86	engine_ctrl	cnot0	killed_fast	killed	-	-	-	-
87	engine_ctrl	cnot0	survived	survived	survived	not_proven	survived	-
88	engine_ctrl	const0	survived	survived	survived	equivalent	-	-
89	engine_ctrl	cnot0	killed_full	survived	killed	-	-	-
90	engine_ctrl	cnot0	killed_full	survived	killed	-	-	-
91	engine_ctrl	cnot0	killed_fast	killed	-	-	-	-
92	engine_ctrl	const0	killed_fast	killed	-	-	-	-
93	engine_ctrl	inv	killed_fast	killed	-	-	-	-
94	engine_ctrl	cnot0	killed_full	survived	killed	-	-	-
95	engine_ctrl	cnot1	killed_full	survived	killed	-	-	-
96	engine_ctrl	const1	killed_full	survived	killed	-	-	-
97	engine_ctrl	cnot0	killed_fast	killed	-	-	-	-
98	engine_ctrl	const1	killed_fast	killed	-	-	-	-
99	engine_ctrl	inv	survived	survived	survived	not_proven	survived	-
100	engine_ctrl	inv	killed_fast	killed	-	-	-	-
101	engine_ctrl	const0	killed_full	survived	killed	-	-	-
102	engine_ctrl	const1	survived	survived	survived	not_proven	killed	-
103	engine_ctrl	const1	killed_full	survived	killed	-	-	-
104	engine_ctrl	const1	killed_full	survived	killed	-	-	-
105	engine_ctrl	cnot0	killed_full	survived	killed	-	-	-
106	engine_ctrl	inv	survived	survived	survived	not_proven	survived	-
107	engine_ctrl	cnot0	killed_full	survived	killed	-	-	-
108	engine_ctrl	const0	killed_fast	killed	-	-	-	-
109	engine_ctrl	const1	killed_full	survived	killed	-	-	-
110	engine_ctrl	cnot1	killed_fast	killed	-	-	-	-
111	engine_ctrl	inv	killed_fast	killed	-	-	-	-
112	engine_ctrl	cnot0	killed_full	survived	killed	-	-	-
113	engine_ctrl	const0	survived	survived	survived	not_proven	survived	-
114	engine_ctrl	inv	killed_full	survived	killed	-	-	-
115	engine_ctrl	const1	killed_fast	killed	-	-	-	-
116	engine_ctrl	cnot0	killed_fast	killed	-	-	-	-
117	engine_ctrl	cnot1	killed_fast	killed	-	-	-	-
118	engine_ctrl	const1	killed_full	survived	killed	-	-	-
119	engine_ctrl	const0	killed_fast	killed	-	-	-	-
120	engine_ctrl	cnot0	killed_fast	killed	-	-	-	-
121	engine_ctrl	const0	survived	survived	survived	not_proven	survived	-
122	engine_ctrl	const1	killed_fast	killed	-	-	-	-
123	engine_ctrl	cnot0	killed_fast	killed	-	-	-	-
124	engine_ctrl	inv	killed_full	survived	killed	-	-	-
125	engine_ctrl	cnot1	killed_fast	killed	-	-	-	-
126	engine_ctrl	const0	killed_full	survived	killed	-	-	-
127	engine_ctrl	const0	killed_fast	killed	-	-	-	-
128	engine_ctrl	const0	survived	survived	survived	not_proven	survived	-
129	engine_ctrl	const0	survived	survived	survived	not_proven	survived	-
130	engine_ctrl	cnot1	killed_fast	killed	-	-	-	-
131	engine_ctrl	const1	killed_fast	killed	-	-	-	-
132	engine_ctrl	inv	killed_full	survived	killed	-	-	-
133	engine_ctrl	cnot0	killed_fast	killed	-	-	-	-
134	engine_ctrl	inv	killed_fast	killed	-	-	-	-
135	engine_ctrl	cnot0	killed_full	survived	killed	-	-	-
136	engine_ctrl	inv	survived	survived	survived	not_proven	survived	-
137	engine_ctrl	cnot1	killed_fast	killed	-	-	-	-
138	engine_ctrl	const1	killed_full	survived	killed	-	-	-
139	engine_ctrl	cnot0	killed_fast	killed	-	-	-	-
140	engine_ctrl	inv	killed_full	survived	killed	-	-	-
141	engine_ctrl	const0	killed_full	survived	killed	-	-	-
142	engine_ctrl	const0	survived	survived	survived	not_proven	survived	-
143	engine_ctrl	cnot1	survived	survived	survived	not_proven	survived	-
144	engine_ctrl	inv	killed_fast	killed	-	-	-	-
145	engine_ctrl	cnot1	killed_fast	killed	-	-	-	-
146	engine_ctrl	const1	killed_full	survived	killed	-	-	-
147	engine_ctrl	cnot1	killed_full	survived	killed	-	-	-
148	engine_ctrl	const0	killed_fast	killed	-	-	-	-
149	engine_ctrl	cnot1	killed_fast	killed	-	-	-	-
150	engine_ctrl	inv	killed_full	survived	killed	-	-	-
151	engine_ctrl	const1	survived	survived	survived	not_proven	killed	-
152	engine_ctrl	cnot1	survived	survived	survived	not_proven	survived	-
153	engine_ctrl	const0	survived	survived	survived	not_proven	survived	-
154	engine_ctrl	const0	killed_full	survived	killed	-	-	-
155	engine_ctrl	const1	killed_fast	killed	-	-	-	-
156	engine_ctrl	cnot0	killed_fast	killed	-	-	-	-
157	engine_ctrl	const0	killed_full	survived	killed	-	-	-
158	engine_ctrl	inv	survived	survived	survived	not_proven	survived	-
159	engine_ctrl	const0	survived	survived	survived	equivalent	-	-
160	engine_ctrl	cnot1	survived	survived	survived	not_proven	survived	-
161	engine_ctrl	const1	killed_fast	killed	-	-	-	-
162	engine_ctrl	cnot0	killed_fast	killed	-	-	-	-
163	engine_ctrl	cnot0	killed_full	survived	killed	-	-	-
164	engine_ctrl	const1	killed_fast	killed	-	-	-	-
165	engine_ctrl	const1	killed_full	survived	killed	-	-	-
166	engine_ctrl	const0	survived	survived	survived	not_proven	survived	-
167	engine_ctrl	cnot1	survived	survived	survived	not_proven	survived	-
168	engine_ctrl	cnot1	survived	survived	survived	not_proven	survived	-
169	engine_ctrl	cnot1	killed_full	survived	killed	-	-	-
170	engine_ctrl	const1	killed_fast	killed	-	-	-	-
171	engine_ctrl	cnot1	killed_fast	killed	-	-	-	-
172	engine_ctrl	const1	killed_full	survived	killed	-	-	-
173	engine_ctrl	inv	killed_full	survived	killed	-	-	-
174	engine_ctrl	cnot0	killed_fast	killed	-	-	-	-
175	engine_ctrl	const0	killed_fast	killed	-	-	-	-
176	engine_ctrl	const0	survived	survived	survived	not_proven	survived	-
177	engine_ctrl	const1	killed_fast	killed	-	-	-	-
178	engine_ctrl	inv	killed_full	survived	killed	-	-	-
179	engine_ctrl	cnot0	killed_full	survived	killed	-	-	-
180	engine_ctrl	inv	killed_full	survived	killed	-	-	-
181	engine_ctrl	const0	survived	survived	survived	not_proven	killed	-
182	engine_ctrl	inv	killed_fast	killed	-	-	-	-
183	engine_ctrl	const0	survived	survived	survived	not_proven	survived	-
184	engine_ctrl	const1	killed_fast	killed	-	-	-	-
185	engine_ctrl	const1	survived	survived	survived	not_proven	killed	-
186	engine_ctrl	const1	killed_full	survived	killed	-	-	-
187	engine_ctrl	cnot1	survived	survived	survived	not_proven	survived	-
188	engine_ctrl	cnot1	killed_fast	killed	-	-	-	-
189	engine_ctrl	inv	killed_full	survived	killed	-	-	-
190	engine_ctrl	cnot0	killed_fast	killed	-	-	-	-
191	engine_ctrl	cnot0	killed_fast	killed	-	-	-	-
192	engine_ctrl	const0	killed_full	survived	killed	-	-	-
193	engine_ctrl	cnot0	killed_fast	killed	-	-	-	-
194	engine_ctrl	cnot1	killed_fast	killed	-	-	-	-
195	engine_ctrl	inv	killed_fast	killed	-	-	-	-
196	engine_ctrl	cnot1	killed_full	survived	killed	-	-	-
197	engine_ctrl	const0	killed_full	survived	killed	-	-	-
198	engine_ctrl	cnot1	killed_fast	killed	-	-	-	-
199	engine_ctrl	cnot1	survived	survived	survived	equivalent	-	-
200	engine_ctrl	inv	killed_fast	killed	-	-	-	-
201	engine_ctrl	const1	killed_fast	killed	-	-	-	-
202	engine_ctrl	cnot0	killed_fast	killed	-	-	-	-
203	engine_ctrl	const0	killed_full	survived	killed	-	-	-
204	engine_ctrl	cnot0	killed_full	survived	killed	-	-	-
205	engine_ctrl	const0	killed_full	survived	killed	-	-	-
206	engine_ctrl	inv	survived	survived	survived	not_proven	survived	-
207	engine_ctrl	inv	killed_fast	killed	-	-	-	-
208	engine_ctrl	cnot0	survived	survived	survived	not_proven	survived	-
209	engine_ctrl	const1	killed_fast	killed	-	-	-	-
210	engine_ctrl	inv	killed_fast	killed	-	-	-	-
211	engine_ctrl	const1	killed_fast	killed	-	-	-	-
212	engine_ctrl	inv	killed_fast	killed	-	-	-	-
213	engine_ctrl	const0	killed_fast	killed	-	-	-	-
214	engine_ctrl	inv	killed_fast	killed	-	-	-	-
215	engine_ctrl	cnot0	killed_fast	killed	-	-	-	-
216	engine_ctrl	inv	killed_full	survived	killed	-	-	-
217	engine_ctrl	inv	killed_fast	killed	-	-	-	-
218	engine_ctrl	const1	killed_fast	killed	-	-	-	-
219	engine_ctrl	const1	survived	survived	survived	not_proven	killed	-
220	engine_ctrl	cnot1	killed_full	survived	killed	-	-	-
221	engine_ctrl	const1	killed_fast	killed	-	-	-	-
222	engine_ctrl	cnot1	survived	survived	survived	not_proven	survived	-
223	engine_ctrl	const0	killed_fast	killed	-	-	-	-
224	engine_ctrl	const1	killed_fast	killed	-	-	-	-
225	engine_ctrl	cnot1	survived	survived	survived	not_proven	survived	-
226	engine_ctrl	const0	survived	survived	survived	not_proven	survived	-
227	engine_ctrl	cnot1	killed_full	survived	killed	-	-	-
228	engine_ctrl	const0	survived	survived	survived	not_proven	survived	-
229	engine_ctrl	cnot1	survived	survived	survived	not_proven	survived	-
230	engine_ctrl	const1	killed_full	survived	killed	-	-	-
231	engine_ctrl	const1	killed_fast	killed	-	-	-	-
232	engine_ctrl	const0	killed_full	survived	killed	-	-	-
233	engine_ctrl	const0	survived	survived	survived	equivalent	-	-
234	engine_ctrl	const1	killed_fast	killed	-	-	-	-
235	engine_ctrl	inv	killed_fast	killed	-	-	-	-
236	engine_ctrl	const1	killed_fast	killed	-	-	-	-
237	engine_ctrl	const0	killed_full	survived	killed	-	-	-
238	engine_ctrl	const0	killed_full	survived	killed	-	-	-
239	engine_ctrl	inv	killed_fast	killed	-	-	-	-
240	engine_ctrl	const0	survived	survived	survived	equivalent	-	-
241	engine_ctrl	cnot1	killed_full	survived	killed	-	-	-
242	engine_ctrl	inv	killed_full	survived	killed	-	-	-
243	engine_ctrl	inv	killed_fast	killed	-	-	-	-
244	engine_ctrl	cnot1	survived	survived	survived	not_proven	survived	-
245	engine_ctrl	const0	survived	survived	survived	not_proven	survived	-
246	engine_ctrl	cnot1	survived	survived	survived	equivalent	-	-
247	engine_ctrl	const0	killed_fast	killed	-	-	-	-
248	engine_ctrl	const1	killed_full	survived	killed	-	-	-
249	engine_ctrl	const0	survived	survived	survived	not_proven	survived	-
250	engine_ctrl	const1	killed_full	survived	killed	-	-	-
251	engine_ctrl	cnot0	survived	survived	survived	not_proven	killed	-
252	engine_ctrl	cnot1	killed_full	survived	killed	-	-	-
253	engine_ctrl	cnot0	killed_fast	killed	-	-	-	-
254	engine_ctrl	const0	survived	survived	survived	not_proven	survived	-
255	engine_ctrl	inv	killed_fast	killed	-	-	-	-
256	engine_ctrl	const1	killed_full	survived	killed	-	-	-
257	engine_ctrl	const1	killed_fast	killed	-	-	-	-
258	engine_ctrl	cnot1	killed_full	survived	killed	-	-	-
259	engine_ctrl	cnot0	killed_full	survived	killed	-	-	-
260	engine_ctrl	const0	survived	survived	survived	equivalent	-	-
261	engine_ctrl	cnot0	survived	survived	survived	not_proven	survived	-
262	engine_ctrl	inv	survived	survived	survived	not_proven	survived	-
263	engine_ctrl	const1	survived	survived	survived	equivalent	-	-
264	engine_ctrl	const1	killed_fast	killed	-	-	-	-
265	engine_ctrl	const0	killed_full	survived	killed	-	-	-
266	engine_ctrl	cnot0	killed_fast	killed	-	-	-	-
267	engine_ctrl	inv	killed_full	survived	killed	-	-	-
268	engine_ctrl	const1	killed_fast	killed	-	-	-	-
269	engine_ctrl	inv	killed_fast	killed	-	-	-	-
270	engine_ctrl	cnot0	killed_full	survived	killed	-	-	-
271	engine_ctrl	cnot0	killed_fast	killed	-	-	-	-
272	engine_ctrl	const1	killed_fast	killed	-	-	-	-
273	engine_ctrl	inv	killed_fast	killed	-	-	-	-
274	engine_ctrl	const0	survived	survived	survived	not_proven	killed	-
275	engine_ctrl	inv	killed_full	survived	killed	-	-	-
276	engine_ctrl	inv	survived	survived	survived	not_proven	killed	-
277	engine_ctrl	cnot1	killed_fast	killed	-	-	-	-
278	engine_ctrl	const0	killed_full	survived	killed	-	-	-
279	engine_ctrl	cnot0	killed_full	survived	killed	-	-	-
280	engine_ctrl	const0	killed_fast	killed	-	-	-	-
281	engine_ctrl	cnot0	killed_fast	killed	-	-	-	-
282	engine_ctrl	cnot0	killed_fast	killed	-	-	-	-
283	engine_ctrl	const0	killed_full	survived	killed	-	-	-
284	engine_ctrl	const0	killed_fast	killed	-	-	-	-
285	engine_ctrl	const1	killed_fast	killed	-	-	-	-
286	engine_ctrl	cnot1	killed_full	survived	killed	-	-	-
287	engine_ctrl	const0	killed_fast	killed	-	-	-	-
288	engine_ctrl	const0	killed_fast	killed	-	-	-	-
289	engine_ctrl	cnot1	killed_full	survived	killed	-	-	-
290	engine_ctrl	const0	killed_full	survived	killed	-	-	-
291	engine_ctrl	const1	killed_fast	killed	-	-	-	-
292	engine_ctrl	cnot0	killed_full	survived	killed	-	-	-
293	engine_ctrl	cnot1	survived	survived	survived	not_proven	survived	-
294	engine_ctrl	const1	killed_fast	killed	-	-	-	-
295	engine_ctrl	cnot0	killed_fast	killed	-	-	-	-
296	engine_ctrl	cnot1	survived	survived	survived	not_proven	killed	-
297	engine_ctrl	const0	killed_full	survived	killed	-	-	-
298	engine_ctrl	cnot0	killed_fast	killed	-	-	-	-
299	engine_ctrl	const0	killed_fast	killed	-	-	-	-
300	engine_ctrl	cnot1	killed_full	survived	killed	-	-	-
301	engine_ctrl	const0	survived	survived	survived	not_proven	survived	-
302	engine_ctrl	cnot0	killed_full	survived	killed	-	-	-
303	engine_ctrl	cnot0	survived	survived	survived	not_proven	survived	-
304	engine_ctrl	const0	killed_fast	killed	-	-	-	-
305	engine_ctrl	const0	survived	survived	survived	not_proven	survived	-
306	engine_ctrl	const1	killed_fast	killed	-	-	-	-
307	engine_ctrl	const1	killed_fast	killed	-	-	-	-
308	engine_ctrl	const1	killed_fast	killed	-	-	-	-
309	engine_ctrl	const1	killed_full	survived	killed	-	-	-
310	engine_ctrl	const1	killed_fast	killed	-	-	-	-
311	engine_ctrl	cnot0	killed_full	survived	killed	-	-	-
312	engine_ctrl	const1	killed_fast	killed	-	-	-	-
313	engine_ctrl	inv	killed_full	survived	killed	-	-	-
314	engine_ctrl	const0	survived	survived	survived	not_proven	survived	-
315	engine_ctrl	const0	killed_full	survived	killed	-	-	-
316	engine_ctrl	const0	survived	survived	survived	not_proven	survived	-
317	engine_ctrl	const1	killed_fast	killed	-	-	-	-
318	engine_ctrl	inv	killed_fast	killed	-	-	-	-
319	engine_ctrl	const1	killed_fast	killed	-	-	-	-
320	engine_ctrl	inv	killed_fast	killed	-	-	-	-
321	engine_ctrl	cnot1	killed_full	survived	killed	-	-	-
322	engine_ctrl	cnot1	killed_fast	killed	-	-	-	-
323	engine_ctrl	const0	killed_full	survived	killed	-	-	-
324	engine_ctrl	inv	killed_full	survived	killed	-	-	-
325	engine_ctrl	inv	killed_fast	killed	-	-	-	-
326	engine_ctrl	const0	survived	survived	survived	equivalent	-	-
327	engine_ctrl	inv	killed_fast	killed	-	-	-	-
328	engine_ctrl	inv	killed_fast	killed	-	-	-	-
329	engine_ctrl	cnot0	killed_fast	killed	-	-	-	-
330	engine_ctrl	inv	killed_fast	killed	-	-	-	-
331	engine_ctrl	cnot1	survived	survived	survived	not_proven	survived	-
332	engine_ctrl	const0	killed_fast	killed	-	-	-	-
333	engine_ctrl	cnot1	survived	survived	survived	not_proven	survived	-
334	engine_ctrl	inv	killed_fast	killed	-	-	-	-
335	engine_ctrl	cnot1	survived	survived	survived	not_proven	survived	-
336	engine_ctrl	cnot1	killed_full	survived	killed	-	-	-
337	engine_ctrl	const0	survived	survived	survived	equivalent	-	-
338	engine_ctrl	cnot0	killed_fast	killed	-	-	-	-
339	engine_ctrl	const0	killed_fast	killed	-	-	-	-
340	engine_ctrl	const1	killed_full	survived	killed	-	-	-
341	engine_ctrl	cnot1	killed_full	survived	killed	-	-	-
342	engine_ctrl	cnot0	killed_full	survived	killed	-	-	-
343	engine_ctrl	cnot1	killed_fast	killed	-	-	-	-
344	engine_ctrl	cnot0	killed_full	survived	killed	-	-	-
345	engine_ctrl	inv	killed_full	survived	killed	-	-	-
346	engine_ctrl	const0	survived	survived	survived	equivalent	-	-
347	engine_ctrl	cnot1	survived	survived	survived	not_proven	killed	-
348	engine_ctrl	cnot0	killed_full	survived	killed	-	-	-
349	engine_ctrl	cnot1	killed_full	survived	killed	-	-	-
350	engine_ctrl	cnot1	killed_fast	killed	-	-	-	-
351	engine_ctrl	const0	survived	survived	survived	not_proven	survived	-
352	engine_ctrl	const0	killed_full	survived	killed	-	-	-
353	engine_ctrl	const0	killed_full	survived	killed	-	-	-
354	engine_ctrl	cnot0	killed_fast	killed	-	-	-	-
355	engine_ctrl	cnot1	killed_fast	killed	-	-	-	-
356	engine_ctrl	cnot0	killed_fast	killed	-	-	-	-
357	engine_ctrl	cnot1	killed_full	survived	killed	-	-	-
358	engine_ctrl	inv	killed_fast	killed	-	-	-	-
359	engine_ctrl	const0	killed_fast	killed	-	-	-	-
360	engine_ctrl	inv	killed_fast	killed	-	-	-	-
361	engine_ctrl	cnot0	killed_fast	killed	-	-	-	-
362	engine_ctrl	const0	killed_fast	killed	-	-	-	-
363	engine_ctrl	const1	survived	survived	survived	not_proven	survived	-
364	engine_ctrl	const1	killed_full	survived	killed	-	-	-
365	engine_ctrl	cnot1	killed_fast	killed	-	-	-	-
366	engine_ctrl	cnot1	killed_full	survived	killed	-	-	-
367	engine_ctrl	const0	killed_full	survived	killed	-	-	-
368	engine_ctrl	cnot0	killed_fast	killed	-	-	-	-
369	engine_ctrl	cnot0	killed_full	survived	killed	-	-	-
370	engine_ctrl	cnot1	killed_full	survived	killed	-	-	-
371	engine_ctrl	const0	survived	survived	survived	not_proven	survived	-
372	engine_ctrl	cnot1	survived	survived	survived	not_proven	survived	-
373	engine_ctrl	cnot0	killed_full	survived	killed	-	-	-
374	engine_ctrl	const1	survived	survived	survived	not_proven	killed	-
375	engine_ctrl	const0	killed_fast	killed	-	-	-	-
376	engine_ctrl	inv	killed_fast	killed	-	-	-	-
377	engine_ctrl	const1	survived	survived	survived	not_proven	survived	-
378	engine_ctrl	const1	killed_full	survived	killed	-	-	-
379	engine_ctrl	cnot0	killed_full	survived	killed	-	-	-
380	engine_ctrl	inv	killed_full	survived	killed	-	-	-
381	engine_ctrl	const0	killed_fast	killed	-	-	-	-
382	engine_ctrl	inv	killed_fast	killed	-	-	-	-
383	engine_ctrl	cnot0	killed_full	survived	killed	-	-	-
384	engine_ctrl	const0	killed_full	survived	killed	-	-	-
385	engine_ctrl	inv	killed_fast	killed	-	-	-	-
386	engine_ctrl	cnot1	killed_fast	killed	-	-	-	-
387	engine_ctrl	const1	killed_full	survived	killed	-	-	-
388	engine_ctrl	const0	survived	survived	survived	not_proven	survived	-
389	engine_ctrl	cnot1	survived	survived	survived	not_proven	survived	-
390	engine_ctrl	inv	killed_fast	killed	-	-	-	-
391	engine_ctrl	const1	killed_full	survived	killed	-	-	-
392	engine_ctrl	const1	killed_fast	killed	-	-	-	-
393	engine_ctrl	const0	killed_full	survived	killed	-	-	-
394	engine_ctrl	const0	survived	survived	survived	not_proven	survived	-
395	engine_ctrl	const1	killed_full	survived	killed	-	-	-
396	engine_ctrl	cnot0	killed_full	survived	killed	-	-	-
397	engine_ctrl	cnot1	killed_fast	killed	-	-	-	-
398	engine_ctrl	const0	killed_fast	killed	-	-	-	-
399	engine_ctrl	const0	killed_fast	killed	-	-	-	-
400	engine_ctrl	const0	killed_fast	killed	-	-	-	-
401	engine_ctrl	cnot0	killed_fast	killed	-	-	-	-
402	engine_ctrl	const0	killed_full	survived	killed	-	-	-
403	engine_ctrl	cnot0	survived	survived	survived	not_proven	killed	-
404	engine_ctrl	cnot0	killed_full	survived	killed	-	-	-
405	engine_ctrl	const1	killed_fast	killed	-	-	-	-
406	engine_ctrl	cnot1	survived	survived	survived	not_proven	survived	-
407	engine_ctrl	cnot0	killed_full	survived	killed	-	-	-
408	engine_ctrl	inv	killed_full	survived	killed	-	-	-
409	engine_ctrl	cnot0	killed_full	survived	killed	-	-	-
410	engine_ctrl	const0	survived	survived	survived	not_proven	survived	-
411	engine_ctrl	const0	killed_fast	killed	-	-	-	-
412	engine_ctrl	cnot1	killed_fast	killed	-	-	-	-
413	engine_ctrl	const1	survived	survived	survived	not_proven	survived	-
414	engine_ctrl	const1	killed_full	survived	killed	-	-	-
415	engine_ctrl	cnot1	survived	survived	survived	equivalent	-	-
416	engine_ctrl	const1	killed_fast	killed	-	-	-	-
417	engine_ctrl	cnot0	killed_fast	killed	-	-	-	-
418	engine_ctrl	inv	killed_full	survived	killed	-	-	-
419	engine_ctrl	inv	killed_fast	killed	-	-	-	-
420	engine_ctrl	const1	killed_full	survived	killed	-	-	-
421	engine_ctrl	const0	survived	survived	survived	not_proven	survived	-
422	engine_ctrl	const1	killed_full	survived	killed	-	-	-
423	engine_ctrl	inv	killed_full	survived	killed	-	-	-
424	engine_ctrl	inv	killed_fast	killed	-	-	-	-
425	engine_ctrl	cnot0	killed_fast	killed	-	-	-	-
426	engine_ctrl	cnot1	killed_full	survived	killed	-	-	-
427	engine_ctrl	const1	survived	survived	survived	not_proven	killed	-
428	engine_ctrl	const1	killed_fast	killed	-	-	-	-
429	engine_ctrl	cnot0	killed_fast	killed	-	-	-	-
430	engine_ctrl	cnot0	killed_fast	killed	-	-	-	-
431	engine_ctrl	inv	killed_fast	killed	-	-	-	-
432	engine_ctrl	const1	killed_full	survived	killed	-	-	-
433	engine_ctrl	const1	killed_fast	killed	-	-	-	-
434	engine_ctrl	const1	killed_full	survived	killed	-	-	-
435	engine_ctrl	inv	killed_fast	killed	-	-	-	-
436	engine_ctrl	const0	killed_full	survived	killed	-	-	-
437	engine_ctrl	inv	killed_full	survived	killed	-	-	-
438	engine_ctrl	inv	killed_full	survived	killed	-	-	-
439	engine_ctrl	const0	killed_full	survived	killed	-	-	-
440	engine_ctrl	cnot0	killed_fast	killed	-	-	-	-
441	engine_ctrl	const1	killed_fast	killed	-	-	-	-
442	engine_ctrl	inv	killed_fast	killed	-	-	-	-
443	engine_ctrl	cnot1	killed_full	survived	killed	-	-	-
444	engine_ctrl	cnot0	killed_full	survived	killed	-	-	-
445	engine_ctrl	const0	killed_fast	killed	-	-	-	-
446	engine_ctrl	cnot0	killed_fast	killed	-	-	-	-
447	engine_ctrl	const1	killed_fast	killed	-	-	-	-
448	engine_ctrl	cnot1	killed_full	survived	killed	-	-	-
449	engine_ctrl	cnot0	killed_fast	killed	-	-	-	-
450	engine_ctrl	const1	killed_full	survived	killed	-	-	-
451	engine_ctrl	const1	killed_fast	killed	-	-	-	-
452	engine_ctrl	cnot0	survived	survived	survived	not_proven	survived	-
453	engine_ctrl	const1	killed_full	survived	killed	-	-	-
454	engine_ctrl	cnot0	survived	survived	survived	not_proven	survived	-
455	engine_ctrl	inv	killed_full	survived	killed	-	-	-
456	engine_ctrl	const0	killed_full	survived	killed	-	-	-
457	engine_ctrl	const1	killed_fast	killed	-	-	-	-
458	engine_ctrl	inv	survived	survived	survived	not_proven	survived	-
459	engine_ctrl	const0	killed_fast	killed	-	-	-	-
460	engine_ctrl	const0	killed_full	survived	killed	-	-	-
461	engine_ctrl	inv	killed_fast	killed	-	-	-	-
462	engine_ctrl	const0	killed_full	survived	killed	-	-	-
463	engine_ctrl	const1	killed_full	survived	killed	-	-	-
464	engine_ctrl	cnot0	killed_fast	killed	-	-	-	-
465	engine_ctrl	const1	killed_fast	killed	-	-	-	-
466	engine_ctrl	const1	killed_fast	killed	-	-	-	-
467	engine_ctrl	cnot1	killed_full	survived	killed	-	-	-
468	engine_ctrl	cnot0	killed_fast	killed	-	-	-	-
469	engine_ctrl	cnot0	killed_full	survived	killed	-	-	-
470	engine_ctrl	const0	killed_fast	killed	-	-	-	-
471	engine_ctrl	cnot0	killed_fast	killed	-	-	-	-
472	engine_ctrl	inv	killed_full	survived	killed	-	-	-
473	engine_ctrl	const0	survived	survived	survived	not_proven	survived	-
474	engine_ctrl	inv	killed_fast	killed	-	-	-	-
475	engine_ctrl	cnot0	killed_full	survived	killed	-	-	-
476	engine_ctrl	cnot0	killed_full	survived	killed	-	-	-
477	engine_ctrl	const0	survived	survived	survived	not_proven	survived	-
478	engine_ctrl	const1	killed_full	survived	killed	-	-	-
479	engine_ctrl	const0	survived	survived	survived	equivalent	-	-
480	engine_ctrl	cnot1	killed_fast	killed	-	-	-	-
481	engine_ctrl	cnot1	killed_full	survived	killed	-	-	-
482	engine_ctrl	inv	killed_fast	killed	-	-	-	-
483	engine_ctrl	const1	killed_full	survived	killed	-	-	-
484	engine_ctrl	cnot1	survived	survived	survived	not_proven	killed	-
485	engine_ctrl	const0	killed_full	survived	killed	-	-	-
486	engine_ctrl	const0	survived	survived	survived	equivalent	-	-
487	engine_ctrl	cnot0	killed_fast	killed	-	-	-	-
488	engine_ctrl	const0	survived	survived	survived	equivalent	-	-
489	engine_ctrl	cnot0	killed_fast	killed	-	-	-	-
490	engine_ctrl	const0	killed_full	survived	killed	-	-	-
491	engine_ctrl	const1	survived	survived	survived	equivalent	-	-
492	engine_ctrl	const1	killed_full	survived	killed	-	-	-
493	engine_ctrl	const1	killed_fast	killed	-	-	-	-
494	engine_ctrl	inv	killed_fast	killed	-	-	-	-
495	engine_ctrl	cnot1	survived	survived	survived	not_proven	killed	-
496	engine_ctrl	const0	killed_fast	killed	-	-	-	-
497	engine_ctrl	const1	killed_full	survived	killed	-	-	-
498	engine_ctrl	inv	killed_fast	killed	-	-	-	-
499	engine_ctrl	inv	killed_fast	killed	-	-	-	-
500	engine_ctrl	const1	killed_full	survived	killed	-	-	-
501	engine_ctrl	const1	killed_full	survived	killed	-	-	-
502	engine_ctrl	cnot0	killed_full	survived	killed	-	-	-
503	engine_ctrl	inv	killed_fast	killed	-	-	-	-
504	engine_ctrl	const0	killed_fast	killed	-	-	-	-
505	engine_ctrl	inv	killed_fast	killed	-	-	-	-
506	engine_ctrl	inv	survived	survived	survived	not_proven	killed	-
507	engine_ctrl	cnot1	killed_full	survived	killed	-	-	-
508	engine_ctrl	cnot0	killed_fast	killed	-	-	-	-
509	engine_ctrl	inv	survived	survived	survived	not_proven	survived	-
510	engine_ctrl	const0	killed_full	survived	killed	-	-	-
511	engine_ctrl	cnot1	killed_fast	killed	-	-	-	-
512	engine_ctrl	inv	killed_fast	killed	-	-	-	-
513	engine_ctrl	const0	killed_full	survived	killed	-	-	-
514	engine_ctrl	const0	killed_full	survived	killed	-	-	-
515	engine_ctrl	inv	killed_full	survived	killed	-	-	-
516	engine_ctrl	cnot1	survived	survived	survived	not_proven	survived	-
517	engine_ctrl	const1	killed_fast	killed	-	-	-	-
518	engine_ctrl	cnot1	killed_fast	killed	-	-	-	-
519	engine_ctrl	cnot1	survived	survived	survived	not_proven	survived	-
520	engine_ctrl	const0	killed_fast	killed	-	-	-	-
521	engine_ctrl	cnot1	killed_full	survived	killed	-	-	-
522	engine_ctrl	inv	killed_fast	killed	-	-	-	-
523	engine_ctrl	const1	killed_full	survived	killed	-	-	-
524	engine_ctrl	inv	killed_fast	killed	-	-	-	-
525	engine_ctrl	inv	killed_fast	killed	-	-	-	-
526	engine_ctrl	cnot0	killed_full	survived	killed	-	-	-
527	engine_ctrl	const0	survived	survived	survived	not_proven	survived	-
528	engine_ctrl	cnot1	killed_fast	killed	-	-	-	-
529	engine_ctrl	cnot1	survived	survived	survived	equivalent	-	-
530	engine_ctrl	cnot0	killed_fast	killed	-	-	-	-
531	engine_ctrl	cnot0	killed_fast	killed	-	-	-	-
532	engine_ctrl	cnot0	survived	survived	survived	not_proven	survived	-
533	engine_ctrl	cnot0	killed_fast	killed	-	-	-	-
534	engine_ctrl	inv	killed_full	survived	killed	-	-	-
535	engine_ctrl	inv	killed_fast	killed	-	-	-	-
536	engine_ctrl	const0	killed_fast	killed	-	-	-	-
537	engine_ctrl	const1	killed_full	survived	killed	-	-	-
538	engine_ctrl	inv	killed_full	survived	killed	-	-	-
539	engine_ctrl	cnot1	killed_full	survived	killed	-	-	-
540	engine_ctrl	const1	killed_full	survived	killed	-	-	-
541	engine_ctrl	const0	killed_fast	killed	-	-	-	-
542	engine_ctrl	cnot1	killed_full	survived	killed	-	-	-
543	engine_ctrl	inv	killed_fast	killed	-	-	-	-
544	engine_ctrl	cnot1	killed_fast	killed	-	-	-	-
545	engine_ctrl	const1	killed_fast	killed	-	-	-	-
546	engine_ctrl	const1	killed_fast	killed	-	-	-	-
547	engine_ctrl	const1	killed_fast	killed	-	-	-	-
548	engine_ctrl	cnot0	killed_fast	killed	-	-	-	-
549	engine_ctrl	const1	killed_fast	killed	-	-	-	-
550	engine_ctrl	cnot0	killed_fast	killed	-	-	-	-
551	host	cnot0	killed_fast	killed	-	-	-	-
552	host	const1	killed_fast	killed	-	-	-	-
553	host	cnot1	killed_full	survived	killed	-	-	-
554	host	const1	killed_fast	killed	-	-	-	-
555	host	const0	killed_fast	killed	-	-	-	-
556	host	const1	survived	survived	survived	equivalent	-	-
557	host	const0	killed_fast	killed	-	-	-	-
558	host	const0	survived	survived	survived	not_proven	survived	-
559	host	cnot1	survived	survived	survived	not_proven	killed	-
560	host	inv	killed_fast	killed	-	-	-	-
561	host	const0	killed_fast	killed	-	-	-	-
562	host	inv	killed_full	survived	killed	-	-	-
563	host	const1	killed_fast	killed	-	-	-	-
564	host	const0	killed_fast	killed	-	-	-	-
565	host	const1	killed_fast	killed	-	-	-	-
566	host	inv	killed_fast	killed	-	-	-	-
567	host	inv	killed_fast	killed	-	-	-	-
568	host	inv	killed_fast	killed	-	-	-	-
569	host	cnot1	killed_fast	killed	-	-	-	-
570	host	const1	killed_fast	killed	-	-	-	-
571	host	inv	killed_fast	killed	-	-	-	-
572	host	cnot1	survived	survived	survived	equivalent	-	-
573	host	cnot0	killed_fast	killed	-	-	-	-
574	host	inv	killed_fast	killed	-	-	-	-
575	host	const1	killed_fast	killed	-	-	-	-
576	host	inv	killed_fast	killed	-	-	-	-
577	host	const1	killed_fast	killed	-	-	-	-
578	host	cnot0	killed_fast	killed	-	-	-	-
579	host	const1	killed_fast	killed	-	-	-	-
580	host	const0	killed_fast	killed	-	-	-	-
581	host	const1	killed_fast	killed	-	-	-	-
582	host	inv	killed_fast	killed	-	-	-	-
583	host	const0	killed_fast	killed	-	-	-	-
584	host	const0	killed_fast	killed	-	-	-	-
585	host	const0	killed_fast	killed	-	-	-	-
586	host	const0	killed_fast	killed	-	-	-	-
587	host	const0	killed_full	survived	killed	-	-	-
588	host	const0	killed_fast	killed	-	-	-	-
589	host	cnot1	killed_fast	killed	-	-	-	-
590	host	cnot1	killed_fast	killed	-	-	-	-
591	host	const1	killed_fast	killed	-	-	-	-
592	host	cnot1	killed_fast	killed	-	-	-	-
593	host	const0	killed_fast	killed	-	-	-	-
594	host	inv	killed_fast	killed	-	-	-	-
595	host	const1	killed_fast	killed	-	-	-	-
596	host	const1	killed_fast	killed	-	-	-	-
597	host	inv	killed_fast	killed	-	-	-	-
598	host	const0	survived	survived	survived	not_proven	survived	-
599	host	inv	killed_fast	killed	-	-	-	-
600	host	const0	killed_fast	killed	-	-	-	-
601	host	inv	killed_fast	killed	-	-	-	-
602	host	const0	killed_fast	killed	-	-	-	-
603	host	inv	killed_fast	killed	-	-	-	-
604	host	cnot1	killed_fast	killed	-	-	-	-
605	host	inv	killed_fast	killed	-	-	-	-
606	host	const1	killed_fast	killed	-	-	-	-
607	host	inv	killed_fast	killed	-	-	-	-
608	host	inv	killed_fast	killed	-	-	-	-
609	host	inv	killed_fast	killed	-	-	-	-
610	host	const1	killed_fast	killed	-	-	-	-
611	host	const1	killed_fast	killed	-	-	-	-
612	host	cnot0	killed_fast	killed	-	-	-	-
613	host	const0	killed_fast	killed	-	-	-	-
614	host	inv	killed_fast	killed	-	-	-	-
615	host	const1	killed_full	survived	killed	-	-	-
616	host	inv	killed_fast	killed	-	-	-	-
617	host	const0	killed_fast	killed	-	-	-	-
618	host	const0	killed_fast	killed	-	-	-	-
619	host	inv	killed_fast	killed	-	-	-	-
620	host	const0	survived	survived	survived	not_proven	killed	-
621	host	const1	killed_fast	killed	-	-	-	-
622	host	const0	killed_fast	killed	-	-	-	-
623	host	const1	killed_fast	killed	-	-	-	-
624	host	const1	killed_fast	killed	-	-	-	-
625	host	const0	killed_fast	killed	-	-	-	-
626	host	const0	killed_fast	killed	-	-	-	-
627	host	inv	survived	survived	survived	equivalent	-	-
628	host	inv	killed_fast	killed	-	-	-	-
629	host	const0	killed_fast	killed	-	-	-	-
630	host	const0	killed_fast	killed	-	-	-	-
631	host	cnot0	killed_fast	killed	-	-	-	-
632	host	cnot0	killed_fast	killed	-	-	-	-
633	host	const0	killed_fast	killed	-	-	-	-
634	host	inv	killed_fast	killed	-	-	-	-
635	host	inv	killed_fast	killed	-	-	-	-
636	host	cnot0	killed_fast	killed	-	-	-	-
637	host	const1	killed_fast	killed	-	-	-	-
638	host	const1	survived	survived	survived	not_proven	killed	-
639	host	cnot0	killed_fast	killed	-	-	-	-
640	host	const1	killed_fast	killed	-	-	-	-
641	host	inv	killed_fast	killed	-	-	-	-
642	host	inv	killed_fast	killed	-	-	-	-
643	host	cnot0	killed_fast	killed	-	-	-	-
644	host	inv	killed_fast	killed	-	-	-	-
645	host	const0	killed_fast	killed	-	-	-	-
646	host	cnot0	killed_fast	killed	-	-	-	-
647	host	cnot1	survived	survived	survived	equivalent	-	-
648	host	const0	killed_fast	killed	-	-	-	-
649	host	inv	killed_fast	killed	-	-	-	-
650	host	inv	killed_fast	killed	-	-	-	-
651	host	const0	killed_fast	killed	-	-	-	-
652	host	const1	killed_fast	killed	-	-	-	-
653	host	inv	killed_fast	killed	-	-	-	-
654	host	inv	killed_fast	killed	-	-	-	-
655	host	const1	killed_fast	killed	-	-	-	-
656	host	inv	killed_fast	killed	-	-	-	-
657	host	inv	killed_fast	killed	-	-	-	-
658	host	const1	killed_fast	killed	-	-	-	-
659	host	inv	killed_full	survived	killed	-	-	-
660	host	const1	killed_fast	killed	-	-	-	-
661	host	cnot0	killed_fast	killed	-	-	-	-
662	host	const1	killed_fast	killed	-	-	-	-
663	host	const0	killed_full	survived	killed	-	-	-
664	host	cnot0	killed_fast	killed	-	-	-	-
665	host	inv	killed_fast	killed	-	-	-	-
666	host	cnot0	killed_fast	killed	-	-	-	-
667	host	const0	killed_full	survived	killed	-	-	-
668	host	cnot0	killed_fast	killed	-	-	-	-
669	host	cnot0	killed_fast	killed	-	-	-	-
670	host	const1	killed_fast	killed	-	-	-	-
671	host	const1	killed_fast	killed	-	-	-	-
672	host	cnot0	killed_fast	killed	-	-	-	-
673	host	inv	killed_fast	killed	-	-	-	-
674	host	inv	killed_fast	killed	-	-	-	-
675	host	const0	killed_fast	killed	-	-	-	-
676	host	const0	killed_fast	killed	-	-	-	-
677	host	const0	survived	survived	survived	equivalent	-	-
678	host	inv	killed_fast	killed	-	-	-	-
679	host	const0	killed_fast	killed	-	-	-	-
680	host	const0	killed_fast	killed	-	-	-	-
681	host	cnot1	survived	survived	survived	equivalent	-	-
682	host	cnot0	killed_fast	killed	-	-	-	-
683	host	const1	killed_fast	killed	-	-	-	-
684	host	const1	killed_fast	killed	-	-	-	-
685	host	const0	killed_fast	killed	-	-	-	-
686	host	const0	killed_fast	killed	-	-	-	-
687	host	const0	killed_fast	killed	-	-	-	-
688	host	const1	killed_fast	killed	-	-	-	-
689	host	const1	survived	survived	survived	not_proven	killed	-
690	host	const0	killed_fast	killed	-	-	-	-
691	host	const0	survived	survived	survived	not_proven	survived	-
692	host	const0	killed_fast	killed	-	-	-	-
693	host	cnot1	killed_fast	killed	-	-	-	-
694	host	const1	killed_fast	killed	-	-	-	-
695	host	inv	killed_fast	killed	-	-	-	-
696	host	const1	killed_fast	killed	-	-	-	-
697	host	const1	killed_fast	killed	-	-	-	-
698	host	cnot0	killed_fast	killed	-	-	-	-
699	host	const0	killed_fast	killed	-	-	-	-
700	host	inv	killed_fast	killed	-	-	-	-
701	host	const1	killed_fast	killed	-	-	-	-
702	host	const0	killed_fast	killed	-	-	-	-
703	host	const0	killed_fast	killed	-	-	-	-
704	host	const0	killed_fast	killed	-	-	-	-
705	host	const0	killed_fast	killed	-	-	-	-
706	host	const1	killed_fast	killed	-	-	-	-
707	host	const1	killed_fast	killed	-	-	-	-
708	host	const1	killed_fast	killed	-	-	-	-
709	host	const1	killed_fast	killed	-	-	-	-
710	host	const1	killed_fast	killed	-	-	-	-
711	host	cnot1	killed_fast	killed	-	-	-	-
712	host	inv	killed_fast	killed	-	-	-	-
713	host	const1	killed_fast	killed	-	-	-	-
714	host	const0	killed_fast	killed	-	-	-	-
715	host	const1	killed_fast	killed	-	-	-	-
716	host	const0	killed_fast	killed	-	-	-	-
717	host	const0	survived	survived	survived	not_proven	survived	-
718	host	const1	killed_fast	killed	-	-	-	-
719	host	inv	killed_fast	killed	-	-	-	-
720	host	const0	killed_fast	killed	-	-	-	-
721	host	const0	killed_fast	killed	-	-	-	-
722	host	const0	survived	survived	survived	equivalent	-	-
723	host	inv	killed_fast	killed	-	-	-	-
724	host	inv	killed_fast	killed	-	-	-	-
725	host	const0	killed_fast	killed	-	-	-	-
726	host	const0	killed_fast	killed	-	-	-	-
727	host	const0	killed_fast	killed	-	-	-	-
728	host	const1	killed_fast	killed	-	-	-	-
729	host	inv	killed_fast	killed	-	-	-	-
730	host	inv	killed_fast	killed	-	-	-	-
731	host	const0	killed_fast	killed	-	-	-	-
732	host	const0	killed_fast	killed	-	-	-	-
733	host	const0	killed_fast	killed	-	-	-	-
734	host	inv	killed_fast	killed	-	-	-	-
735	host	inv	killed_fast	killed	-	-	-	-
736	host	const1	killed_fast	killed	-	-	-	-
737	host	const1	killed_full	survived	killed	-	-	-
738	host	inv	killed_fast	killed	-	-	-	-
739	host	const0	killed_fast	killed	-	-	-	-
740	host	const1	killed_full	survived	killed	-	-	-
741	host	const0	killed_fast	killed	-	-	-	-
742	host	const1	killed_fast	killed	-	-	-	-
743	host	inv	killed_fast	killed	-	-	-	-
744	host	cnot0	killed_fast	killed	-	-	-	-
745	host	inv	killed_fast	killed	-	-	-	-
746	host	const1	killed_fast	killed	-	-	-	-
747	host	cnot1	survived	survived	survived	equivalent	-	-
748	host	const1	killed_fast	killed	-	-	-	-
749	host	cnot1	killed_fast	killed	-	-	-	-
750	host	const1	killed_fast	killed	-	-	-	-
751	host	const0	killed_fast	killed	-	-	-	-
752	host	inv	killed_full	survived	killed	-	-	-
753	host	cnot1	killed_full	survived	killed	-	-	-
754	host	cnot0	killed_fast	killed	-	-	-	-
755	host	const0	killed_fast	killed	-	-	-	-
756	host	const1	killed_fast	killed	-	-	-	-
757	host	inv	killed_fast	killed	-	-	-	-
758	host	const0	killed_full	survived	killed	-	-	-
759	host	const0	killed_full	survived	killed	-	-	-
760	host	const1	killed_fast	killed	-	-	-	-
761	host	const1	survived	survived	survived	not_proven	killed	-
762	host	const0	killed_fast	killed	-	-	-	-
763	host	const1	killed_fast	killed	-	-	-	-
764	host	inv	killed_fast	killed	-	-	-	-
765	host	const1	killed_fast	killed	-	-	-	-
766	host	const1	survived	survived	survived	equivalent	-	-
767	host	const1	killed_fast	killed	-	-	-	-
768	host	const0	killed_fast	killed	-	-	-	-
769	host	cnot1	survived	survived	survived	equivalent	-	-
770	host	inv	killed_fast	killed	-	-	-	-
771	host	const0	killed_fast	killed	-	-	-	-
772	host	const0	killed_fast	killed	-	-	-	-
773	host	const1	killed_fast	killed	-	-	-	-
774	host	const1	killed_full	survived	killed	-	-	-
775	host	inv	killed_fast	killed	-	-	-	-
776	host	inv	killed_fast	killed	-	-	-	-
777	host	const1	survived	survived	survived	not_proven	killed	-
778	host	inv	killed_fast	killed	-	-	-	-
779	host	const1	killed_fast	killed	-	-	-	-
780	host	const1	killed_fast	killed	-	-	-	-
781	host	inv	killed_fast	killed	-	-	-	-
782	host	const1	killed_fast	killed	-	-	-	-
783	host	const1	killed_fast	killed	-	-	-	-
784	host	cnot0	killed_fast	killed	-	-	-	-
785	host	const0	survived	survived	survived	not_proven	killed	-
786	host	cnot1	killed_fast	killed	-	-	-	-
787	host	const0	killed_fast	killed	-	-	-	-
788	host	inv	killed_fast	killed	-	-	-	-
789	host	const0	killed_full	survived	killed	-	-	-
790	host	const0	killed_fast	killed	-	-	-	-
791	host	const0	killed_full	survived	killed	-	-	-
792	host	const0	killed_fast	killed	-	-	-	-
793	host	const1	killed_fast	killed	-	-	-	-
794	host	inv	killed_fast	killed	-	-	-	-
795	host	const0	killed_fast	killed	-	-	-	-
796	host	cnot0	killed_fast	killed	-	-	-	-
797	host	inv	killed_fast	killed	-	-	-	-
798	host	inv	killed_fast	killed	-	-	-	-
799	host	const0	killed_full	survived	killed	-	-	-
800	host	inv	killed_fast	killed	-	-	-	-
801	host	inv	killed_fast	killed	-	-	-	-
802	host	cnot1	survived	survived	survived	not_proven	survived	-
803	host	inv	killed_fast	killed	-	-	-	-
804	host	const1	killed_fast	killed	-	-	-	-
805	host	cnot1	killed_fast	killed	-	-	-	-
806	host	const0	killed_fast	killed	-	-	-	-
807	host	inv	killed_fast	killed	-	-	-	-
808	host	const0	killed_fast	killed	-	-	-	-
809	host	const1	killed_fast	killed	-	-	-	-
810	host	inv	killed_fast	killed	-	-	-	-
811	host	inv	killed_fast	killed	-	-	-	-
812	host	const0	killed_fast	killed	-	-	-	-
813	host	const1	killed_fast	killed	-	-	-	-
814	host	cnot0	killed_fast	killed	-	-	-	-
815	host	inv	killed_fast	killed	-	-	-	-
816	host	const0	killed_fast	killed	-	-	-	-
817	host	const0	killed_fast	killed	-	-	-	-
818	host	const0	killed_fast	killed	-	-	-	-
819	host	inv	killed_fast	killed	-	-	-	-
820	host	const1	killed_fast	killed	-	-	-	-
821	host	const0	killed_fast	killed	-	-	-	-
822	host	const0	killed_fast	killed	-	-	-	-
823	host	inv	killed_fast	killed	-	-	-	-
824	host	const0	survived	survived	survived	equivalent	-	-
825	host	const1	killed_fast	killed	-	-	-	-
826	host	cnot0	killed_fast	killed	-	-	-	-
827	host	cnot0	killed_fast	killed	-	-	-	-
828	host	const0	killed_fast	killed	-	-	-	-
829	host	const1	survived	survived	survived	equivalent	-	-
830	host	const0	killed_fast	killed	-	-	-	-
831	host	inv	killed_full	survived	killed	-	-	-
832	host	inv	killed_fast	killed	-	-	-	-
833	host	const0	killed_fast	killed	-	-	-	-
834	host	inv	killed_fast	killed	-	-	-	-
835	host	const1	killed_fast	killed	-	-	-	-
836	host	const1	killed_fast	killed	-	-	-	-
837	host	cnot0	killed_fast	killed	-	-	-	-
838	host	inv	killed_fast	killed	-	-	-	-
839	host	const0	killed_full	survived	killed	-	-	-
840	host	const1	killed_fast	killed	-	-	-	-
841	host	cnot1	survived	survived	survived	equivalent	-	-
842	host	const0	killed_fast	killed	-	-	-	-
843	host	const1	killed_fast	killed	-	-	-	-
844	host	const1	killed_fast	killed	-	-	-	-
845	host	const0	killed_fast	killed	-	-	-	-
846	host	const1	killed_fast	killed	-	-	-	-
847	host	const1	killed_fast	killed	-	-	-	-
848	host	const1	killed_fast	killed	-	-	-	-
849	host	inv	killed_fast	killed	-	-	-	-
850	host	inv	killed_fast	killed	-	-	-	-
851	host	inv	killed_fast	killed	-	-	-	-
852	host	const1	killed_fast	killed	-	-	-	-
853	host	const1	killed_fast	killed	-	-	-	-
854	host	inv	killed_fast	killed	-	-	-	-
855	host	const0	survived	survived	survived	not_proven	killed	-
856	host	const1	killed_fast	killed	-	-	-	-
857	host	inv	killed_fast	killed	-	-	-	-
858	host	const1	survived	survived	survived	not_proven	survived	-
859	host	const1	killed_fast	killed	-	-	-	-
860	host	const0	killed_fast	killed	-	-	-	-
861	host	const1	killed_fast	killed	-	-	-	-
862	host	const0	killed_fast	killed	-	-	-	-
863	host	inv	killed_fast	killed	-	-	-	-
864	host	const1	killed_fast	killed	-	-	-	-
865	host	const1	survived	survived	survived	not_proven	survived	-
866	host	const0	killed_fast	killed	-	-	-	-
867	host	const0	killed_fast	killed	-	-	-	-
868	host	const0	killed_fast	killed	-	-	-	-
869	host	inv	killed_full	survived	killed	-	-	-
870	host	const0	killed_fast	killed	-	-	-	-
871	host	inv	killed_fast	killed	-	-	-	-
872	host	const1	killed_fast	killed	-	-	-	-
873	host	const0	killed_fast	killed	-	-	-	-
874	host	const1	killed_fast	killed	-	-	-	-
875	host	const0	killed_fast	killed	-	-	-	-
876	host	inv	killed_fast	killed	-	-	-	-
877	host	const1	killed_fast	killed	-	-	-	-
878	host	const1	killed_fast	killed	-	-	-	-
879	host	const0	killed_fast	killed	-	-	-	-
880	host	inv	killed_fast	killed	-	-	-	-
881	host	const1	killed_fast	killed	-	-	-	-
882	host	const0	killed_fast	killed	-	-	-	-
883	host	const0	killed_fast	killed	-	-	-	-
884	host	inv	killed_fast	killed	-	-	-	-
885	host	const0	killed_fast	killed	-	-	-	-
886	host	inv	killed_fast	killed	-	-	-	-
887	host	inv	killed_fast	killed	-	-	-	-
888	host	const0	killed_fast	killed	-	-	-	-
889	host	const1	killed_fast	killed	-	-	-	-
890	host	cnot0	killed_fast	killed	-	-	-	-
891	host	const0	killed_fast	killed	-	-	-	-
892	host	const1	killed_fast	killed	-	-	-	-
893	host	const0	killed_fast	killed	-	-	-	-
894	host	const1	killed_full	survived	killed	-	-	-
895	host	const1	killed_fast	killed	-	-	-	-
896	host	const0	killed_fast	killed	-	-	-	-
897	host	inv	killed_fast	killed	-	-	-	-
898	host	const0	killed_fast	killed	-	-	-	-
899	host	const1	killed_fast	killed	-	-	-	-
900	host	const1	killed_fast	killed	-	-	-	-
901	host	inv	killed_fast	killed	-	-	-	-
902	host	inv	killed_fast	killed	-	-	-	-
903	host	const1	killed_fast	killed	-	-	-	-
904	host	const0	killed_fast	killed	-	-	-	-
905	host	const1	survived	survived	survived	not_proven	survived	-
906	host	const1	killed_fast	killed	-	-	-	-
907	host	inv	killed_fast	killed	-	-	-	-
908	host	const1	killed_fast	killed	-	-	-	-
909	host	inv	killed_fast	killed	-	-	-	-
910	host	const0	killed_full	survived	killed	-	-	-
911	host	const0	killed_fast	killed	-	-	-	-
912	host	const1	killed_fast	killed	-	-	-	-
913	host	const1	killed_fast	killed	-	-	-	-
914	host	inv	killed_fast	killed	-	-	-	-
915	host	const0	killed_fast	killed	-	-	-	-
916	host	const1	killed_fast	killed	-	-	-	-
917	host	inv	killed_fast	killed	-	-	-	-
918	host	const0	killed_fast	killed	-	-	-	-
919	host	const1	killed_fast	killed	-	-	-	-
920	host	inv	killed_fast	killed	-	-	-	-
921	host	const0	killed_fast	killed	-	-	-	-
922	host	cnot0	killed_fast	killed	-	-	-	-
923	host	inv	killed_fast	killed	-	-	-	-
924	host	inv	killed_fast	killed	-	-	-	-
925	host	const0	killed_fast	killed	-	-	-	-
926	host	const0	killed_full	survived	killed	-	-	-
927	host	inv	killed_fast	killed	-	-	-	-
928	host	const1	survived	survived	survived	not_proven	survived	-
929	host	inv	killed_fast	killed	-	-	-	-
930	host	const1	killed_fast	killed	-	-	-	-
931	host	const1	killed_fast	killed	-	-	-	-
932	host	const1	killed_full	survived	killed	-	-	-
933	host	const0	killed_fast	killed	-	-	-	-
934	host	const0	killed_fast	killed	-	-	-	-
935	host	const1	killed_fast	killed	-	-	-	-
936	host	inv	killed_fast	killed	-	-	-	-
937	host	const0	killed_fast	killed	-	-	-	-
938	host	const0	killed_fast	killed	-	-	-	-
939	host	inv	killed_fast	killed	-	-	-	-
940	host	inv	killed_fast	killed	-	-	-	-
941	host	const0	killed_fast	killed	-	-	-	-
942	host	const0	killed_fast	killed	-	-	-	-
943	host	inv	killed_fast	killed	-	-	-	-
944	host	inv	killed_fast	killed	-	-	-	-
945	host	const1	killed_fast	killed	-	-	-	-
946	host	const1	killed_fast	killed	-	-	-	-
947	host	inv	killed_fast	killed	-	-	-	-
948	host	const0	killed_fast	killed	-	-	-	-
949	host	const1	killed_fast	killed	-	-	-	-
950	host	const1	killed_full	survived	killed	-	-	-
951	mover	cnot1	survived	survived	survived	not_proven	survived	-
952	mover	inv	killed_full	survived	killed	-	-	-
953	mover	const0	killed_full	survived	killed	-	-	-
954	mover	inv	killed_fast	killed	-	-	-	-
955	mover	cnot1	killed_full	survived	killed	-	-	-
956	mover	const1	killed_fast	killed	-	-	-	-
957	mover	const1	killed_fast	killed	-	-	-	-
958	mover	const1	survived	survived	survived	equivalent	-	-
959	mover	inv	killed_fast	killed	-	-	-	-
960	mover	const1	killed_fast	killed	-	-	-	-
961	mover	cnot1	killed_full	survived	killed	-	-	-
962	mover	cnot1	killed_full	survived	killed	-	-	-
963	mover	inv	killed_full	survived	killed	-	-	-
964	mover	const1	killed_fast	killed	-	-	-	-
965	mover	cnot1	killed_full	survived	killed	-	-	-
966	mover	inv	killed_fast	killed	-	-	-	-
967	mover	const1	killed_fast	killed	-	-	-	-
968	mover	const1	killed_fast	killed	-	-	-	-
969	mover	const1	killed_full	survived	killed	-	-	-
970	mover	const0	killed_full	survived	killed	-	-	-
971	mover	cnot1	killed_full	survived	killed	-	-	-
972	mover	const1	killed_fast	killed	-	-	-	-
973	mover	const1	killed_fast	killed	-	-	-	-
974	mover	inv	killed_fast	killed	-	-	-	-
975	mover	const1	killed_fast	killed	-	-	-	-
976	mover	cnot0	killed_fast	killed	-	-	-	-
977	mover	const1	killed_full	survived	killed	-	-	-
978	mover	inv	killed_fast	killed	-	-	-	-
979	mover	const0	killed_full	survived	killed	-	-	-
980	mover	const1	killed_fast	killed	-	-	-	-
981	mover	const1	killed_fast	killed	-	-	-	-
982	mover	const1	killed_full	survived	killed	-	-	-
983	mover	const1	killed_full	survived	killed	-	-	-
984	mover	inv	killed_full	survived	killed	-	-	-
985	mover	const0	killed_full	survived	killed	-	-	-
986	mover	const0	survived	survived	survived	not_proven	survived	-
987	mover	const1	survived	survived	survived	not_proven	survived	-
988	mover	const0	killed_fast	killed	-	-	-	-
989	mover	const1	survived	survived	survived	not_proven	survived	-
990	mover	const0	killed_full	survived	killed	-	-	-
991	mover	const0	survived	survived	survived	not_proven	survived	-
992	mover	const0	killed_full	survived	killed	-	-	-
993	mover	const1	killed_full	survived	killed	-	-	-
994	mover	cnot0	killed_full	survived	killed	-	-	-
995	mover	const0	survived	survived	survived	not_proven	survived	-
996	mover	cnot0	killed_full	survived	killed	-	-	-
997	mover	const1	killed_full	survived	killed	-	-	-
998	mover	inv	killed_fast	killed	-	-	-	-
999	mover	const0	killed_full	survived	killed	-	-	-
1000	mover	cnot0	killed_fast	killed	-	-	-	-
1001	mover	const0	killed_full	survived	killed	-	-	-
1002	mover	inv	killed_fast	killed	-	-	-	-
1003	mover	inv	killed_fast	killed	-	-	-	-
1004	mover	inv	killed_full	survived	killed	-	-	-
1005	mover	const0	killed_full	survived	killed	-	-	-
1006	mover	const0	killed_full	survived	killed	-	-	-
1007	mover	cnot0	killed_full	survived	killed	-	-	-
1008	mover	inv	killed_full	survived	killed	-	-	-
1009	mover	const1	killed_fast	killed	-	-	-	-
1010	mover	const0	killed_fast	killed	-	-	-	-
1011	mover	cnot0	killed_full	survived	killed	-	-	-
1012	mover	inv	killed_fast	killed	-	-	-	-
1013	mover	inv	killed_full	survived	killed	-	-	-
1014	mover	inv	killed_full	survived	killed	-	-	-
1015	mover	inv	killed_fast	killed	-	-	-	-
1016	mover	inv	killed_fast	killed	-	-	-	-
1017	mover	const0	survived	survived	survived	not_proven	killed	-
1018	mover	inv	killed_fast	killed	-	-	-	-
1019	mover	cnot0	killed_fast	killed	-	-	-	-
1020	mover	const1	survived	survived	survived	not_proven	survived	-
1021	mover	const1	killed_full	survived	killed	-	-	-
1022	mover	inv	killed_fast	killed	-	-	-	-
1023	mover	const1	killed_full	survived	killed	-	-	-
1024	mover	const0	killed_full	survived	killed	-	-	-
1025	mover	inv	killed_fast	killed	-	-	-	-
1026	mover	inv	killed_full	survived	killed	-	-	-
1027	mover	inv	killed_full	survived	killed	-	-	-
1028	mover	const1	killed_full	survived	killed	-	-	-
1029	mover	const1	killed_full	survived	killed	-	-	-
1030	mover	inv	killed_full	survived	killed	-	-	-
1031	mover	const1	killed_full	survived	killed	-	-	-
1032	mover	inv	killed_full	survived	killed	-	-	-
1033	mover	inv	killed_fast	killed	-	-	-	-
1034	mover	const0	killed_fast	killed	-	-	-	-
1035	mover	inv	killed_full	survived	killed	-	-	-
1036	mover	const1	killed_full	survived	killed	-	-	-
1037	mover	const1	killed_full	survived	killed	-	-	-
1038	mover	const0	killed_full	survived	killed	-	-	-
1039	mover	const1	killed_fast	killed	-	-	-	-
1040	mover	inv	killed_full	survived	killed	-	-	-
1041	mover	inv	killed_fast	killed	-	-	-	-
1042	mover	const0	killed_full	survived	killed	-	-	-
1043	mover	const1	killed_fast	killed	-	-	-	-
1044	mover	const0	killed_full	survived	killed	-	-	-
1045	mover	const1	killed_full	survived	killed	-	-	-
1046	mover	cnot0	killed_full	survived	killed	-	-	-
1047	mover	const0	killed_full	survived	killed	-	-	-
1048	mover	cnot0	survived	survived	survived	equivalent	-	-
1049	mover	const1	killed_full	survived	killed	-	-	-
1050	mover	const0	killed_full	survived	killed	-	-	-
1051	mover	const0	killed_full	survived	killed	-	-	-
1052	mover	const0	killed_full	survived	killed	-	-	-
1053	mover	const0	survived	survived	survived	equivalent	-	-
1054	mover	inv	killed_fast	killed	-	-	-	-
1055	mover	inv	killed_full	survived	killed	-	-	-
1056	mover	const0	survived	survived	survived	not_proven	killed	-
1057	mover	inv	killed_full	survived	killed	-	-	-
1058	mover	const1	killed_fast	killed	-	-	-	-
1059	mover	const1	killed_fast	killed	-	-	-	-
1060	mover	const0	survived	survived	survived	equivalent	-	-
1061	mover	cnot0	killed_fast	killed	-	-	-	-
1062	mover	const0	killed_full	survived	killed	-	-	-
1063	mover	const1	killed_fast	killed	-	-	-	-
1064	mover	inv	killed_full	survived	killed	-	-	-
1065	mover	inv	killed_fast	killed	-	-	-	-
1066	mover	const1	killed_fast	killed	-	-	-	-
1067	mover	const0	killed_full	survived	killed	-	-	-
1068	mover	cnot1	survived	survived	survived	equivalent	-	-
1069	mover	cnot0	killed_full	survived	killed	-	-	-
1070	mover	const0	killed_full	survived	killed	-	-	-
1071	mover	inv	killed_fast	killed	-	-	-	-
1072	mover	const0	killed_full	survived	killed	-	-	-
1073	mover	const1	killed_full	survived	killed	-	-	-
1074	mover	const0	killed_full	survived	killed	-	-	-
1075	mover	const0	killed_fast	killed	-	-	-	-
1076	mover	cnot1	killed_full	survived	killed	-	-	-
1077	mover	inv	killed_fast	killed	-	-	-	-
1078	mover	cnot0	survived	survived	survived	equivalent	-	-
1079	mover	const0	killed_full	survived	killed	-	-	-
1080	mover	inv	killed_full	survived	killed	-	-	-
1081	mover	inv	killed_full	survived	killed	-	-	-
1082	mover	const1	killed_fast	killed	-	-	-	-
1083	mover	const0	killed_full	survived	killed	-	-	-
1084	mover	const0	killed_full	survived	killed	-	-	-
1085	mover	const0	killed_full	survived	killed	-	-	-
1086	mover	const0	killed_fast	killed	-	-	-	-
1087	mover	const0	killed_fast	killed	-	-	-	-
1088	mover	const1	killed_full	survived	killed	-	-	-
1089	mover	const1	killed_fast	killed	-	-	-	-
1090	mover	const1	killed_full	survived	killed	-	-	-
1091	mover	const0	killed_full	survived	killed	-	-	-
1092	mover	inv	killed_full	survived	killed	-	-	-
1093	mover	const1	survived	survived	survived	equivalent	-	-
1094	mover	const1	killed_fast	killed	-	-	-	-
1095	mover	const1	killed_fast	killed	-	-	-	-
1096	mover	cnot1	killed_full	survived	killed	-	-	-
1097	mover	inv	killed_fast	killed	-	-	-	-
1098	mover	const0	killed_fast	killed	-	-	-	-
1099	mover	const1	killed_full	survived	killed	-	-	-
1100	mover	inv	killed_fast	killed	-	-	-	-
1101	mover	inv	killed_fast	killed	-	-	-	-
1102	mover	const1	survived	survived	survived	not_proven	survived	-
1103	mover	const1	killed_full	survived	killed	-	-	-
1104	mover	const1	killed_full	survived	killed	-	-	-
1105	mover	inv	killed_full	survived	killed	-	-	-
1106	mover	cnot1	survived	survived	survived	equivalent	-	-
1107	mover	const0	killed_full	survived	killed	-	-	-
1108	mover	inv	killed_fast	killed	-	-	-	-
1109	mover	const1	killed_fast	killed	-	-	-	-
1110	mover	const1	survived	survived	survived	equivalent	-	-
1111	mover	inv	killed_full	survived	killed	-	-	-
1112	mover	inv	killed_fast	killed	-	-	-	-
1113	mover	const0	killed_fast	killed	-	-	-	-
1114	mover	const1	killed_full	survived	killed	-	-	-
1115	mover	const0	killed_full	survived	killed	-	-	-
1116	mover	const0	killed_full	survived	killed	-	-	-
1117	mover	const0	killed_fast	killed	-	-	-	-
1118	mover	inv	killed_fast	killed	-	-	-	-
1119	mover	cnot0	killed_fast	killed	-	-	-	-
1120	mover	inv	killed_full	survived	killed	-	-	-
1121	mover	inv	killed_full	survived	killed	-	-	-
1122	mover	inv	killed_full	survived	killed	-	-	-
1123	mover	inv	killed_fast	killed	-	-	-	-
1124	mover	const0	killed_full	survived	killed	-	-	-
1125	mover	inv	killed_fast	killed	-	-	-	-
1126	mover	inv	killed_full	survived	killed	-	-	-
1127	mover	const1	survived	survived	survived	equivalent	-	-
1128	mover	inv	killed_full	survived	killed	-	-	-
1129	mover	cnot1	killed_full	survived	killed	-	-	-
1130	mover	const0	killed_fast	killed	-	-	-	-
1131	mover	const0	killed_full	survived	killed	-	-	-
1132	mover	inv	killed_full	survived	killed	-	-	-
1133	mover	const0	survived	survived	survived	not_proven	survived	-
1134	mover	const1	killed_full	survived	killed	-	-	-
1135	mover	const0	survived	survived	survived	not_proven	survived	-
1136	mover	const0	killed_full	survived	killed	-	-	-
1137	mover	inv	killed_fast	killed	-	-	-	-
1138	mover	const1	killed_full	survived	killed	-	-	-
1139	mover	const1	survived	survived	survived	not_proven	survived	-
1140	mover	const0	killed_fast	killed	-	-	-	-
1141	mover	const1	survived	survived	survived	not_proven	survived	-
1142	mover	inv	killed_fast	killed	-	-	-	-
1143	mover	const1	survived	survived	survived	not_proven	survived	-
1144	mover	const0	killed_full	survived	killed	-	-	-
1145	mover	const0	survived	survived	survived	not_proven	survived	-
1146	mover	inv	killed_fast	killed	-	-	-	-
1147	mover	inv	killed_fast	killed	-	-	-	-
1148	mover	inv	killed_fast	killed	-	-	-	-
1149	mover	const1	killed_full	survived	killed	-	-	-
1150	mover	const0	killed_full	survived	killed	-	-	-
1151	mover	inv	killed_fast	killed	-	-	-	-
1152	mover	inv	killed_fast	killed	-	-	-	-
1153	mover	inv	survived	survived	survived	not_proven	survived	-
1154	mover	const0	killed_full	survived	killed	-	-	-
1155	mover	const0	killed_fast	killed	-	-	-	-
1156	mover	const1	killed_fast	killed	-	-	-	-
1157	mover	const1	killed_fast	killed	-	-	-	-
1158	mover	const0	survived	survived	survived	not_proven	survived	-
1159	mover	inv	killed_fast	killed	-	-	-	-
1160	mover	const0	killed_fast	killed	-	-	-	-
1161	mover	const0	survived	survived	survived	not_proven	killed	-
1162	mover	inv	killed_full	survived	killed	-	-	-
1163	mover	inv	killed_full	survived	killed	-	-	-
1164	mover	cnot0	killed_full	survived	killed	-	-	-
1165	mover	inv	killed_fast	killed	-	-	-	-
1166	mover	const0	killed_full	survived	killed	-	-	-
1167	mover	const1	killed_full	survived	killed	-	-	-
1168	mover	inv	killed_fast	killed	-	-	-	-
1169	mover	const0	killed_full	survived	killed	-	-	-
1170	mover	const1	survived	survived	survived	not_proven	survived	-
1171	mover	inv	killed_full	survived	killed	-	-	-
1172	mover	const1	killed_fast	killed	-	-	-	-
1173	mover	const0	killed_fast	killed	-	-	-	-
1174	mover	inv	killed_fast	killed	-	-	-	-
1175	mover	const0	killed_full	survived	killed	-	-	-
1176	mover	const1	killed_fast	killed	-	-	-	-
1177	mover	const0	killed_full	survived	killed	-	-	-
1178	mover	inv	killed_full	survived	killed	-	-	-
1179	mover	inv	killed_full	survived	killed	-	-	-
1180	mover	const0	killed_full	survived	killed	-	-	-
1181	mover	const0	killed_fast	killed	-	-	-	-
1182	mover	cnot0	survived	survived	survived	equivalent	-	-
1183	mover	inv	killed_full	survived	killed	-	-	-
1184	mover	const1	survived	survived	survived	not_proven	survived	-
1185	mover	const0	survived	survived	survived	not_proven	survived	-
1186	mover	const0	killed_fast	killed	-	-	-	-
1187	mover	const1	killed_fast	killed	-	-	-	-
1188	mover	const1	killed_fast	killed	-	-	-	-
1189	mover	inv	killed_fast	killed	-	-	-	-
1190	mover	const0	killed_fast	killed	-	-	-	-
1191	mover	const0	killed_full	survived	killed	-	-	-
1192	mover	const0	killed_full	survived	killed	-	-	-
1193	mover	const0	killed_fast	killed	-	-	-	-
1194	mover	inv	killed_fast	killed	-	-	-	-
1195	mover	const1	killed_full	survived	killed	-	-	-
1196	mover	const0	killed_full	survived	killed	-	-	-
1197	mover	inv	killed_full	survived	killed	-	-	-
1198	mover	const1	killed_fast	killed	-	-	-	-
1199	mover	const0	killed_full	survived	killed	-	-	-
1200	mover	const1	killed_fast	killed	-	-	-	-
1201	events	inv	killed_fast	killed	-	-	-	-
1202	events	const0	killed_fast	killed	-	-	-	-
1203	events	const0	killed_fast	killed	-	-	-	-
1204	events	cnot0	killed_fast	killed	-	-	-	-
1205	events	const0	killed_fast	killed	-	-	-	-
1206	events	cnot1	survived	survived	survived	equivalent	-	-
1207	events	const1	killed_fast	killed	-	-	-	-
1208	events	inv	killed_full	survived	killed	-	-	-
1209	events	inv	killed_fast	killed	-	-	-	-
1210	events	inv	killed_fast	killed	-	-	-	-
1211	events	const1	survived	survived	survived	not_proven	survived	-
1212	events	const1	killed_full	survived	killed	-	-	-
1213	events	const0	killed_fast	killed	-	-	-	-
1214	events	const0	killed_fast	killed	-	-	-	-
1215	events	const1	killed_fast	killed	-	-	-	-
1216	events	const0	killed_full	survived	killed	-	-	-
1217	events	inv	killed_fast	killed	-	-	-	-
1218	events	const0	killed_fast	killed	-	-	-	-
1219	events	inv	killed_fast	killed	-	-	-	-
1220	events	inv	killed_fast	killed	-	-	-	-
1221	events	inv	killed_full	survived	killed	-	-	-
1222	events	const0	survived	survived	survived	equivalent	-	-
1223	events	const1	killed_fast	killed	-	-	-	-
1224	events	const1	killed_fast	killed	-	-	-	-
1225	events	cnot0	killed_fast	killed	-	-	-	-
1226	events	inv	killed_fast	killed	-	-	-	-
1227	events	inv	killed_fast	killed	-	-	-	-
1228	events	inv	killed_fast	killed	-	-	-	-
1229	events	cnot1	survived	survived	survived	equivalent	-	-
1230	events	inv	killed_fast	killed	-	-	-	-
1231	events	inv	killed_fast	killed	-	-	-	-
1232	events	cnot0	killed_fast	killed	-	-	-	-
1233	events	inv	killed_fast	killed	-	-	-	-
1234	events	inv	killed_fast	killed	-	-	-	-
1235	events	inv	survived	survived	survived	not_proven	killed	-
1236	events	const1	killed_fast	killed	-	-	-	-
1237	events	const0	survived	survived	survived	not_proven	survived	-
1238	events	cnot1	survived	survived	survived	equivalent	-	-
1239	events	cnot0	killed_fast	killed	-	-	-	-
1240	events	cnot1	survived	survived	survived	equivalent	-	-
1241	events	cnot0	killed_fast	killed	-	-	-	-
1242	events	const1	killed_full	survived	killed	-	-	-
1243	events	const1	killed_fast	killed	-	-	-	-
1244	events	const0	killed_full	survived	killed	-	-	-
1245	events	inv	killed_fast	killed	-	-	-	-
1246	events	cnot1	survived	survived	survived	equivalent	-	-
1247	events	const1	survived	survived	survived	equivalent	-	-
1248	events	const0	killed_full	survived	killed	-	-	-
1249	events	inv	killed_full	survived	killed	-	-	-
1250	events	inv	killed_fast	killed	-	-	-	-
1251	events	const1	survived	survived	survived	not_proven	survived	-
1252	events	const0	killed_fast	killed	-	-	-	-
1253	events	cnot0	killed_fast	killed	-	-	-	-
1254	events	const0	killed_fast	killed	-	-	-	-
1255	events	const0	killed_full	survived	killed	-	-	-
1256	events	const0	survived	survived	survived	not_proven	survived	-
1257	events	inv	killed_fast	killed	-	-	-	-
1258	events	cnot1	survived	survived	survived	equivalent	-	-
1259	events	cnot1	survived	survived	survived	not_proven	killed	-
1260	events	cnot0	killed_full	survived	killed	-	-	-
1261	events	cnot0	killed_full	survived	killed	-	-	-
1262	events	cnot1	survived	survived	survived	equivalent	-	-
1263	events	const1	killed_fast	killed	-	-	-	-
1264	events	const0	killed_fast	killed	-	-	-	-
1265	events	const0	killed_full	survived	killed	-	-	-
1266	events	const1	killed_full	survived	killed	-	-	-
1267	events	inv	killed_fast	killed	-	-	-	-
1268	events	cnot0	killed_fast	killed	-	-	-	-
1269	events	cnot0	killed_full	survived	killed	-	-	-
1270	events	const0	survived	survived	survived	not_proven	survived	-
1271	events	const1	killed_fast	killed	-	-	-	-
1272	events	inv	killed_fast	killed	-	-	-	-
1273	events	const1	killed_fast	killed	-	-	-	-
1274	events	const0	killed_fast	killed	-	-	-	-
1275	events	const1	killed_fast	killed	-	-	-	-
1276	events	inv	killed_fast	killed	-	-	-	-
1277	events	const0	killed_fast	killed	-	-	-	-
1278	events	const0	killed_fast	killed	-	-	-	-
1279	events	const0	killed_full	survived	killed	-	-	-
1280	events	cnot1	killed_full	survived	killed	-	-	-
1281	events	const1	killed_fast	killed	-	-	-	-
1282	events	const1	survived	survived	survived	not_proven	survived	-
1283	events	inv	killed_fast	killed	-	-	-	-
1284	events	const0	killed_full	survived	killed	-	-	-
1285	events	const1	killed_full	survived	killed	-	-	-
1286	events	inv	killed_fast	killed	-	-	-	-
1287	events	const0	killed_fast	killed	-	-	-	-
1288	events	inv	killed_fast	killed	-	-	-	-
1289	events	const1	killed_fast	killed	-	-	-	-
1290	events	const0	killed_fast	killed	-	-	-	-
1291	events	const0	survived	survived	survived	not_proven	survived	-
1292	events	cnot1	killed_full	survived	killed	-	-	-
1293	events	inv	killed_fast	killed	-	-	-	-
1294	events	const1	killed_full	survived	killed	-	-	-
1295	events	inv	killed_fast	killed	-	-	-	-
1296	events	const0	survived	survived	survived	not_proven	survived	-
1297	events	const0	survived	survived	survived	not_proven	survived	-
1298	events	const1	killed_fast	killed	-	-	-	-
1299	events	inv	killed_fast	killed	-	-	-	-
1300	events	inv	killed_fast	killed	-	-	-	-
1301	events	inv	killed_fast	killed	-	-	-	-
1302	events	cnot0	survived	survived	survived	equivalent	-	-
1303	events	inv	killed_fast	killed	-	-	-	-
1304	events	const1	survived	survived	survived	not_proven	killed	-
1305	events	cnot0	survived	survived	survived	not_proven	killed	-
1306	events	inv	killed_full	survived	killed	-	-	-
1307	events	inv	killed_fast	killed	-	-	-	-
1308	events	const1	killed_fast	killed	-	-	-	-
1309	events	const0	killed_full	survived	killed	-	-	-
1310	events	const1	killed_full	survived	killed	-	-	-
1311	events	inv	killed_fast	killed	-	-	-	-
1312	events	cnot1	survived	survived	survived	equivalent	-	-
1313	events	const1	killed_full	survived	killed	-	-	-
1314	events	inv	killed_fast	killed	-	-	-	-
1315	events	inv	killed_full	survived	killed	-	-	-
1316	events	inv	killed_fast	killed	-	-	-	-
1317	events	const0	survived	survived	survived	not_proven	survived	-
1318	events	const0	killed_full	survived	killed	-	-	-
1319	events	cnot1	survived	survived	survived	equivalent	-	-
1320	events	inv	killed_fast	killed	-	-	-	-
1321	events	const0	killed_fast	killed	-	-	-	-
1322	events	inv	killed_fast	killed	-	-	-	-
1323	events	inv	killed_fast	killed	-	-	-	-
1324	events	const1	killed_fast	killed	-	-	-	-
1325	events	const0	survived	survived	survived	not_proven	killed	-
1326	events	cnot0	killed_fast	killed	-	-	-	-
1327	events	const1	survived	survived	survived	not_proven	killed	-
1328	events	inv	killed_full	survived	killed	-	-	-
1329	events	const1	killed_fast	killed	-	-	-	-
1330	events	cnot0	killed_fast	killed	-	-	-	-
1331	events	inv	killed_full	survived	killed	-	-	-
1332	events	const1	killed_fast	killed	-	-	-	-
1333	events	cnot0	killed_fast	killed	-	-	-	-
1334	events	const0	survived	survived	survived	equivalent	-	-
1335	events	inv	killed_fast	killed	-	-	-	-
1336	events	inv	killed_full	survived	killed	-	-	-
1337	events	const1	killed_fast	killed	-	-	-	-
1338	events	const0	killed_fast	killed	-	-	-	-
1339	events	const0	killed_full	survived	killed	-	-	-
1340	events	const1	killed_fast	killed	-	-	-	-
1341	events	inv	killed_fast	killed	-	-	-	-
1342	events	cnot1	killed_full	survived	killed	-	-	-
1343	events	inv	killed_fast	killed	-	-	-	-
1344	events	const0	survived	survived	survived	not_proven	survived	-
1345	events	const0	survived	survived	survived	equivalent	-	-
1346	events	const1	survived	survived	survived	equivalent	-	-
1347	events	inv	killed_fast	killed	-	-	-	-
1348	events	cnot1	survived	survived	survived	equivalent	-	-
1349	events	const1	killed_fast	killed	-	-	-	-
1350	events	const1	survived	survived	survived	not_proven	survived	-
1351	events	const1	survived	survived	survived	not_proven	survived	-
1352	events	inv	killed_full	survived	killed	-	-	-
1353	events	inv	killed_full	survived	killed	-	-	-
1354	events	inv	killed_full	survived	killed	-	-	-
1355	events	inv	killed_fast	killed	-	-	-	-
1356	events	inv	killed_fast	killed	-	-	-	-
1357	events	const0	survived	survived	survived	not_proven	survived	-
1358	events	inv	killed_full	survived	killed	-	-	-
1359	events	const0	killed_fast	killed	-	-	-	-
1360	events	cnot1	survived	survived	survived	equivalent	-	-
1361	events	inv	killed_fast	killed	-	-	-	-
1362	events	inv	killed_fast	killed	-	-	-	-
1363	events	const0	killed_fast	killed	-	-	-	-
1364	events	const1	survived	survived	survived	not_proven	survived	-
1365	events	inv	killed_fast	killed	-	-	-	-
1366	events	inv	killed_fast	killed	-	-	-	-
1367	events	const1	killed_full	survived	killed	-	-	-
1368	events	cnot1	killed_fast	killed	-	-	-	-
1369	events	const1	killed_full	survived	killed	-	-	-
1370	events	inv	killed_fast	killed	-	-	-	-
1371	events	const0	survived	survived	survived	equivalent	-	-
1372	events	inv	killed_fast	killed	-	-	-	-
1373	events	const1	killed_fast	killed	-	-	-	-
1374	events	const1	killed_fast	killed	-	-	-	-
1375	events	const1	killed_fast	killed	-	-	-	-
1376	events	const1	killed_fast	killed	-	-	-	-
1377	events	cnot0	killed_full	survived	killed	-	-	-
1378	events	inv	killed_fast	killed	-	-	-	-
1379	events	inv	killed_fast	killed	-	-	-	-
1380	events	const0	killed_fast	killed	-	-	-	-
1381	events	const1	killed_fast	killed	-	-	-	-
1382	events	inv	killed_fast	killed	-	-	-	-
1383	events	inv	killed_fast	killed	-	-	-	-
1384	events	const1	killed_fast	killed	-	-	-	-
1385	events	const0	killed_fast	killed	-	-	-	-
1386	events	inv	survived	survived	survived	not_proven	survived	-
1387	events	const1	survived	survived	survived	not_proven	survived	-
1388	events	const0	survived	survived	survived	equivalent	-	-
1389	events	const0	survived	survived	survived	not_proven	killed	-
1390	events	const1	killed_full	survived	killed	-	-	-
1391	events	inv	killed_fast	killed	-	-	-	-
1392	events	const1	killed_fast	killed	-	-	-	-
1393	events	const1	survived	survived	survived	not_proven	killed	-
1394	events	inv	survived	survived	survived	not_proven	survived	-
1395	events	const0	survived	survived	survived	not_proven	survived	-
1396	events	inv	killed_fast	killed	-	-	-	-
1397	events	inv	killed_fast	killed	-	-	-	-
1398	events	const1	killed_fast	killed	-	-	-	-
1399	events	const0	survived	survived	survived	equivalent	-	-
1400	events	cnot1	survived	survived	survived	not_proven	killed	-
1401	events	const0	killed_fast	killed	-	-	-	-
1402	events	const0	killed_fast	killed	-	-	-	-
1403	events	inv	killed_fast	killed	-	-	-	-
1404	events	cnot0	killed_fast	killed	-	-	-	-
1405	events	const1	killed_full	survived	killed	-	-	-
1406	events	const1	survived	survived	survived	not_proven	survived	-
1407	events	cnot0	killed_fast	killed	-	-	-	-
1408	events	const0	killed_fast	killed	-	-	-	-
1409	events	const0	killed_full	survived	killed	-	-	-
1410	events	const1	killed_fast	killed	-	-	-	-
1411	events	inv	killed_fast	killed	-	-	-	-
1412	events	const1	survived	survived	survived	not_proven	survived	-
1413	events	inv	killed_fast	killed	-	-	-	-
1414	events	const0	survived	survived	survived	equivalent	-	-
1415	events	const1	killed_fast	killed	-	-	-	-
1416	events	inv	killed_fast	killed	-	-	-	-
1417	events	inv	killed_fast	killed	-	-	-	-
1418	events	inv	killed_fast	killed	-	-	-	-
1419	events	const0	killed_fast	killed	-	-	-	-
1420	events	const0	killed_fast	killed	-	-	-	-
1421	events	cnot1	killed_fast	killed	-	-	-	-
1422	events	const0	killed_full	survived	killed	-	-	-
1423	events	const1	killed_full	survived	killed	-	-	-
1424	events	const1	killed_fast	killed	-	-	-	-
1425	events	inv	killed_fast	killed	-	-	-	-
1426	events	const1	killed_fast	killed	-	-	-	-
1427	events	const0	survived	survived	survived	not_proven	survived	-
1428	events	cnot1	survived	survived	survived	equivalent	-	-
1429	events	inv	killed_full	survived	killed	-	-	-
1430	events	const1	killed_fast	killed	-	-	-	-
1431	events	cnot1	survived	survived	survived	equivalent	-	-
1432	events	inv	killed_fast	killed	-	-	-	-
1433	events	const1	killed_fast	killed	-	-	-	-
1434	events	inv	killed_fast	killed	-	-	-	-
1435	events	const1	killed_fast	killed	-	-	-	-
1436	events	inv	killed_fast	killed	-	-	-	-
1437	events	cnot1	killed_full	survived	killed	-	-	-
1438	events	const0	killed_fast	killed	-	-	-	-
1439	events	const0	survived	survived	survived	not_proven	killed	-
1440	events	const0	killed_fast	killed	-	-	-	-
1441	events	cnot0	killed_full	survived	killed	-	-	-
1442	events	cnot0	killed_full	survived	killed	-	-	-
1443	events	const1	killed_full	survived	killed	-	-	-
1444	events	const0	killed_fast	killed	-	-	-	-
1445	events	const1	killed_fast	killed	-	-	-	-
1446	events	cnot1	survived	survived	survived	equivalent	-	-
1447	events	const0	killed_full	survived	killed	-	-	-
1448	events	inv	killed_full	survived	killed	-	-	-
1449	events	inv	survived	survived	survived	equivalent	-	-
1450	events	inv	killed_full	survived	killed	-	-	-
1451	events	inv	killed_fast	killed	-	-	-	-
1452	events	const1	killed_fast	killed	-	-	-	-
1453	events	const1	survived	survived	survived	not_proven	survived	-
1454	events	inv	killed_full	survived	killed	-	-	-
1455	events	const1	killed_full	survived	killed	-	-	-
1456	events	const0	survived	survived	survived	not_proven	survived	-
1457	events	const1	survived	survived	survived	not_proven	survived	-
1458	events	const1	killed_full	survived	killed	-	-	-
1459	events	const1	killed_fast	killed	-	-	-	-
1460	events	const1	killed_fast	killed	-	-	-	-
1461	events	const1	killed_fast	killed	-	-	-	-
1462	events	const0	killed_fast	killed	-	-	-	-
1463	events	inv	killed_fast	killed	-	-	-	-
1464	events	inv	killed_fast	killed	-	-	-	-
1465	events	cnot1	killed_full	survived	killed	-	-	-
1466	events	inv	killed_fast	killed	-	-	-	-
1467	events	const1	killed_full	survived	killed	-	-	-
1468	events	cnot0	killed_fast	killed	-	-	-	-
1469	events	inv	killed_fast	killed	-	-	-	-
1470	events	inv	killed_fast	killed	-	-	-	-
1471	events	const1	killed_fast	killed	-	-	-	-
1472	events	const0	survived	survived	survived	equivalent	-	-
1473	events	inv	killed_full	survived	killed	-	-	-
1474	events	cnot0	killed_fast	killed	-	-	-	-
1475	events	inv	killed_fast	killed	-	-	-	-
1476	events	const0	killed_fast	killed	-	-	-	-
1477	events	const0	killed_full	survived	killed	-	-	-
1478	events	inv	killed_fast	killed	-	-	-	-
1479	events	const0	survived	survived	survived	not_proven	killed	-
1480	events	inv	killed_fast	killed	-	-	-	-
1481	events	const1	survived	survived	survived	not_proven	survived	-
1482	events	inv	killed_fast	killed	-	-	-	-
1483	events	inv	killed_fast	killed	-	-	-	-
1484	events	const0	killed_fast	killed	-	-	-	-
1485	events	const1	killed_fast	killed	-	-	-	-
1486	events	cnot1	survived	survived	survived	equivalent	-	-
1487	events	const0	killed_fast	killed	-	-	-	-
1488	events	const0	killed_fast	killed	-	-	-	-
1489	events	inv	killed_full	survived	killed	-	-	-
1490	events	inv	killed_fast	killed	-	-	-	-
1491	events	const1	survived	survived	survived	not_proven	survived	-
1492	events	const0	killed_fast	killed	-	-	-	-
1493	events	cnot1	survived	survived	survived	equivalent	-	-
1494	events	const0	survived	survived	survived	not_proven	survived	-
1495	events	inv	survived	survived	survived	not_proven	survived	-
1496	events	cnot1	survived	survived	survived	equivalent	-	-
1497	events	const1	killed_full	survived	killed	-	-	-
1498	events	inv	killed_full	survived	killed	-	-	-
1499	events	const1	survived	survived	survived	not_proven	survived	-
1500	events	const0	survived	survived	survived	not_proven	killed	-
1501	pins	cnot1	killed_fast	killed	-	-	-	-
1502	pins	cnot0	killed_full	survived	killed	-	-	-
1503	pins	const1	killed_full	survived	killed	-	-	-
1504	pins	const0	killed_full	survived	killed	-	-	-
1505	pins	const0	survived	survived	survived	equivalent	-	-
1506	pins	cnot0	survived	survived	survived	not_proven	survived	-
1507	pins	inv	killed_fast	killed	-	-	-	-
1508	pins	inv	killed_fast	killed	-	-	-	-
1509	pins	const1	killed_fast	killed	-	-	-	-
1510	pins	cnot1	killed_full	survived	killed	-	-	-
1511	pins	inv	killed_full	survived	killed	-	-	-
1512	pins	cnot0	killed_full	survived	killed	-	-	-
1513	pins	const1	killed_fast	killed	-	-	-	-
1514	pins	inv	killed_fast	killed	-	-	-	-
1515	pins	const1	killed_fast	killed	-	-	-	-
1516	pins	inv	killed_fast	killed	-	-	-	-
1517	pins	cnot1	killed_full	survived	killed	-	-	-
1518	pins	const0	killed_full	survived	killed	-	-	-
1519	pins	cnot0	killed_full	survived	killed	-	-	-
1520	pins	const0	killed_full	survived	killed	-	-	-
1521	pins	cnot0	killed_fast	killed	-	-	-	-
1522	pins	const0	killed_fast	killed	-	-	-	-
1523	pins	inv	killed_full	survived	killed	-	-	-
1524	pins	cnot0	killed_fast	killed	-	-	-	-
1525	pins	inv	killed_full	survived	killed	-	-	-
1526	pins	const1	survived	survived	survived	not_proven	survived	-
1527	pins	const0	killed_fast	killed	-	-	-	-
1528	pins	const0	survived	survived	survived	equivalent	-	-
1529	pins	const1	killed_full	survived	killed	-	-	-
1530	pins	inv	killed_full	survived	killed	-	-	-
1531	pins	inv	killed_fast	killed	-	-	-	-
1532	pins	const0	killed_full	survived	killed	-	-	-
1533	pins	cnot1	survived	survived	survived	equivalent	-	-
1534	pins	const0	killed_fast	killed	-	-	-	-
1535	pins	const1	killed_fast	killed	-	-	-	-
1536	pins	cnot0	killed_full	survived	killed	-	-	-
1537	pins	const1	killed_full	survived	killed	-	-	-
1538	pins	inv	killed_fast	killed	-	-	-	-
1539	pins	inv	killed_full	survived	killed	-	-	-
1540	pins	cnot0	killed_full	survived	killed	-	-	-
1541	pins	cnot1	killed_full	survived	killed	-	-	-
1542	pins	cnot0	killed_fast	killed	-	-	-	-
1543	pins	cnot0	killed_fast	killed	-	-	-	-
1544	pins	cnot0	killed_fast	killed	-	-	-	-
1545	pins	cnot0	killed_full	survived	killed	-	-	-
1546	pins	const0	survived	survived	survived	not_proven	killed	-
1547	pins	const1	killed_fast	killed	-	-	-	-
1548	pins	const1	killed_fast	killed	-	-	-	-
1549	pins	inv	survived	survived	survived	not_proven	survived	-
1550	pins	inv	survived	survived	survived	equivalent	-	-
1551	pins	cnot0	killed_full	survived	killed	-	-	-
1552	pins	const1	killed_fast	killed	-	-	-	-
1553	pins	const1	killed_full	survived	killed	-	-	-
1554	pins	cnot0	killed_fast	killed	-	-	-	-
1555	pins	cnot0	killed_full	survived	killed	-	-	-
1556	pins	inv	killed_fast	killed	-	-	-	-
1557	pins	cnot0	killed_fast	killed	-	-	-	-
1558	pins	inv	killed_fast	killed	-	-	-	-
1559	pins	const0	killed_full	survived	killed	-	-	-
1560	pins	inv	killed_full	survived	killed	-	-	-
1561	pins	const0	survived	survived	survived	equivalent	-	-
1562	pins	const0	killed_full	survived	killed	-	-	-
1563	pins	const1	killed_full	survived	killed	-	-	-
1564	pins	const0	survived	survived	survived	not_proven	survived	-
1565	pins	const0	killed_fast	killed	-	-	-	-
1566	pins	cnot1	killed_fast	killed	-	-	-	-
1567	pins	const1	killed_fast	killed	-	-	-	-
1568	pins	inv	killed_full	survived	killed	-	-	-
1569	pins	inv	killed_fast	killed	-	-	-	-
1570	pins	const0	killed_fast	killed	-	-	-	-
1571	pins	inv	killed_fast	killed	-	-	-	-
1572	pins	const0	survived	survived	survived	equivalent	-	-
1573	pins	const1	killed_full	survived	killed	-	-	-
1574	pins	cnot0	killed_fast	killed	-	-	-	-
1575	pins	const0	killed_full	survived	killed	-	-	-
1576	pins	const0	killed_fast	killed	-	-	-	-
1577	pins	const1	killed_fast	killed	-	-	-	-
1578	pins	cnot0	killed_full	survived	killed	-	-	-
1579	pins	inv	killed_full	survived	killed	-	-	-
1580	pins	inv	killed_fast	killed	-	-	-	-
1581	pins	inv	killed_fast	killed	-	-	-	-
1582	pins	cnot0	killed_fast	killed	-	-	-	-
1583	pins	cnot1	killed_full	survived	killed	-	-	-
1584	pins	const1	killed_fast	killed	-	-	-	-
1585	pins	inv	killed_fast	killed	-	-	-	-
1586	pins	const0	killed_full	survived	killed	-	-	-
1587	pins	inv	killed_fast	killed	-	-	-	-
1588	pins	const1	killed_full	survived	killed	-	-	-
1589	pins	cnot0	killed_full	survived	killed	-	-	-
1590	pins	cnot1	killed_full	survived	killed	-	-	-
1591	pins	cnot0	killed_fast	killed	-	-	-	-
1592	pins	const0	killed_fast	killed	-	-	-	-
1593	pins	inv	survived	survived	survived	not_proven	killed	-
1594	pins	cnot0	killed_fast	killed	-	-	-	-
1595	pins	inv	killed_fast	killed	-	-	-	-
1596	pins	cnot0	killed_fast	killed	-	-	-	-
1597	pins	cnot1	killed_fast	killed	-	-	-	-
1598	pins	cnot0	killed_fast	killed	-	-	-	-
1599	pins	const1	killed_fast	killed	-	-	-	-
1600	pins	inv	killed_full	survived	killed	-	-	-
1601	pins	const0	killed_full	survived	killed	-	-	-
1602	pins	cnot0	killed_full	survived	killed	-	-	-
1603	pins	const0	killed_fast	killed	-	-	-	-
1604	pins	const1	survived	survived	survived	not_proven	killed	-
1605	pins	const0	killed_fast	killed	-	-	-	-
1606	pins	cnot0	killed_fast	killed	-	-	-	-
1607	pins	const1	killed_fast	killed	-	-	-	-
1608	pins	const1	killed_fast	killed	-	-	-	-
1609	pins	cnot0	killed_fast	killed	-	-	-	-
1610	pins	const0	killed_fast	killed	-	-	-	-
1611	pins	const0	survived	survived	survived	equivalent	-	-
1612	pins	inv	killed_full	survived	killed	-	-	-
1613	pins	cnot0	killed_full	survived	killed	-	-	-
1614	pins	const1	killed_fast	killed	-	-	-	-
1615	pins	const1	killed_full	survived	killed	-	-	-
1616	pins	cnot1	killed_full	survived	killed	-	-	-
1617	pins	cnot1	killed_fast	killed	-	-	-	-
1618	pins	const0	killed_full	survived	killed	-	-	-
1619	pins	inv	killed_fast	killed	-	-	-	-
1620	pins	const0	killed_full	survived	killed	-	-	-
1621	pins	inv	killed_full	survived	killed	-	-	-
1622	pins	cnot0	killed_fast	killed	-	-	-	-
1623	pins	const0	killed_fast	killed	-	-	-	-
1624	pins	inv	survived	survived	survived	not_proven	survived	-
1625	pins	cnot0	killed_full	survived	killed	-	-	-
1626	pins	const0	killed_full	survived	killed	-	-	-
1627	pins	cnot0	killed_fast	killed	-	-	-	-
1628	pins	cnot1	killed_full	survived	killed	-	-	-
1629	pins	const0	killed_fast	killed	-	-	-	-
1630	pins	cnot0	killed_fast	killed	-	-	-	-
1631	pins	const1	killed_full	survived	killed	-	-	-
1632	pins	const1	killed_fast	killed	-	-	-	-
1633	pins	cnot1	killed_full	survived	killed	-	-	-
1634	pins	cnot1	killed_fast	killed	-	-	-	-
1635	pins	cnot0	killed_full	survived	killed	-	-	-
1636	pins	cnot1	killed_full	survived	killed	-	-	-
1637	pins	cnot1	killed_full	survived	killed	-	-	-
1638	pins	const1	survived	survived	survived	equivalent	-	-
1639	pins	const1	survived	survived	survived	not_proven	survived	-
1640	pins	const0	survived	survived	survived	not_proven	killed	-
1641	pins	inv	survived	survived	survived	not_proven	killed	-
1642	pins	cnot1	killed_full	survived	killed	-	-	-
1643	pins	inv	killed_fast	killed	-	-	-	-
1644	pins	inv	killed_fast	killed	-	-	-	-
1645	pins	inv	survived	survived	survived	equivalent	-	-
1646	pins	const0	killed_full	survived	killed	-	-	-
1647	pins	const1	killed_full	survived	killed	-	-	-
1648	pins	cnot0	killed_fast	killed	-	-	-	-
1649	pins	const0	killed_full	survived	killed	-	-	-
1650	pins	const1	killed_fast	killed	-	-	-	-
1651	pins	inv	killed_full	survived	killed	-	-	-
1652	pins	inv	killed_fast	killed	-	-	-	-
1653	pins	const1	killed_fast	killed	-	-	-	-
1654	pins	const0	killed_fast	killed	-	-	-	-
1655	pins	inv	killed_fast	killed	-	-	-	-
1656	pins	inv	killed_fast	killed	-	-	-	-
1657	pins	const0	survived	survived	survived	equivalent	-	-
1658	pins	inv	killed_fast	killed	-	-	-	-
1659	pins	const1	killed_fast	killed	-	-	-	-
1660	pins	const1	killed_full	survived	killed	-	-	-
1661	pins	cnot1	killed_fast	killed	-	-	-	-
1662	pins	cnot0	killed_fast	killed	-	-	-	-
1663	pins	cnot0	killed_fast	killed	-	-	-	-
1664	pins	const1	killed_full	survived	killed	-	-	-
1665	pins	cnot1	survived	survived	survived	not_proven	killed	-
1666	pins	const0	killed_full	survived	killed	-	-	-
1667	pins	const1	killed_full	survived	killed	-	-	-
1668	pins	cnot1	survived	survived	survived	not_proven	killed	-
1669	pins	const1	killed_fast	killed	-	-	-	-
1670	pins	cnot1	killed_full	survived	killed	-	-	-
1671	pins	const1	killed_full	survived	killed	-	-	-
1672	pins	inv	survived	survived	survived	not_proven	killed	-
1673	pins	cnot1	killed_full	survived	killed	-	-	-
1674	pins	cnot0	survived	survived	survived	equivalent	-	-
1675	pins	inv	killed_fast	killed	-	-	-	-
1676	pins	cnot1	survived	survived	survived	equivalent	-	-
1677	pins	inv	killed_fast	killed	-	-	-	-
1678	pins	cnot0	killed_full	survived	killed	-	-	-
1679	pins	cnot1	killed_full	survived	killed	-	-	-
1680	pins	const0	killed_full	survived	killed	-	-	-
1681	pins	cnot0	survived	survived	survived	not_proven	survived	-
1682	pins	cnot0	killed_fast	killed	-	-	-	-
1683	pins	cnot1	killed_full	survived	killed	-	-	-
1684	pins	cnot1	killed_fast	killed	-	-	-	-
1685	pins	const0	killed_full	survived	killed	-	-	-
1686	pins	const1	killed_fast	killed	-	-	-	-
1687	pins	cnot0	killed_full	survived	killed	-	-	-
1688	pins	inv	killed_fast	killed	-	-	-	-
1689	pins	const0	killed_fast	killed	-	-	-	-
1690	pins	inv	killed_full	survived	killed	-	-	-
1691	pins	const0	killed_fast	killed	-	-	-	-
1692	pins	const0	killed_full	survived	killed	-	-	-
1693	pins	inv	killed_full	survived	killed	-	-	-
1694	pins	cnot0	killed_fast	killed	-	-	-	-
1695	pins	inv	killed_full	survived	killed	-	-	-
1696	pins	const0	killed_full	survived	killed	-	-	-
1697	pins	inv	killed_fast	killed	-	-	-	-
1698	pins	inv	killed_fast	killed	-	-	-	-
1699	pins	cnot0	killed_fast	killed	-	-	-	-
1700	pins	inv	killed_fast	killed	-	-	-	-
1701	pins	cnot0	killed_fast	killed	-	-	-	-
1702	pins	cnot0	killed_full	survived	killed	-	-	-
1703	pins	inv	survived	survived	survived	equivalent	-	-
1704	pins	inv	killed_fast	killed	-	-	-	-
1705	pins	cnot1	survived	survived	survived	not_proven	killed	-
1706	pins	const1	killed_full	survived	killed	-	-	-
1707	pins	const0	killed_full	survived	killed	-	-	-
1708	pins	cnot1	killed_full	survived	killed	-	-	-
1709	pins	inv	killed_fast	killed	-	-	-	-
1710	pins	const1	killed_fast	killed	-	-	-	-
1711	pins	inv	killed_full	survived	killed	-	-	-
1712	pins	const0	killed_full	survived	killed	-	-	-
1713	pins	const0	killed_fast	killed	-	-	-	-
1714	pins	cnot1	killed_full	survived	killed	-	-	-
1715	pins	cnot0	killed_fast	killed	-	-	-	-
1716	pins	const1	survived	survived	survived	not_proven	survived	-
1717	pins	const0	killed_full	survived	killed	-	-	-
1718	pins	cnot1	survived	survived	survived	not_proven	killed	-
1719	pins	const1	killed_fast	killed	-	-	-	-
1720	pins	cnot1	survived	survived	survived	not_proven	survived	-
1721	pins	inv	killed_fast	killed	-	-	-	-
1722	pins	cnot0	killed_fast	killed	-	-	-	-
1723	pins	cnot0	killed_full	survived	killed	-	-	-
1724	pins	const0	survived	survived	survived	not_proven	killed	-
1725	pins	cnot1	killed_full	survived	killed	-	-	-
1726	pins	cnot0	killed_fast	killed	-	-	-	-
1727	pins	inv	killed_fast	killed	-	-	-	-
1728	pins	const1	killed_full	survived	killed	-	-	-
1729	pins	const1	killed_full	survived	killed	-	-	-
1730	pins	cnot0	killed_fast	killed	-	-	-	-
1731	pins	cnot0	killed_fast	killed	-	-	-	-
1732	pins	const0	killed_full	survived	killed	-	-	-
1733	pins	const1	killed_full	survived	killed	-	-	-
1734	pins	const0	killed_fast	killed	-	-	-	-
1735	pins	const0	killed_fast	killed	-	-	-	-
1736	pins	inv	killed_fast	killed	-	-	-	-
1737	pins	const1	survived	survived	survived	not_proven	killed	-
1738	pins	cnot1	killed_full	survived	killed	-	-	-
1739	pins	cnot0	killed_fast	killed	-	-	-	-
1740	pins	const0	killed_fast	killed	-	-	-	-
1741	pins	cnot1	killed_full	survived	killed	-	-	-
1742	pins	const1	killed_fast	killed	-	-	-	-
1743	pins	const1	killed_full	survived	killed	-	-	-
1744	pins	const1	killed_fast	killed	-	-	-	-
1745	pins	const1	killed_full	survived	killed	-	-	-
1746	pins	const0	killed_fast	killed	-	-	-	-
1747	pins	cnot0	killed_full	survived	killed	-	-	-
1748	pins	const1	killed_fast	killed	-	-	-	-
1749	pins	inv	killed_fast	killed	-	-	-	-
1750	pins	inv	killed_fast	killed	-	-	-	-
1751	engine_xfer	const1	killed_full	survived	killed	-	-	-
1752	engine_xfer	const0	survived	survived	survived	not_proven	survived	-
1753	engine_xfer	const0	killed_full	survived	killed	-	-	-
1754	engine_xfer	const1	killed_full	survived	killed	-	-	-
1755	engine_xfer	cnot0	killed_fast	killed	-	-	-	-
1756	engine_xfer	const1	killed_full	survived	killed	-	-	-
1757	engine_xfer	const0	killed_full	survived	killed	-	-	-
1758	engine_xfer	inv	killed_full	survived	killed	-	-	-
1759	engine_xfer	inv	killed_full	survived	killed	-	-	-
1760	engine_xfer	cnot0	killed_full	survived	killed	-	-	-
1761	engine_xfer	const0	survived	survived	survived	equivalent	-	-
1762	engine_xfer	cnot0	killed_full	survived	killed	-	-	-
1763	engine_xfer	inv	killed_fast	killed	-	-	-	-
1764	engine_xfer	inv	killed_fast	killed	-	-	-	-
1765	engine_xfer	cnot1	survived	survived	survived	equivalent	-	-
1766	engine_xfer	cnot1	killed_fast	killed	-	-	-	-
1767	engine_xfer	cnot0	survived	survived	survived	not_proven	survived	-
1768	engine_xfer	cnot0	killed_full	survived	killed	-	-	-
1769	engine_xfer	const1	survived	survived	survived	not_proven	survived	-
1770	engine_xfer	inv	killed_full	survived	killed	-	-	-
1771	engine_xfer	const1	killed_fast	killed	-	-	-	-
1772	engine_xfer	cnot0	killed_fast	killed	-	-	-	-
1773	engine_xfer	cnot0	killed_full	survived	killed	-	-	-
1774	engine_xfer	cnot1	killed_full	survived	killed	-	-	-
1775	engine_xfer	cnot0	killed_fast	killed	-	-	-	-
1776	engine_xfer	cnot1	survived	survived	survived	not_proven	survived	-
1777	engine_xfer	cnot1	killed_fast	killed	-	-	-	-
1778	engine_xfer	cnot1	killed_full	survived	killed	-	-	-
1779	engine_xfer	inv	survived	survived	survived	not_proven	survived	-
1780	engine_xfer	cnot0	survived	survived	survived	not_proven	survived	-
1781	engine_xfer	const0	survived	survived	survived	not_proven	survived	-
1782	engine_xfer	const1	killed_fast	killed	-	-	-	-
1783	engine_xfer	const1	killed_fast	killed	-	-	-	-
1784	engine_xfer	const1	killed_fast	killed	-	-	-	-
1785	engine_xfer	cnot0	killed_fast	killed	-	-	-	-
1786	engine_xfer	const1	killed_fast	killed	-	-	-	-
1787	engine_xfer	const1	killed_fast	killed	-	-	-	-
1788	engine_xfer	cnot1	killed_fast	killed	-	-	-	-
1789	engine_xfer	cnot0	killed_full	survived	killed	-	-	-
1790	engine_xfer	const1	killed_fast	killed	-	-	-	-
1791	engine_xfer	inv	killed_full	survived	killed	-	-	-
1792	engine_xfer	cnot1	killed_full	survived	killed	-	-	-
1793	engine_xfer	const1	killed_fast	killed	-	-	-	-
1794	engine_xfer	const0	killed_full	survived	killed	-	-	-
1795	engine_xfer	cnot0	killed_fast	killed	-	-	-	-
1796	engine_xfer	cnot1	killed_full	survived	killed	-	-	-
1797	engine_xfer	cnot1	survived	survived	survived	not_proven	killed	-
1798	engine_xfer	cnot1	killed_fast	killed	-	-	-	-
1799	engine_xfer	const1	killed_fast	killed	-	-	-	-
1800	engine_xfer	const1	killed_fast	killed	-	-	-	-
1801	engine_xfer	inv	killed_fast	killed	-	-	-	-
1802	engine_xfer	cnot0	killed_fast	killed	-	-	-	-
1803	engine_xfer	cnot0	killed_fast	killed	-	-	-	-
1804	engine_xfer	inv	killed_full	survived	killed	-	-	-
1805	engine_xfer	const0	killed_full	survived	killed	-	-	-
1806	engine_xfer	inv	survived	survived	survived	not_proven	survived	-
1807	engine_xfer	inv	killed_fast	killed	-	-	-	-
1808	engine_xfer	const1	survived	survived	survived	not_proven	survived	-
1809	engine_xfer	cnot1	survived	survived	survived	not_proven	survived	-
1810	engine_xfer	cnot1	killed_full	survived	killed	-	-	-
1811	engine_xfer	cnot0	killed_fast	killed	-	-	-	-
1812	engine_xfer	const1	killed_fast	killed	-	-	-	-
1813	engine_xfer	const1	killed_full	survived	killed	-	-	-
1814	engine_xfer	cnot0	killed_full	survived	killed	-	-	-
1815	engine_xfer	inv	survived	survived	survived	not_proven	survived	-
1816	engine_xfer	const0	killed_full	survived	killed	-	-	-
1817	engine_xfer	cnot0	killed_fast	killed	-	-	-	-
1818	engine_xfer	inv	killed_fast	killed	-	-	-	-
1819	engine_xfer	cnot1	killed_fast	killed	-	-	-	-
1820	engine_xfer	inv	killed_full	survived	killed	-	-	-
1821	engine_xfer	const1	killed_fast	killed	-	-	-	-
1822	engine_xfer	cnot0	survived	survived	survived	not_proven	survived	-
1823	engine_xfer	const0	survived	survived	survived	equivalent	-	-
1824	engine_xfer	const1	killed_fast	killed	-	-	-	-
1825	engine_xfer	inv	killed_fast	killed	-	-	-	-
1826	engine_xfer	inv	killed_fast	killed	-	-	-	-
1827	engine_xfer	cnot0	killed_full	survived	killed	-	-	-
1828	engine_xfer	cnot0	killed_full	survived	killed	-	-	-
1829	engine_xfer	const0	survived	survived	survived	not_proven	survived	-
1830	engine_xfer	inv	killed_fast	killed	-	-	-	-
1831	engine_xfer	cnot0	killed_fast	killed	-	-	-	-
1832	engine_xfer	const0	killed_fast	killed	-	-	-	-
1833	engine_xfer	cnot0	killed_full	survived	killed	-	-	-
1834	engine_xfer	inv	killed_fast	killed	-	-	-	-
1835	engine_xfer	inv	killed_fast	killed	-	-	-	-
1836	engine_xfer	const1	killed_fast	killed	-	-	-	-
1837	engine_xfer	inv	killed_fast	killed	-	-	-	-
1838	engine_xfer	const0	survived	survived	survived	not_proven	survived	-
1839	engine_xfer	cnot0	killed_fast	killed	-	-	-	-
1840	engine_xfer	const0	survived	survived	survived	not_proven	survived	-
1841	engine_xfer	const1	killed_fast	killed	-	-	-	-
1842	engine_xfer	cnot0	killed_fast	killed	-	-	-	-
1843	engine_xfer	const1	survived	survived	survived	not_proven	survived	-
1844	engine_xfer	const1	killed_fast	killed	-	-	-	-
1845	engine_xfer	cnot1	killed_full	survived	killed	-	-	-
1846	engine_xfer	inv	killed_fast	killed	-	-	-	-
1847	engine_xfer	cnot1	survived	survived	survived	not_proven	survived	-
1848	engine_xfer	inv	killed_full	survived	killed	-	-	-
1849	engine_xfer	inv	killed_fast	killed	-	-	-	-
1850	engine_xfer	cnot0	killed_fast	killed	-	-	-	-
1851	engine_xfer	const1	killed_fast	killed	-	-	-	-
1852	engine_xfer	inv	killed_fast	killed	-	-	-	-
1853	engine_xfer	const0	killed_full	survived	killed	-	-	-
1854	engine_xfer	cnot1	survived	survived	survived	not_proven	killed	-
1855	engine_xfer	const1	killed_fast	killed	-	-	-	-
1856	engine_xfer	cnot1	survived	survived	survived	not_proven	survived	-
1857	engine_xfer	cnot1	killed_full	survived	killed	-	-	-
1858	engine_xfer	inv	survived	survived	survived	equivalent	-	-
1859	engine_xfer	const0	killed_full	survived	killed	-	-	-
1860	engine_xfer	inv	survived	survived	survived	equivalent	-	-
1861	engine_xfer	const1	killed_fast	killed	-	-	-	-
1862	engine_xfer	const1	killed_fast	killed	-	-	-	-
1863	engine_xfer	const1	killed_fast	killed	-	-	-	-
1864	engine_xfer	cnot1	survived	survived	survived	not_proven	survived	-
1865	engine_xfer	cnot1	survived	survived	survived	not_proven	survived	-
1866	engine_xfer	cnot0	killed_fast	killed	-	-	-	-
1867	engine_xfer	const0	killed_full	survived	killed	-	-	-
1868	engine_xfer	inv	killed_fast	killed	-	-	-	-
1869	engine_xfer	cnot0	killed_fast	killed	-	-	-	-
1870	engine_xfer	const1	killed_fast	killed	-	-	-	-
1871	engine_xfer	inv	killed_fast	killed	-	-	-	-
1872	engine_xfer	inv	survived	survived	survived	not_proven	killed	-
1873	engine_xfer	const1	killed_full	survived	killed	-	-	-
1874	engine_xfer	const1	killed_fast	killed	-	-	-	-
1875	engine_xfer	const1	killed_fast	killed	-	-	-	-
1876	engine_xfer	cnot1	survived	survived	survived	not_proven	survived	-
1877	engine_xfer	const1	killed_fast	killed	-	-	-	-
1878	engine_xfer	const1	killed_fast	killed	-	-	-	-
1879	engine_xfer	const0	survived	survived	survived	equivalent	-	-
1880	engine_xfer	cnot1	survived	survived	survived	equivalent	-	-
1881	engine_xfer	const0	survived	survived	survived	not_proven	survived	-
1882	engine_xfer	inv	killed_fast	killed	-	-	-	-
1883	engine_xfer	cnot0	killed_full	survived	killed	-	-	-
1884	engine_xfer	const0	survived	survived	survived	not_proven	survived	-
1885	engine_xfer	cnot1	killed_full	survived	killed	-	-	-
1886	engine_xfer	cnot1	killed_full	survived	killed	-	-	-
1887	engine_xfer	const1	killed_fast	killed	-	-	-	-
1888	engine_xfer	cnot0	survived	survived	survived	not_proven	survived	-
1889	engine_xfer	const1	killed_fast	killed	-	-	-	-
1890	engine_xfer	cnot0	killed_fast	killed	-	-	-	-
1891	engine_xfer	cnot0	killed_fast	killed	-	-	-	-
1892	engine_xfer	const0	killed_full	survived	killed	-	-	-
1893	engine_xfer	const1	survived	survived	survived	not_proven	survived	-
1894	engine_xfer	inv	killed_fast	killed	-	-	-	-
1895	engine_xfer	const0	killed_full	survived	killed	-	-	-
1896	engine_xfer	inv	killed_full	survived	killed	-	-	-
1897	engine_xfer	const1	killed_fast	killed	-	-	-	-
1898	engine_xfer	cnot0	killed_fast	killed	-	-	-	-
1899	engine_xfer	cnot1	killed_full	survived	killed	-	-	-
1900	engine_xfer	const1	killed_fast	killed	-	-	-	-
1901	engine_xfer	const1	killed_fast	killed	-	-	-	-
1902	engine_xfer	cnot0	killed_fast	killed	-	-	-	-
1903	engine_xfer	inv	killed_fast	killed	-	-	-	-
1904	engine_xfer	const0	survived	survived	survived	equivalent	-	-
1905	engine_xfer	const1	survived	survived	survived	not_proven	survived	-
1906	engine_xfer	inv	killed_fast	killed	-	-	-	-
1907	engine_xfer	const1	survived	survived	survived	not_proven	survived	-
1908	engine_xfer	inv	killed_fast	killed	-	-	-	-
1909	engine_xfer	cnot1	killed_fast	killed	-	-	-	-
1910	engine_xfer	const1	survived	survived	survived	not_proven	survived	-
1911	engine_xfer	const0	survived	survived	survived	equivalent	-	-
1912	engine_xfer	const1	killed_fast	killed	-	-	-	-
1913	engine_xfer	const0	killed_full	survived	killed	-	-	-
1914	engine_xfer	const0	survived	survived	survived	not_proven	killed	-
1915	engine_xfer	const1	killed_fast	killed	-	-	-	-
1916	engine_xfer	cnot0	killed_fast	killed	-	-	-	-
1917	engine_xfer	const1	killed_fast	killed	-	-	-	-
1918	engine_xfer	const1	killed_fast	killed	-	-	-	-
1919	engine_xfer	cnot0	killed_fast	killed	-	-	-	-
1920	engine_xfer	inv	killed_fast	killed	-	-	-	-
1921	engine_xfer	cnot1	killed_full	survived	killed	-	-	-
1922	engine_xfer	inv	killed_fast	killed	-	-	-	-
1923	engine_xfer	inv	killed_fast	killed	-	-	-	-
1924	engine_xfer	const1	killed_full	survived	killed	-	-	-
1925	engine_xfer	inv	killed_fast	killed	-	-	-	-
1926	engine_xfer	const0	killed_full	survived	killed	-	-	-
1927	engine_xfer	cnot1	killed_full	survived	killed	-	-	-
1928	engine_xfer	inv	survived	survived	survived	not_proven	survived	-
1929	engine_xfer	inv	killed_fast	killed	-	-	-	-
1930	engine_xfer	inv	killed_fast	killed	-	-	-	-
1931	engine_xfer	const0	survived	survived	survived	equivalent	-	-
1932	engine_xfer	cnot0	killed_fast	killed	-	-	-	-
1933	engine_xfer	const0	survived	survived	survived	equivalent	-	-
1934	engine_xfer	const1	killed_fast	killed	-	-	-	-
1935	engine_xfer	const1	killed_full	survived	killed	-	-	-
1936	engine_xfer	cnot1	killed_full	survived	killed	-	-	-
1937	engine_xfer	inv	survived	survived	survived	not_proven	killed	-
1938	engine_xfer	cnot1	survived	survived	survived	not_proven	survived	-
1939	engine_xfer	inv	killed_fast	killed	-	-	-	-
1940	engine_xfer	inv	killed_fast	killed	-	-	-	-
1941	engine_xfer	cnot1	killed_full	survived	killed	-	-	-
1942	engine_xfer	cnot1	survived	survived	survived	equivalent	-	-
1943	engine_xfer	cnot1	survived	survived	survived	equivalent	-	-
1944	engine_xfer	const1	killed_fast	killed	-	-	-	-
1945	engine_xfer	cnot0	killed_fast	killed	-	-	-	-
1946	engine_xfer	cnot0	killed_fast	killed	-	-	-	-
1947	engine_xfer	const1	killed_fast	killed	-	-	-	-
1948	engine_xfer	const0	survived	survived	survived	not_proven	survived	-
1949	engine_xfer	const0	survived	survived	survived	not_proven	survived	-
1950	engine_xfer	const1	killed_full	survived	killed	-	-	-
1951	imem	const0	killed_full	survived	killed	-	-	-
1952	imem	inv	killed_fast	killed	-	-	-	-
1953	imem	cnot0	killed_fast	killed	-	-	-	-
1954	imem	const1	killed_fast	killed	-	-	-	-
1955	imem	cnot1	killed_full	survived	killed	-	-	-
1956	imem	inv	killed_fast	killed	-	-	-	-
1957	imem	const1	killed_fast	killed	-	-	-	-
1958	imem	const0	killed_fast	killed	-	-	-	-
1959	imem	const0	killed_fast	killed	-	-	-	-
1960	imem	const1	killed_fast	killed	-	-	-	-
1961	imem	cnot1	killed_fast	killed	-	-	-	-
1962	imem	cnot1	killed_full	survived	killed	-	-	-
1963	imem	const1	killed_fast	killed	-	-	-	-
1964	imem	inv	killed_fast	killed	-	-	-	-
1965	imem	inv	killed_fast	killed	-	-	-	-
1966	imem	const1	killed_fast	killed	-	-	-	-
1967	imem	const0	killed_fast	killed	-	-	-	-
1968	imem	inv	survived	survived	survived	not_proven	survived	-
1969	imem	cnot0	killed_fast	killed	-	-	-	-
1970	imem	cnot1	killed_fast	killed	-	-	-	-
1971	imem	inv	killed_fast	killed	-	-	-	-
1972	imem	cnot0	survived	survived	survived	not_proven	survived	-
1973	imem	const1	survived	survived	survived	not_proven	survived	-
1974	imem	const0	killed_fast	killed	-	-	-	-
1975	imem	cnot0	killed_fast	killed	-	-	-	-
1976	imem	inv	killed_fast	killed	-	-	-	-
1977	imem	cnot1	killed_fast	killed	-	-	-	-
1978	imem	const0	killed_fast	killed	-	-	-	-
1979	imem	const1	killed_fast	killed	-	-	-	-
1980	imem	inv	killed_fast	killed	-	-	-	-
1981	imem	cnot1	survived	survived	survived	not_proven	survived	-
1982	imem	const0	survived	survived	survived	not_proven	survived	-
1983	imem	const1	killed_fast	killed	-	-	-	-
1984	imem	const0	killed_fast	killed	-	-	-	-
1985	imem	cnot1	killed_fast	killed	-	-	-	-
1986	imem	cnot1	killed_full	survived	killed	-	-	-
1987	imem	inv	killed_fast	killed	-	-	-	-
1988	imem	const0	killed_fast	killed	-	-	-	-
1989	imem	const1	survived	survived	survived	not_proven	survived	-
1990	imem	cnot1	survived	survived	survived	not_proven	survived	-
1991	imem	const0	survived	survived	survived	equivalent	-	-
1992	imem	cnot1	survived	survived	survived	not_proven	survived	-
1993	imem	const1	survived	survived	survived	equivalent	-	-
1994	imem	const1	killed_fast	killed	-	-	-	-
1995	imem	const0	killed_fast	killed	-	-	-	-
1996	imem	cnot0	survived	survived	survived	not_proven	survived	-
1997	imem	cnot1	killed_fast	killed	-	-	-	-
1998	imem	const1	killed_fast	killed	-	-	-	-
1999	imem	const1	killed_fast	killed	-	-	-	-
2000	imem	const0	survived	survived	survived	not_proven	survived	-
2001	imem	const1	killed_fast	killed	-	-	-	-
2002	imem	cnot0	killed_fast	killed	-	-	-	-
2003	imem	const1	killed_fast	killed	-	-	-	-
2004	imem	inv	killed_fast	killed	-	-	-	-
2005	imem	inv	killed_fast	killed	-	-	-	-
2006	imem	inv	killed_fast	killed	-	-	-	-
2007	imem	const0	killed_fast	killed	-	-	-	-
2008	imem	inv	killed_fast	killed	-	-	-	-
2009	imem	const1	killed_fast	killed	-	-	-	-
2010	imem	const1	killed_fast	killed	-	-	-	-
2011	shared	cnot0	killed_fast	killed	-	-	-	-
2012	shared	const1	killed_fast	killed	-	-	-	-
2013	shared	const1	killed_fast	killed	-	-	-	-
2014	shared	cnot1	survived	survived	survived	equivalent	-	-
2015	shared	const1	killed_fast	killed	-	-	-	-
2016	shared	const1	killed_fast	killed	-	-	-	-
2017	shared	const0	killed_fast	killed	-	-	-	-
2018	shared	cnot1	killed_full	survived	killed	-	-	-
2019	shared	const0	killed_fast	killed	-	-	-	-
2020	shared	const0	killed_fast	killed	-	-	-	-
2021	shared	inv	killed_fast	killed	-	-	-	-
2022	shared	const0	killed_fast	killed	-	-	-	-
2023	shared	const0	killed_fast	killed	-	-	-	-
2024	shared	inv	killed_fast	killed	-	-	-	-
2025	shared	inv	killed_fast	killed	-	-	-	-
2026	shared	const1	killed_fast	killed	-	-	-	-
2027	shared	inv	killed_fast	killed	-	-	-	-
2028	shared	inv	killed_fast	killed	-	-	-	-
2029	shared	const1	killed_fast	killed	-	-	-	-
2030	shared	const1	killed_fast	killed	-	-	-	-
2031	shared	const1	killed_full	survived	killed	-	-	-
2032	shared	const0	survived	survived	survived	not_proven	survived	-
2033	shared	const0	killed_fast	killed	-	-	-	-
2034	shared	const0	killed_fast	killed	-	-	-	-
2035	shared	const1	killed_fast	killed	-	-	-	-
2036	shared	const1	survived	survived	survived	not_proven	survived	-
2037	shared	const1	killed_fast	killed	-	-	-	-
2038	shared	const0	killed_full	survived	killed	-	-	-
2039	shared	const0	killed_fast	killed	-	-	-	-
2040	shared	const0	killed_fast	killed	-	-	-	-
2041	shared	const0	killed_fast	killed	-	-	-	-
2042	shared	const0	killed_fast	killed	-	-	-	-
2043	shared	const1	killed_fast	killed	-	-	-	-
2044	shared	const0	killed_fast	killed	-	-	-	-
2045	shared	const1	killed_fast	killed	-	-	-	-
2046	shared	cnot0	killed_fast	killed	-	-	-	-
2047	shared	const1	killed_fast	killed	-	-	-	-
2048	shared	inv	killed_fast	killed	-	-	-	-
2049	shared	inv	killed_fast	killed	-	-	-	-
2050	shared	const1	killed_fast	killed	-	-	-	-
2051	shared	cnot1	killed_fast	killed	-	-	-	-
2052	shared	inv	killed_fast	killed	-	-	-	-
2053	shared	const0	killed_fast	killed	-	-	-	-
2054	shared	inv	killed_fast	killed	-	-	-	-
2055	shared	inv	killed_fast	killed	-	-	-	-
2056	shared	inv	killed_fast	killed	-	-	-	-
2057	shared	const1	killed_fast	killed	-	-	-	-
2058	shared	const0	killed_fast	killed	-	-	-	-
2059	shared	const0	killed_fast	killed	-	-	-	-
2060	shared	const0	killed_fast	killed	-	-	-	-
2061	shared	const1	killed_fast	killed	-	-	-	-
2062	shared	const1	killed_fast	killed	-	-	-	-
2063	shared	inv	killed_fast	killed	-	-	-	-
2064	shared	const1	killed_fast	killed	-	-	-	-
2065	shared	inv	killed_fast	killed	-	-	-	-
2066	shared	const1	killed_fast	killed	-	-	-	-
2067	shared	const0	killed_fast	killed	-	-	-	-
2068	shared	const1	killed_fast	killed	-	-	-	-
2069	shared	cnot1	survived	survived	survived	equivalent	-	-
2070	shared	cnot0	killed_fast	killed	-	-	-	-
2071	shared	inv	killed_fast	killed	-	-	-	-
2072	shared	const0	killed_fast	killed	-	-	-	-
2073	shared	const1	killed_fast	killed	-	-	-	-
2074	shared	inv	killed_fast	killed	-	-	-	-
2075	shared	inv	killed_fast	killed	-	-	-	-
2076	shared	const1	killed_fast	killed	-	-	-	-
2077	shared	inv	killed_fast	killed	-	-	-	-
2078	shared	inv	killed_fast	killed	-	-	-	-
2079	shared	const1	killed_fast	killed	-	-	-	-
2080	shared	const1	killed_fast	killed	-	-	-	-
2081	shared	const0	killed_full	survived	killed	-	-	-
2082	shared	inv	killed_fast	killed	-	-	-	-
2083	shared	const0	killed_full	survived	killed	-	-	-
2084	shared	inv	killed_fast	killed	-	-	-	-
2085	shared	inv	killed_fast	killed	-	-	-	-
2086	shared	const0	killed_full	survived	killed	-	-	-
2087	shared	const0	killed_fast	killed	-	-	-	-
2088	shared	inv	killed_fast	killed	-	-	-	-
2089	shared	const1	killed_fast	killed	-	-	-	-
2090	shared	cnot1	killed_fast	killed	-	-	-	-
2091	shared	const0	killed_full	survived	killed	-	-	-
2092	shared	inv	killed_fast	killed	-	-	-	-
2093	shared	const0	killed_fast	killed	-	-	-	-
2094	shared	const0	killed_fast	killed	-	-	-	-
2095	shared	const1	killed_fast	killed	-	-	-	-
2096	shared	const0	killed_fast	killed	-	-	-	-
2097	shared	const1	survived	survived	survived	equivalent	-	-
2098	shared	const0	killed_fast	killed	-	-	-	-
2099	shared	inv	killed_fast	killed	-	-	-	-
2100	shared	cnot0	killed_fast	killed	-	-	-	-
2101	fifo	const1	killed_full	survived	killed	-	-	-
2102	fifo	inv	killed_full	survived	killed	-	-	-
2103	fifo	const0	survived	survived	survived	not_proven	killed	-
2104	fifo	inv	killed_fast	killed	-	-	-	-
2105	fifo	cnot1	killed_fast	killed	-	-	-	-
2106	fifo	inv	killed_full	survived	killed	-	-	-
2107	fifo	cnot0	killed_fast	killed	-	-	-	-
2108	fifo	cnot0	killed_full	survived	killed	-	-	-
2109	fifo	cnot1	killed_full	survived	killed	-	-	-
2110	fifo	const1	killed_full	survived	killed	-	-	-
2111	fifo	const1	killed_fast	killed	-	-	-	-
2112	fifo	const0	killed_full	survived	killed	-	-	-
2113	fifo	const0	killed_fast	killed	-	-	-	-
2114	fifo	inv	killed_fast	killed	-	-	-	-
2115	fifo	const1	killed_fast	killed	-	-	-	-
2116	fifo	cnot1	killed_full	survived	killed	-	-	-
2117	fifo	const1	killed_fast	killed	-	-	-	-
2118	fifo	inv	killed_fast	killed	-	-	-	-
2119	fifo	cnot0	killed_full	survived	killed	-	-	-
2120	fifo	const1	killed_full	survived	killed	-	-	-
2121	fifo	cnot0	killed_fast	killed	-	-	-	-
2122	fifo	cnot1	killed_full	survived	killed	-	-	-
2123	fifo	const1	killed_fast	killed	-	-	-	-
2124	fifo	const1	killed_full	survived	killed	-	-	-
2125	fifo	inv	killed_full	survived	killed	-	-	-
2126	fifo	const1	killed_fast	killed	-	-	-	-
2127	fifo	const1	killed_fast	killed	-	-	-	-
2128	fifo	const1	killed_full	survived	killed	-	-	-
2129	fifo	const0	killed_fast	killed	-	-	-	-
2130	fifo	const0	killed_full	survived	killed	-	-	-
2131	fifo	const1	killed_fast	killed	-	-	-	-
2132	fifo	inv	killed_fast	killed	-	-	-	-
2133	fifo	inv	killed_fast	killed	-	-	-	-
2134	fifo	const0	killed_full	survived	killed	-	-	-
2135	fifo	const0	killed_fast	killed	-	-	-	-
2136	fifo	inv	killed_full	survived	killed	-	-	-
2137	fifo	const1	killed_full	survived	killed	-	-	-
2138	fifo	const0	killed_full	survived	killed	-	-	-
2139	fifo	inv	killed_fast	killed	-	-	-	-
2140	fifo	inv	killed_fast	killed	-	-	-	-
2141	fifo	cnot1	survived	survived	survived	not_proven	survived	-
2142	fifo	cnot0	killed_fast	killed	-	-	-	-
2143	fifo	const1	killed_fast	killed	-	-	-	-
2144	fifo	cnot1	survived	survived	survived	not_proven	survived	-
2145	fifo	inv	killed_full	survived	killed	-	-	-
2146	fifo	inv	killed_fast	killed	-	-	-	-
2147	fifo	const1	killed_fast	killed	-	-	-	-
2148	fifo	const1	killed_fast	killed	-	-	-	-
2149	fifo	const0	killed_fast	killed	-	-	-	-
2150	fifo	inv	killed_full	survived	killed	-	-	-
2151	fifo	const0	killed_full	survived	killed	-	-	-
2152	fifo	cnot1	killed_fast	killed	-	-	-	-
2153	fifo	const0	killed_full	survived	killed	-	-	-
2154	fifo	const0	killed_full	survived	killed	-	-	-
2155	fifo	const1	killed_fast	killed	-	-	-	-
2156	fifo	const0	killed_fast	killed	-	-	-	-
2157	fifo	const0	killed_full	survived	killed	-	-	-
2158	fifo	const0	killed_fast	killed	-	-	-	-
2159	fifo	inv	killed_fast	killed	-	-	-	-
2160	fifo	const1	killed_fast	killed	-	-	-	-
2161	fifo	const1	killed_fast	killed	-	-	-	-
2162	fifo	const0	killed_fast	killed	-	-	-	-
2163	fifo	inv	killed_full	survived	killed	-	-	-
2164	fifo	inv	killed_full	survived	killed	-	-	-
2165	fifo	const1	survived	survived	survived	not_proven	survived	-
2166	fifo	const1	killed_fast	killed	-	-	-	-
2167	fifo	const1	killed_fast	killed	-	-	-	-
2168	fifo	cnot1	killed_full	survived	killed	-	-	-
2169	fifo	const0	killed_full	survived	killed	-	-	-
2170	fifo	cnot1	killed_fast	killed	-	-	-	-
2171	fifo	const0	killed_fast	killed	-	-	-	-
2172	fifo	cnot1	killed_full	survived	killed	-	-	-
2173	fifo	cnot0	killed_fast	killed	-	-	-	-
2174	fifo	const1	killed_fast	killed	-	-	-	-
2175	fifo	const1	killed_fast	killed	-	-	-	-
2176	fifo	inv	killed_fast	killed	-	-	-	-
2177	fifo	inv	killed_fast	killed	-	-	-	-
2178	fifo	const1	killed_fast	killed	-	-	-	-
2179	fifo	inv	killed_fast	killed	-	-	-	-
2180	fifo	const0	killed_fast	killed	-	-	-	-
2181	fifo	const0	killed_full	survived	killed	-	-	-
2182	fifo	const0	killed_fast	killed	-	-	-	-
2183	fifo	const1	killed_full	survived	killed	-	-	-
2184	fifo	const0	killed_full	survived	killed	-	-	-
2185	fifo	cnot1	killed_full	survived	killed	-	-	-
2186	fifo	inv	killed_fast	killed	-	-	-	-
2187	fifo	inv	killed_fast	killed	-	-	-	-
2188	fifo	cnot1	survived	survived	survived	not_proven	survived	-
2189	fifo	cnot0	killed_fast	killed	-	-	-	-
2190	fifo	inv	killed_fast	killed	-	-	-	-
2191	fifo	inv	killed_fast	killed	-	-	-	-
2192	fifo	cnot0	killed_fast	killed	-	-	-	-
2193	fifo	inv	killed_full	survived	killed	-	-	-
2194	fifo	const1	killed_full	survived	killed	-	-	-
2195	fifo	const1	killed_fast	killed	-	-	-	-
2196	fifo	const0	killed_fast	killed	-	-	-	-
2197	fifo	inv	killed_fast	killed	-	-	-	-
2198	fifo	const0	survived	survived	survived	not_proven	survived	-
2199	fifo	inv	killed_fast	killed	-	-	-	-
2200	fifo	inv	killed_fast	killed	-	-	-	-
2201	fifo	inv	killed_full	survived	killed	-	-	-
2202	fifo	inv	killed_full	survived	killed	-	-	-
2203	fifo	const0	killed_fast	killed	-	-	-	-
2204	fifo	inv	killed_fast	killed	-	-	-	-
2205	fifo	const1	killed_full	survived	killed	-	-	-
2206	fifo	inv	killed_full	survived	killed	-	-	-
2207	fifo	const1	killed_fast	killed	-	-	-	-
2208	fifo	const0	killed_full	survived	killed	-	-	-
2209	fifo	const0	killed_full	survived	killed	-	-	-
2210	fifo	const1	killed_fast	killed	-	-	-	-
2211	fifo	cnot0	killed_full	survived	killed	-	-	-
2212	fifo	const0	killed_fast	killed	-	-	-	-
2213	fifo	const1	killed_fast	killed	-	-	-	-
2214	fifo	const1	killed_fast	killed	-	-	-	-
2215	fifo	inv	killed_fast	killed	-	-	-	-
2216	fifo	inv	killed_fast	killed	-	-	-	-
2217	fifo	const1	killed_full	survived	killed	-	-	-
2218	fifo	const1	killed_fast	killed	-	-	-	-
2219	fifo	const1	killed_fast	killed	-	-	-	-
2220	fifo	const0	killed_fast	killed	-	-	-	-
2221	fifo	cnot1	survived	survived	survived	not_proven	killed	-
2222	fifo	inv	killed_fast	killed	-	-	-	-
2223	fifo	cnot1	killed_fast	killed	-	-	-	-
2224	fifo	inv	killed_fast	killed	-	-	-	-
2225	fifo	inv	killed_full	survived	killed	-	-	-
2226	fifo	inv	killed_fast	killed	-	-	-	-
2227	fifo	const1	killed_fast	killed	-	-	-	-
2228	fifo	cnot0	killed_fast	killed	-	-	-	-
2229	fifo	cnot0	killed_full	survived	killed	-	-	-
2230	fifo	const1	killed_fast	killed	-	-	-	-
2231	engine_data	const1	killed_full	survived	killed	-	-	-
2232	engine_data	cnot1	killed_full	survived	killed	-	-	-
2233	engine_data	inv	killed_fast	killed	-	-	-	-
2234	engine_data	inv	killed_full	survived	killed	-	-	-
2235	engine_data	const1	killed_fast	killed	-	-	-	-
2236	engine_data	const0	killed_full	survived	killed	-	-	-
2237	engine_data	cnot1	survived	survived	survived	not_proven	survived	-
2238	engine_data	cnot1	killed_full	survived	killed	-	-	-
2239	engine_data	cnot1	killed_full	survived	killed	-	-	-
2240	engine_data	inv	killed_fast	killed	-	-	-	-
2241	engine_data	const0	killed_full	survived	killed	-	-	-
2242	engine_data	cnot0	killed_full	survived	killed	-	-	-
2243	engine_data	cnot0	killed_full	survived	killed	-	-	-
2244	engine_data	cnot0	survived	survived	survived	not_proven	killed	-
2245	engine_data	cnot1	killed_fast	killed	-	-	-	-
2246	engine_data	inv	survived	survived	survived	not_proven	killed	-
2247	engine_data	const1	killed_full	survived	killed	-	-	-
2248	engine_data	cnot0	killed_full	survived	killed	-	-	-
2249	engine_data	const0	killed_full	survived	killed	-	-	-
2250	engine_data	const0	killed_full	survived	killed	-	-	-
2251	engine_data	inv	killed_full	survived	killed	-	-	-
2252	engine_data	const0	survived	survived	survived	not_proven	killed	-
2253	engine_data	inv	survived	survived	survived	not_proven	killed	-
2254	engine_data	cnot1	survived	survived	survived	not_proven	killed	-
2255	engine_data	inv	killed_full	survived	killed	-	-	-
2256	engine_data	inv	killed_fast	killed	-	-	-	-
2257	engine_data	cnot1	killed_full	survived	killed	-	-	-
2258	engine_data	cnot1	survived	survived	survived	not_proven	killed	-
2259	engine_data	const1	killed_fast	killed	-	-	-	-
2260	engine_data	const0	killed_full	survived	killed	-	-	-
2261	engine_data	cnot1	killed_full	survived	killed	-	-	-
2262	engine_data	const1	killed_fast	killed	-	-	-	-
2263	engine_data	cnot0	killed_fast	killed	-	-	-	-
2264	engine_data	cnot1	survived	survived	survived	not_proven	survived	-
2265	engine_data	const0	killed_full	survived	killed	-	-	-
2266	engine_data	const1	killed_fast	killed	-	-	-	-
2267	engine_data	cnot0	killed_fast	killed	-	-	-	-
2268	engine_data	const0	killed_fast	killed	-	-	-	-
2269	engine_data	const0	killed_full	survived	killed	-	-	-
2270	engine_data	const1	killed_full	survived	killed	-	-	-
2271	engine_data	const0	killed_full	survived	killed	-	-	-
2272	engine_data	const1	killed_fast	killed	-	-	-	-
2273	engine_data	const1	killed_fast	killed	-	-	-	-
2274	engine_data	const1	killed_full	survived	killed	-	-	-
2275	engine_data	inv	killed_fast	killed	-	-	-	-
2276	engine_data	inv	survived	survived	survived	not_proven	killed	-
2277	engine_data	inv	killed_fast	killed	-	-	-	-
2278	engine_data	const0	killed_fast	killed	-	-	-	-
2279	engine_data	cnot1	killed_full	survived	killed	-	-	-
2280	engine_data	const0	killed_full	survived	killed	-	-	-
2281	engine_data	cnot0	killed_fast	killed	-	-	-	-
2282	engine_data	const0	killed_full	survived	killed	-	-	-
2283	engine_data	cnot1	killed_full	survived	killed	-	-	-
2284	engine_data	const0	killed_full	survived	killed	-	-	-
2285	engine_data	cnot0	killed_fast	killed	-	-	-	-
2286	engine_data	cnot1	killed_full	survived	killed	-	-	-
2287	engine_data	inv	killed_fast	killed	-	-	-	-
2288	engine_data	inv	killed_fast	killed	-	-	-	-
2289	engine_data	cnot1	killed_full	survived	killed	-	-	-
2290	engine_data	const1	killed_fast	killed	-	-	-	-
2291	engine_data	const0	killed_full	survived	killed	-	-	-
2292	engine_data	const1	killed_fast	killed	-	-	-	-
2293	engine_data	inv	killed_fast	killed	-	-	-	-
2294	engine_data	cnot1	killed_full	survived	killed	-	-	-
2295	engine_data	const0	survived	survived	survived	not_proven	survived	-
2296	engine_data	cnot0	killed_fast	killed	-	-	-	-
2297	engine_data	const1	killed_full	survived	killed	-	-	-
2298	engine_data	inv	killed_fast	killed	-	-	-	-
2299	engine_data	inv	killed_full	survived	killed	-	-	-
2300	engine_data	const0	survived	survived	survived	not_proven	survived	-
2301	engine_data	const0	survived	survived	survived	not_proven	survived	-
2302	engine_data	const0	killed_full	survived	killed	-	-	-
2303	engine_data	cnot0	killed_fast	killed	-	-	-	-
2304	engine_data	cnot1	survived	survived	survived	not_proven	killed	-
2305	engine_data	const0	survived	survived	survived	not_proven	killed	-
2306	engine_data	cnot0	killed_fast	killed	-	-	-	-
2307	engine_data	cnot0	killed_full	survived	killed	-	-	-
2308	engine_data	inv	killed_fast	killed	-	-	-	-
2309	engine_data	const1	killed_fast	killed	-	-	-	-
2310	engine_data	cnot0	killed_full	survived	killed	-	-	-
2311	engine_data	const1	killed_fast	killed	-	-	-	-
2312	engine_data	cnot0	killed_full	survived	killed	-	-	-
2313	engine_data	const0	killed_fast	killed	-	-	-	-
2314	engine_data	inv	killed_fast	killed	-	-	-	-
2315	engine_data	cnot1	killed_full	survived	killed	-	-	-
2316	engine_data	const1	killed_fast	killed	-	-	-	-
2317	engine_data	const1	killed_full	survived	killed	-	-	-
2318	engine_data	cnot1	killed_full	survived	killed	-	-	-
2319	engine_data	cnot1	survived	survived	survived	not_proven	killed	-
2320	engine_data	inv	killed_fast	killed	-	-	-	-
2321	engine_data	cnot1	killed_fast	killed	-	-	-	-
2322	engine_data	const1	killed_full	survived	killed	-	-	-
2323	engine_data	const1	killed_full	survived	killed	-	-	-
2324	engine_data	inv	killed_full	survived	killed	-	-	-
2325	engine_data	cnot1	killed_full	survived	killed	-	-	-
2326	engine_data	const1	killed_fast	killed	-	-	-	-
2327	engine_data	cnot0	killed_full	survived	killed	-	-	-
2328	engine_data	cnot1	killed_full	survived	killed	-	-	-
2329	engine_data	const1	killed_fast	killed	-	-	-	-
2330	engine_data	const0	killed_full	survived	killed	-	-	-
2331	engine_data	const1	killed_fast	killed	-	-	-	-
2332	engine_data	const1	killed_fast	killed	-	-	-	-
2333	engine_data	const1	killed_fast	killed	-	-	-	-
2334	engine_data	const1	killed_fast	killed	-	-	-	-
2335	engine_data	inv	killed_fast	killed	-	-	-	-
2336	engine_data	cnot1	killed_full	survived	killed	-	-	-
2337	engine_data	const1	killed_fast	killed	-	-	-	-
2338	engine_data	const0	killed_full	survived	killed	-	-	-
2339	engine_data	inv	killed_fast	killed	-	-	-	-
2340	engine_data	cnot0	killed_fast	killed	-	-	-	-
2341	engine_data	const1	killed_full	survived	killed	-	-	-
2342	engine_data	cnot1	survived	survived	survived	not_proven	killed	-
2343	engine_data	const0	survived	survived	survived	not_proven	survived	-
2344	engine_data	const0	killed_full	survived	killed	-	-	-
2345	engine_data	const0	killed_full	survived	killed	-	-	-
2346	engine_data	cnot1	killed_full	survived	killed	-	-	-
2347	engine_data	inv	killed_full	survived	killed	-	-	-
2348	engine_data	cnot0	killed_fast	killed	-	-	-	-
2349	engine_data	cnot1	killed_full	survived	killed	-	-	-
2350	engine_data	cnot0	killed_fast	killed	-	-	-	-
2351	engine_data	cnot0	killed_full	survived	killed	-	-	-
2352	engine_data	inv	killed_fast	killed	-	-	-	-
2353	engine_data	const0	killed_full	survived	killed	-	-	-
2354	engine_data	cnot1	killed_fast	killed	-	-	-	-
2355	engine_data	cnot1	survived	survived	survived	not_proven	survived	-
2356	engine_data	const0	killed_full	survived	killed	-	-	-
2357	engine_data	cnot0	killed_full	survived	killed	-	-	-
2358	engine_data	const1	killed_fast	killed	-	-	-	-
2359	engine_data	cnot0	survived	survived	survived	not_proven	killed	-
2360	engine_data	cnot0	killed_full	survived	killed	-	-	-
2361	engine_data	cnot1	survived	survived	survived	not_proven	survived	-
2362	engine_data	cnot0	killed_fast	killed	-	-	-	-
2363	engine_data	inv	killed_fast	killed	-	-	-	-
2364	engine_data	const0	killed_full	survived	killed	-	-	-
2365	engine_data	inv	killed_full	survived	killed	-	-	-
2366	engine_data	const1	killed_fast	killed	-	-	-	-
2367	engine_data	cnot0	killed_full	survived	killed	-	-	-
2368	engine_data	cnot0	killed_fast	killed	-	-	-	-
2369	engine_data	cnot1	killed_full	survived	killed	-	-	-
2370	engine_data	cnot0	killed_fast	killed	-	-	-	-
2371	engine_data	inv	killed_fast	killed	-	-	-	-
2372	engine_data	cnot1	killed_full	survived	killed	-	-	-
2373	engine_data	cnot1	survived	survived	survived	not_proven	killed	-
2374	engine_data	const0	killed_fast	killed	-	-	-	-
2375	engine_data	inv	survived	survived	survived	not_proven	killed	-
2376	engine_data	cnot0	killed_full	survived	killed	-	-	-
2377	engine_data	cnot1	killed_full	survived	killed	-	-	-
2378	engine_data	inv	killed_fast	killed	-	-	-	-
2379	engine_data	cnot1	survived	survived	survived	not_proven	survived	-
2380	engine_data	const0	survived	survived	survived	not_proven	survived	-
2381	engine_data	cnot1	survived	survived	survived	not_proven	killed	-
2382	engine_data	const1	killed_full	survived	killed	-	-	-
2383	engine_data	cnot1	survived	survived	survived	not_proven	killed	-
2384	engine_data	const1	killed_fast	killed	-	-	-	-
2385	engine_data	inv	killed_fast	killed	-	-	-	-
2386	engine_data	cnot0	killed_fast	killed	-	-	-	-
2387	engine_data	cnot0	killed_fast	killed	-	-	-	-
2388	engine_data	const1	survived	survived	survived	not_proven	killed	-
2389	engine_data	const0	killed_fast	killed	-	-	-	-
2390	engine_data	const1	killed_fast	killed	-	-	-	-
2391	engine_data	const1	survived	survived	survived	not_proven	killed	-
2392	engine_data	inv	survived	survived	survived	not_proven	killed	-
2393	engine_data	cnot1	killed_full	survived	killed	-	-	-
2394	engine_data	cnot1	killed_full	survived	killed	-	-	-
2395	engine_data	cnot1	killed_full	survived	killed	-	-	-
2396	engine_data	const1	killed_fast	killed	-	-	-	-
2397	engine_data	const0	killed_fast	killed	-	-	-	-
2398	engine_data	inv	killed_full	survived	killed	-	-	-
2399	engine_data	cnot1	survived	survived	survived	not_proven	survived	-
2400	engine_data	const1	killed_fast	killed	-	-	-	-
2401	engine_data	const0	killed_fast	killed	-	-	-	-
2402	engine_data	cnot0	killed_full	survived	killed	-	-	-
2403	engine_data	inv	killed_fast	killed	-	-	-	-
2404	engine_data	cnot1	survived	survived	survived	not_proven	killed	-
2405	engine_data	inv	killed_fast	killed	-	-	-	-
2406	engine_data	const0	killed_fast	killed	-	-	-	-
2407	engine_data	const1	killed_full	survived	killed	-	-	-
2408	engine_data	inv	killed_full	survived	killed	-	-	-
2409	engine_data	cnot0	killed_fast	killed	-	-	-	-
2410	engine_data	cnot1	survived	survived	survived	not_proven	survived	-
2411	timestamp	const0	killed_full	survived	killed	-	-	-
2412	timestamp	cnot0	killed_fast	killed	-	-	-	-
2413	timestamp	const1	killed_fast	killed	-	-	-	-
2414	timestamp	inv	killed_fast	killed	-	-	-	-
2415	timestamp	const1	killed_fast	killed	-	-	-	-
2416	timestamp	cnot0	killed_fast	killed	-	-	-	-
2417	timestamp	inv	killed_fast	killed	-	-	-	-
2418	timestamp	const0	killed_full	survived	killed	-	-	-
2419	timestamp	const1	killed_fast	killed	-	-	-	-
2420	timestamp	inv	killed_fast	killed	-	-	-	-
