id	region	mode	status	how	status_longcap	how_longcap
1	engine_ctrl	const1	killed	suite:test_kill_blocked	killed	suite:test_kill_blocked
2	engine_ctrl	inv	killed	suite:test_smoke	killed	suite:test_smoke
3	engine_ctrl	cnot1	killed	suite:test_legacy	killed	suite:test_legacy
4	engine_ctrl	const1	killed	suite:test_random	killed	suite:test_random
5	engine_ctrl	inv	killed	suite:test_legacy	killed	suite:test_legacy
6	engine_ctrl	cnot0	equivalent	equiv_induct	equivalent	equiv_induct
7	engine_ctrl	cnot1	killed	suite:test_timewarp	killed	suite:test_timewarp
8	engine_ctrl	cnot1	killed	suite:test_random	killed	suite:test_random
9	engine_ctrl	cnot0	killed	suite:test_legacy	killed	suite:test_legacy
10	engine_ctrl	const0	killed	suite:test_kill_blocked	killed	suite:test_kill_blocked
11	engine_ctrl	inv	killed	suite:test_directed	killed	suite:test_directed
12	engine_ctrl	cnot0	killed	suite:test_legacy	killed	suite:test_legacy
13	engine_ctrl	const1	killed	suite:test_protocols	killed	suite:test_protocols
14	engine_ctrl	cnot1	killed	suite:test_protocols	killed	suite:test_protocols
15	engine_ctrl	inv	killed	suite:test_legacy	killed	suite:test_legacy
16	engine_ctrl	const1	killed	suite:test_legacy	killed	suite:test_legacy
17	engine_ctrl	const0	survived		survived	
18	engine_ctrl	cnot1	survived		survived	
19	engine_ctrl	cnot0	killed	suite:test_protocols	killed	suite:test_protocols
20	engine_ctrl	const0	killed	suite:test_counters	killed	suite:test_counters
21	engine_ctrl	cnot0	killed	suite:test_protocols	killed	suite:test_protocols
22	engine_ctrl	inv	killed	suite:test_smoke	killed	suite:test_smoke
23	engine_ctrl	const1	killed	suite:test_smoke	killed	suite:test_smoke
24	engine_ctrl	const0	equivalent	equiv_induct	equivalent	equiv_induct
25	engine_ctrl	const0	killed	suite:test_smoke	killed	suite:test_smoke
26	engine_ctrl	const1	killed	suite:test_protocols	killed	suite:test_protocols
27	engine_ctrl	cnot0	killed	suite:test_legacy	killed	suite:test_legacy
28	engine_ctrl	const0	killed	suite:test_counters	killed	suite:test_counters
29	engine_ctrl	const1	killed	suite:test_smoke	killed	suite:test_smoke
30	engine_ctrl	cnot0	killed	suite:test_random	killed	suite:test_random
31	engine_ctrl	const1	killed	suite:test_kill_blocked	killed	suite:test_kill_blocked
32	engine_ctrl	cnot1	equivalent	equiv_induct	equivalent	equiv_induct
33	engine_ctrl	const0	survived		survived	
34	engine_ctrl	cnot1	survived		survived	
35	engine_ctrl	cnot1	killed	suite:test_timewarp	killed	suite:test_timewarp
36	engine_ctrl	cnot1	killed	suite:test_random	killed	suite:test_random
37	engine_ctrl	const1	killed	suite:test_kill_blocked	killed	suite:test_kill_blocked
38	engine_ctrl	cnot1	killed	suite:test_random	killed	suite:test_random
39	engine_ctrl	inv	killed	suite:test_protocols	killed	suite:test_protocols
40	engine_ctrl	inv	killed	suite:test_smoke	killed	suite:test_smoke
41	engine_ctrl	inv	killed	suite:test_random	killed	suite:test_random
42	engine_ctrl	const1	killed	suite:test_protocols	killed	suite:test_protocols
43	engine_ctrl	inv	killed	suite:test_smoke	killed	suite:test_smoke
44	engine_ctrl	cnot1	killed	suite:test_counters	killed	suite:test_counters
45	engine_ctrl	inv	killed	suite:test_random	killed	suite:test_random
46	engine_ctrl	cnot1	killed	suite:test_kill_host	killed	suite:test_kill_host
47	engine_ctrl	const1	survived		survived	
48	engine_ctrl	inv	killed	suite:test_random	killed	suite:test_random
49	engine_ctrl	const0	killed	suite:test_timewarp	killed	suite:test_timewarp
50	engine_ctrl	const0	survived		survived	
51	engine_ctrl	const0	equivalent	equiv_induct	equivalent	equiv_induct
52	engine_ctrl	const1	killed	suite:test_protocols	killed	suite:test_protocols
53	engine_ctrl	cnot0	killed	suite:test_random	killed	suite:test_random
54	engine_ctrl	cnot0	killed	suite:test_legacy	killed	suite:test_legacy
55	engine_ctrl	const0	killed	suite:test_kill_blocked	killed	suite:test_kill_blocked
56	engine_ctrl	cnot0	killed	suite:test_legacy	killed	suite:test_legacy
57	engine_ctrl	const0	killed	suite:test_smoke	killed	suite:test_smoke
58	engine_ctrl	cnot0	killed	suite:test_protocols	killed	suite:test_protocols
59	engine_ctrl	inv	killed	suite:test_legacy	killed	suite:test_legacy
60	engine_ctrl	inv	killed	suite:test_protocols	killed	suite:test_protocols
61	engine_ctrl	const0	killed	suite:test_random	killed	suite:test_random
62	engine_ctrl	const0	killed	suite:test_timewarp	killed	suite:test_timewarp
63	engine_ctrl	const0	survived		survived	
64	engine_ctrl	const0	killed	suite:test_counters	killed	suite:test_counters
65	engine_ctrl	cnot1	equivalent	equiv_induct	equivalent	equiv_induct
66	engine_ctrl	cnot1	killed	suite:test_random	killed	suite:test_random
67	engine_ctrl	cnot0	killed	suite:test_legacy	killed	suite:test_legacy
68	engine_ctrl	cnot0	killed	suite:test_smoke	killed	suite:test_smoke
69	engine_ctrl	const0	killed	suite:test_kill_regs	killed	suite:test_kill_regs
70	engine_ctrl	const0	killed	suite:test_directed	killed	suite:test_directed
71	engine_ctrl	cnot0	killed	suite:test_random	killed	suite:test_random
72	engine_ctrl	cnot1	equivalent	equiv_induct	equivalent	equiv_induct
73	engine_ctrl	const0	killed	suite:test_timewarp	killed	suite:test_timewarp
74	engine_ctrl	inv	killed	suite:test_smoke	killed	suite:test_smoke
75	engine_ctrl	cnot0	killed	suite:test_smoke	killed	suite:test_smoke
76	engine_ctrl	inv	killed	suite:test_smoke	killed	suite:test_smoke
77	engine_ctrl	const0	killed	suite:test_smoke	killed	suite:test_smoke
78	engine_ctrl	const1	killed	suite:test_random	killed	suite:test_random
79	engine_ctrl	cnot1	killed	suite:test_protocols	killed	suite:test_protocols
80	engine_ctrl	const0	killed	suite:test_random	killed	suite:test_random
81	engine_ctrl	const0	survived		survived	
82	engine_ctrl	const0	killed	suite:test_legacy	killed	suite:test_legacy
83	engine_ctrl	inv	killed	suite:test_protocols	killed	suite:test_protocols
84	engine_ctrl	inv	killed	suite:test_smoke	killed	suite:test_smoke
85	engine_ctrl	const0	killed	suite:test_counters	killed	suite:test_counters
86	engine_ctrl	cnot0	killed	suite:test_smoke	killed	suite:test_smoke
87	engine_ctrl	cnot0	killed	suite:test_kill_blocked	killed	suite:test_kill_blocked
88	engine_ctrl	const0	equivalent	equiv_induct	equivalent	equiv_induct
89	engine_ctrl	cnot0	killed	suite:test_random	killed	suite:test_random
90	engine_ctrl	cnot0	killed	suite:test_random	killed	suite:test_random
91	engine_ctrl	cnot0	killed	suite:test_protocols	killed	suite:test_protocols
92	engine_ctrl	const0	killed	suite:test_protocols	killed	suite:test_protocols
93	engine_ctrl	inv	killed	suite:test_smoke	killed	suite:test_smoke
94	engine_ctrl	cnot0	killed	suite:test_random	killed	suite:test_random
95	engine_ctrl	cnot1	killed	suite:test_directed	killed	suite:test_directed
96	engine_ctrl	const1	killed	suite:test_legacy	killed	suite:test_legacy
97	engine_ctrl	cnot0	killed	suite:test_protocols	killed	suite:test_protocols
98	engine_ctrl	const1	killed	suite:test_protocols	killed	suite:test_protocols
99	engine_ctrl	inv	survived		equivalent	miter-abc-900s
100	engine_ctrl	inv	killed	suite:test_protocols	killed	suite:test_protocols
101	engine_ctrl	const0	killed	suite:test_random	killed	suite:test_random
102	engine_ctrl	const1	killed	suite:test_kill_blocked	killed	suite:test_kill_blocked
103	engine_ctrl	const1	killed	suite:test_random	killed	suite:test_random
104	engine_ctrl	const1	killed	suite:test_random	killed	suite:test_random
105	engine_ctrl	cnot0	killed	suite:test_random	killed	suite:test_random
106	engine_ctrl	inv	killed	suite:test_kill_blocked	killed	suite:test_kill_blocked
107	engine_ctrl	cnot0	killed	suite:test_random	killed	suite:test_random
108	engine_ctrl	const0	killed	suite:test_smoke	killed	suite:test_smoke
109	engine_ctrl	const1	killed	suite:test_random	killed	suite:test_random
110	engine_ctrl	cnot1	killed	suite:test_random	killed	suite:test_random
111	engine_ctrl	inv	killed	suite:test_protocols	killed	suite:test_protocols
112	engine_ctrl	cnot0	killed	suite:test_directed	killed	suite:test_directed
113	engine_ctrl	const0	killed	suite:test_kill_blocked	killed	suite:test_kill_blocked
114	engine_ctrl	inv	killed	suite:test_directed	killed	suite:test_directed
115	engine_ctrl	const1	killed	suite:test_smoke	killed	suite:test_smoke
116	engine_ctrl	cnot0	killed	suite:test_protocols	killed	suite:test_protocols
117	engine_ctrl	cnot1	killed	suite:test_legacy	killed	suite:test_legacy
118	engine_ctrl	const1	killed	suite:test_random	killed	suite:test_random
119	engine_ctrl	const0	killed	suite:test_smoke	killed	suite:test_smoke
120	engine_ctrl	cnot0	killed	suite:test_protocols	killed	suite:test_protocols
121	engine_ctrl	const0	survived		survived	
122	engine_ctrl	const1	killed	suite:test_legacy	killed	suite:test_legacy
123	engine_ctrl	cnot0	killed	suite:test_smoke	killed	suite:test_smoke
124	engine_ctrl	inv	killed	suite:test_legacy	killed	suite:test_legacy
125	engine_ctrl	cnot1	killed	suite:test_protocols	killed	suite:test_protocols
126	engine_ctrl	const0	killed	suite:test_counters	killed	suite:test_counters
127	engine_ctrl	const0	killed	suite:test_smoke	killed	suite:test_smoke
128	engine_ctrl	const0	survived		survived	
129	engine_ctrl	const0	survived		survived	
130	engine_ctrl	cnot1	killed	suite:test_protocols	killed	suite:test_protocols
131	engine_ctrl	const1	killed	suite:test_random	killed	suite:test_random
132	engine_ctrl	inv	killed	suite:test_legacy	killed	suite:test_legacy
133	engine_ctrl	cnot0	killed	suite:test_protocols	killed	suite:test_protocols
134	engine_ctrl	inv	killed	suite:test_protocols	killed	suite:test_protocols
135	engine_ctrl	cnot0	killed	suite:test_legacy	killed	suite:test_legacy
136	engine_ctrl	inv	killed	suite:test_kill_blocked	killed	suite:test_kill_blocked
137	engine_ctrl	cnot1	killed	suite:test_random	killed	suite:test_random
138	engine_ctrl	const1	killed	suite:test_legacy	killed	suite:test_legacy
139	engine_ctrl	cnot0	killed	suite:test_protocols	killed	suite:test_protocols
140	engine_ctrl	inv	killed	suite:test_random	killed	suite:test_random
141	engine_ctrl	const0	killed	suite:test_counters	killed	suite:test_counters
142	engine_ctrl	const0	killed	suite:test_kill_blocked	killed	suite:test_kill_blocked
143	engine_ctrl	cnot1	survived		survived	
144	engine_ctrl	inv	killed	suite:test_smoke	killed	suite:test_smoke
145	engine_ctrl	cnot1	killed	suite:test_protocols	killed	suite:test_protocols
146	engine_ctrl	const1	killed	suite:test_random	killed	suite:test_random
147	engine_ctrl	cnot1	killed	suite:test_timewarp	killed	suite:test_timewarp
148	engine_ctrl	const0	killed	suite:test_random	killed	suite:test_random
149	engine_ctrl	cnot1	killed	suite:test_protocols	killed	suite:test_protocols
150	engine_ctrl	inv	killed	suite:test_counters	killed	suite:test_counters
151	engine_ctrl	const1	killed	suite:test_kill_blocked	killed	suite:test_kill_blocked
152	engine_ctrl	cnot1	survived		survived	
153	engine_ctrl	const0	survived		survived	
154	engine_ctrl	const0	killed	suite:test_random	killed	suite:test_random
155	engine_ctrl	const1	killed	suite:test_protocols	killed	suite:test_protocols
156	engine_ctrl	cnot0	killed	suite:test_protocols	killed	suite:test_protocols
157	engine_ctrl	const0	killed	suite:test_random	killed	suite:test_random
158	engine_ctrl	inv	survived		survived	
159	engine_ctrl	const0	equivalent	equiv_induct	equivalent	equiv_induct
160	engine_ctrl	cnot1	survived		equivalent	miter-abc-900s
161	engine_ctrl	const1	killed	suite:test_protocols	killed	suite:test_protocols
162	engine_ctrl	cnot0	killed	suite:test_smoke	killed	suite:test_smoke
163	engine_ctrl	cnot0	killed	suite:test_timewarp	killed	suite:test_timewarp
164	engine_ctrl	const1	killed	suite:test_smoke	killed	suite:test_smoke
165	engine_ctrl	const1	killed	suite:test_legacy	killed	suite:test_legacy
166	engine_ctrl	const0	survived		equivalent	miter-abc-900s
167	engine_ctrl	cnot1	survived		survived	
168	engine_ctrl	cnot1	survived		equivalent	miter-abc-900s
169	engine_ctrl	cnot1	killed	suite:test_random	killed	suite:test_random
170	engine_ctrl	const1	killed	suite:test_protocols	killed	suite:test_protocols
171	engine_ctrl	cnot1	killed	suite:test_random	killed	suite:test_random
172	engine_ctrl	const1	killed	suite:test_random	killed	suite:test_random
173	engine_ctrl	inv	killed	suite:test_timewarp	killed	suite:test_timewarp
174	engine_ctrl	cnot0	killed	suite:test_protocols	killed	suite:test_protocols
175	engine_ctrl	const0	killed	suite:test_protocols	killed	suite:test_protocols
176	engine_ctrl	const0	survived		survived	
177	engine_ctrl	const1	killed	suite:test_protocols	killed	suite:test_protocols
178	engine_ctrl	inv	killed	suite:test_random	killed	suite:test_random
179	engine_ctrl	cnot0	killed	suite:test_random	killed	suite:test_random
180	engine_ctrl	inv	killed	suite:test_random	killed	suite:test_random
181	engine_ctrl	const0	killed	suite:test_kill_regs	killed	suite:test_kill_regs
182	engine_ctrl	inv	killed	suite:test_smoke	killed	suite:test_smoke
183	engine_ctrl	const0	survived		survived	
184	engine_ctrl	const1	killed	suite:test_legacy	killed	suite:test_legacy
185	engine_ctrl	const1	killed	suite:test_kill_blocked	killed	suite:test_kill_blocked
186	engine_ctrl	const1	killed	suite:test_random	killed	suite:test_random
187	engine_ctrl	cnot1	survived		equivalent	miter-abc-900s
188	engine_ctrl	cnot1	killed	suite:test_protocols	killed	suite:test_protocols
189	engine_ctrl	inv	killed	suite:test_random	killed	suite:test_random
190	engine_ctrl	cnot0	killed	suite:test_smoke	killed	suite:test_smoke
191	engine_ctrl	cnot0	killed	suite:test_legacy	killed	suite:test_legacy
192	engine_ctrl	const0	killed	suite:test_random	killed	suite:test_random
193	engine_ctrl	cnot0	killed	suite:test_protocols	killed	suite:test_protocols
194	engine_ctrl	cnot1	killed	suite:test_protocols	killed	suite:test_protocols
195	engine_ctrl	inv	killed	suite:test_smoke	killed	suite:test_smoke
196	engine_ctrl	cnot1	killed	suite:test_timewarp	killed	suite:test_timewarp
197	engine_ctrl	const0	killed	suite:test_timewarp	killed	suite:test_timewarp
198	engine_ctrl	cnot1	killed	suite:test_protocols	killed	suite:test_protocols
199	engine_ctrl	cnot1	equivalent	equiv_induct	equivalent	equiv_induct
200	engine_ctrl	inv	killed	suite:test_protocols	killed	suite:test_protocols
201	engine_ctrl	const1	killed	suite:test_legacy	killed	suite:test_legacy
202	engine_ctrl	cnot0	killed	suite:test_legacy	killed	suite:test_legacy
203	engine_ctrl	const0	killed	suite:test_random	killed	suite:test_random
204	engine_ctrl	cnot0	killed	suite:test_directed	killed	suite:test_directed
205	engine_ctrl	const0	killed	suite:test_timewarp	killed	suite:test_timewarp
206	engine_ctrl	inv	survived		equivalent	miter-abc-900s
207	engine_ctrl	inv	killed	suite:test_legacy	killed	suite:test_legacy
208	engine_ctrl	cnot0	survived		survived	
209	engine_ctrl	const1	killed	suite:test_smoke	killed	suite:test_smoke
210	engine_ctrl	inv	killed	suite:test_legacy	killed	suite:test_legacy
211	engine_ctrl	const1	killed	suite:test_smoke	killed	suite:test_smoke
212	engine_ctrl	inv	killed	suite:test_smoke	killed	suite:test_smoke
213	engine_ctrl	const0	killed	suite:test_protocols	killed	suite:test_protocols
214	engine_ctrl	inv	killed	suite:test_protocols	killed	suite:test_protocols
215	engine_ctrl	cnot0	killed	suite:test_smoke	killed	suite:test_smoke
216	engine_ctrl	inv	killed	suite:test_random	killed	suite:test_random
217	engine_ctrl	inv	killed	suite:test_protocols	killed	suite:test_protocols
218	engine_ctrl	const1	killed	suite:test_protocols	killed	suite:test_protocols
219	engine_ctrl	const1	killed	suite:test_kill_blocked	killed	suite:test_kill_blocked
220	engine_ctrl	cnot1	killed	suite:test_random	killed	suite:test_random
221	engine_ctrl	const1	killed	suite:test_smoke	killed	suite:test_smoke
222	engine_ctrl	cnot1	survived		survived	
223	engine_ctrl	const0	killed	suite:test_protocols	killed	suite:test_protocols
224	engine_ctrl	const1	killed	suite:test_smoke	killed	suite:test_smoke
225	engine_ctrl	cnot1	survived		survived	
226	engine_ctrl	const0	survived		survived	
227	engine_ctrl	cnot1	killed	suite:test_random	killed	suite:test_random
228	engine_ctrl	const0	survived		survived	
229	engine_ctrl	cnot1	killed	suite:test_kill_blocked	killed	suite:test_kill_blocked
230	engine_ctrl	const1	killed	suite:test_random	killed	suite:test_random
231	engine_ctrl	const1	killed	suite:test_protocols	killed	suite:test_protocols
232	engine_ctrl	const0	killed	suite:test_random	killed	suite:test_random
233	engine_ctrl	const0	equivalent	equiv_induct	equivalent	equiv_induct
234	engine_ctrl	const1	killed	suite:test_protocols	killed	suite:test_protocols
235	engine_ctrl	inv	killed	suite:test_legacy	killed	suite:test_legacy
236	engine_ctrl	const1	killed	suite:test_legacy	killed	suite:test_legacy
237	engine_ctrl	const0	killed	suite:test_directed	killed	suite:test_directed
238	engine_ctrl	const0	killed	suite:test_random	killed	suite:test_random
239	engine_ctrl	inv	killed	suite:test_random	killed	suite:test_random
240	engine_ctrl	const0	equivalent	equiv_induct	equivalent	equiv_induct
241	engine_ctrl	cnot1	killed	suite:test_timewarp	killed	suite:test_timewarp
242	engine_ctrl	inv	killed	suite:test_random	killed	suite:test_random
243	engine_ctrl	inv	killed	suite:test_smoke	killed	suite:test_smoke
244	engine_ctrl	cnot1	survived		survived	
245	engine_ctrl	const0	survived		survived	
246	engine_ctrl	cnot1	equivalent	equiv_induct	equivalent	equiv_induct
247	engine_ctrl	const0	killed	suite:test_protocols	killed	suite:test_protocols
248	engine_ctrl	const1	killed	suite:test_random	killed	suite:test_random
249	engine_ctrl	const0	survived		survived	
250	engine_ctrl	const1	killed	suite:test_random	killed	suite:test_random
251	engine_ctrl	cnot0	killed	suite:test_kill_blocked	killed	suite:test_kill_blocked
252	engine_ctrl	cnot1	killed	suite:test_timewarp	killed	suite:test_timewarp
253	engine_ctrl	cnot0	killed	suite:test_protocols	killed	suite:test_protocols
254	engine_ctrl	const0	survived		survived	
255	engine_ctrl	inv	killed	suite:test_smoke	killed	suite:test_smoke
256	engine_ctrl	const1	killed	suite:test_legacy	killed	suite:test_legacy
257	engine_ctrl	const1	killed	suite:test_smoke	killed	suite:test_smoke
258	engine_ctrl	cnot1	killed	suite:test_timewarp	killed	suite:test_timewarp
259	engine_ctrl	cnot0	killed	suite:test_random	killed	suite:test_random
260	engine_ctrl	const0	equivalent	equiv_induct	equivalent	equiv_induct
261	engine_ctrl	cnot0	survived		survived	
262	engine_ctrl	inv	survived		survived	
263	engine_ctrl	const1	equivalent	equiv_induct	equivalent	equiv_induct
264	engine_ctrl	const1	killed	suite:test_smoke	killed	suite:test_smoke
265	engine_ctrl	const0	killed	suite:test_random	killed	suite:test_random
266	engine_ctrl	cnot0	killed	suite:test_legacy	killed	suite:test_legacy
267	engine_ctrl	inv	killed	suite:test_random	killed	suite:test_random
268	engine_ctrl	const1	killed	suite:test_random	killed	suite:test_random
269	engine_ctrl	inv	killed	suite:test_protocols	killed	suite:test_protocols
270	engine_ctrl	cnot0	killed	suite:test_random	killed	suite:test_random
271	engine_ctrl	cnot0	killed	suite:test_smoke	killed	suite:test_smoke
272	engine_ctrl	const1	killed	suite:test_protocols	killed	suite:test_protocols
273	engine_ctrl	inv	killed	suite:test_protocols	killed	suite:test_protocols
274	engine_ctrl	const0	killed	suite:test_kill_decode	killed	suite:test_kill_decode
275	engine_ctrl	inv	killed	suite:test_random	killed	suite:test_random
276	engine_ctrl	inv	killed	suite:test_kill_blocked	killed	suite:test_kill_blocked
277	engine_ctrl	cnot1	killed	suite:test_protocols	killed	suite:test_protocols
278	engine_ctrl	const0	killed	suite:test_legacy	killed	suite:test_legacy
279	engine_ctrl	cnot0	killed	suite:test_random	killed	suite:test_random
280	engine_ctrl	const0	killed	suite:test_legacy	killed	suite:test_legacy
281	engine_ctrl	cnot0	killed	suite:test_protocols	killed	suite:test_protocols
282	engine_ctrl	cnot0	killed	suite:test_random	killed	suite:test_random
283	engine_ctrl	const0	killed	suite:test_counters	killed	suite:test_counters
284	engine_ctrl	const0	killed	suite:test_random	killed	suite:test_random
285	engine_ctrl	const1	killed	suite:test_protocols	killed	suite:test_protocols
286	engine_ctrl	cnot1	killed	suite:test_timewarp	killed	suite:test_timewarp
287	engine_ctrl	const0	killed	suite:test_smoke	killed	suite:test_smoke
288	engine_ctrl	const0	killed	suite:test_protocols	killed	suite:test_protocols
289	engine_ctrl	cnot1	killed	suite:test_timewarp	killed	suite:test_timewarp
290	engine_ctrl	const0	killed	suite:test_timewarp	killed	suite:test_timewarp
291	engine_ctrl	const1	killed	suite:test_protocols	killed	suite:test_protocols
292	engine_ctrl	cnot0	killed	suite:test_directed	killed	suite:test_directed
293	engine_ctrl	cnot1	survived		survived	
294	engine_ctrl	const1	killed	suite:test_smoke	killed	suite:test_smoke
295	engine_ctrl	cnot0	killed	suite:test_random	killed	suite:test_random
296	engine_ctrl	cnot1	killed	suite:test_kill_pins	killed	suite:test_kill_pins
297	engine_ctrl	const0	killed	suite:test_legacy	killed	suite:test_legacy
298	engine_ctrl	cnot0	killed	suite:test_smoke	killed	suite:test_smoke
299	engine_ctrl	const0	killed	suite:test_smoke	killed	suite:test_smoke
300	engine_ctrl	cnot1	killed	suite:test_timewarp	killed	suite:test_timewarp
301	engine_ctrl	const0	killed	suite:test_kill_blocked	killed	suite:test_kill_blocked
302	engine_ctrl	cnot0	killed	suite:test_random	killed	suite:test_random
303	engine_ctrl	cnot0	killed	suite:test_kill_blocked	killed	suite:test_kill_blocked
304	engine_ctrl	const0	killed	suite:test_protocols	killed	suite:test_protocols
305	engine_ctrl	const0	survived		survived	
306	engine_ctrl	const1	killed	suite:test_random	killed	suite:test_random
307	engine_ctrl	const1	killed	suite:test_protocols	killed	suite:test_protocols
308	engine_ctrl	const1	killed	suite:test_random	killed	suite:test_random
309	engine_ctrl	const1	killed	suite:test_legacy	killed	suite:test_legacy
310	engine_ctrl	const1	killed	suite:test_smoke	killed	suite:test_smoke
311	engine_ctrl	cnot0	killed	suite:test_random	killed	suite:test_random
312	engine_ctrl	const1	killed	suite:test_protocols	killed	suite:test_protocols
313	engine_ctrl	inv	killed	suite:test_legacy	killed	suite:test_legacy
314	engine_ctrl	const0	survived		survived	
315	engine_ctrl	const0	killed	suite:test_timewarp	killed	suite:test_timewarp
316	engine_ctrl	const0	survived		survived	
317	engine_ctrl	const1	killed	suite:test_smoke	killed	suite:test_smoke
318	engine_ctrl	inv	killed	suite:test_smoke	killed	suite:test_smoke
319	engine_ctrl	const1	killed	suite:test_protocols	killed	suite:test_protocols
320	engine_ctrl	inv	killed	suite:test_smoke	killed	suite:test_smoke
321	engine_ctrl	cnot1	killed	suite:test_random	killed	suite:test_random
322	engine_ctrl	cnot1	killed	suite:test_random	killed	suite:test_random
323	engine_ctrl	const0	killed	suite:test_counters	killed	suite:test_counters
324	engine_ctrl	inv	killed	suite:test_random	killed	suite:test_random
325	engine_ctrl	inv	killed	suite:test_smoke	killed	suite:test_smoke
326	engine_ctrl	const0	equivalent	equiv_induct	equivalent	equiv_induct
327	engine_ctrl	inv	killed	suite:test_random	killed	suite:test_random
328	engine_ctrl	inv	killed	suite:test_protocols	killed	suite:test_protocols
329	engine_ctrl	cnot0	killed	suite:test_protocols	killed	suite:test_protocols
330	engine_ctrl	inv	killed	suite:test_protocols	killed	suite:test_protocols
331	engine_ctrl	cnot1	survived		survived	
332	engine_ctrl	const0	killed	suite:test_smoke	killed	suite:test_smoke
333	engine_ctrl	cnot1	killed	suite:test_kill_blocked	killed	suite:test_kill_blocked
334	engine_ctrl	inv	killed	suite:test_smoke	killed	suite:test_smoke
335	engine_ctrl	cnot1	survived		survived	
336	engine_ctrl	cnot1	killed	suite:test_legacy	killed	suite:test_legacy
337	engine_ctrl	const0	equivalent	equiv_induct	equivalent	equiv_induct
338	engine_ctrl	cnot0	killed	suite:test_protocols	killed	suite:test_protocols
339	engine_ctrl	const0	killed	suite:test_legacy	killed	suite:test_legacy
340	engine_ctrl	const1	killed	suite:test_legacy	killed	suite:test_legacy
341	engine_ctrl	cnot1	killed	suite:test_counters	killed	suite:test_counters
342	engine_ctrl	cnot0	killed	suite:test_random	killed	suite:test_random
343	engine_ctrl	cnot1	killed	suite:test_protocols	killed	suite:test_protocols
344	engine_ctrl	cnot0	killed	suite:test_legacy	killed	suite:test_legacy
345	engine_ctrl	inv	killed	suite:test_random	killed	suite:test_random
346	engine_ctrl	const0	equivalent	equiv_induct	equivalent	equiv_induct
347	engine_ctrl	cnot1	killed	suite:test_kill_decode	killed	suite:test_kill_decode
348	engine_ctrl	cnot0	killed	suite:test_counters	killed	suite:test_counters
349	engine_ctrl	cnot1	killed	suite:test_random	killed	suite:test_random
350	engine_ctrl	cnot1	killed	suite:test_smoke	killed	suite:test_smoke
351	engine_ctrl	const0	survived		equivalent	miter-abc-900s
352	engine_ctrl	const0	killed	suite:test_legacy	killed	suite:test_legacy
353	engine_ctrl	const0	killed	suite:test_counters	killed	suite:test_counters
354	engine_ctrl	cnot0	killed	suite:test_smoke	killed	suite:test_smoke
355	engine_ctrl	cnot1	killed	suite:test_legacy	killed	suite:test_legacy
356	engine_ctrl	cnot0	killed	suite:test_smoke	killed	suite:test_smoke
357	engine_ctrl	cnot1	killed	suite:test_random	killed	suite:test_random
358	engine_ctrl	inv	killed	suite:test_legacy	killed	suite:test_legacy
359	engine_ctrl	const0	killed	suite:test_protocols	killed	suite:test_protocols
360	engine_ctrl	inv	killed	suite:test_protocols	killed	suite:test_protocols
361	engine_ctrl	cnot0	killed	suite:test_smoke	killed	suite:test_smoke
362	engine_ctrl	const0	killed	suite:test_protocols	killed	suite:test_protocols
363	engine_ctrl	const1	killed	suite:test_kill_blocked	killed	suite:test_kill_blocked
364	engine_ctrl	const1	killed	suite:test_timewarp	killed	suite:test_timewarp
365	engine_ctrl	cnot1	killed	suite:test_random	killed	suite:test_random
366	engine_ctrl	cnot1	killed	suite:test_timewarp	killed	suite:test_timewarp
367	engine_ctrl	const0	killed	suite:test_timewarp	killed	suite:test_timewarp
368	engine_ctrl	cnot0	killed	suite:test_protocols	killed	suite:test_protocols
369	engine_ctrl	cnot0	killed	suite:test_legacy	killed	suite:test_legacy
370	engine_ctrl	cnot1	killed	suite:test_timewarp	killed	suite:test_timewarp
371	engine_ctrl	const0	survived		survived	
372	engine_ctrl	cnot1	killed	suite:test_kill_blocked	killed	suite:test_kill_blocked
373	engine_ctrl	cnot0	killed	suite:test_counters	killed	suite:test_counters
374	engine_ctrl	const1	killed	suite:test_kill_blocked	killed	suite:test_kill_blocked
375	engine_ctrl	const0	killed	suite:test_smoke	killed	suite:test_smoke
376	engine_ctrl	inv	killed	suite:test_smoke	killed	suite:test_smoke
377	engine_ctrl	const1	survived		survived	
378	engine_ctrl	const1	killed	suite:test_timewarp	killed	suite:test_timewarp
379	engine_ctrl	cnot0	killed	suite:test_random	killed	suite:test_random
380	engine_ctrl	inv	killed	suite:test_random	killed	suite:test_random
381	engine_ctrl	const0	killed	suite:test_protocols	killed	suite:test_protocols
382	engine_ctrl	inv	killed	suite:test_smoke	killed	suite:test_smoke
383	engine_ctrl	cnot0	killed	suite:test_legacy	killed	suite:test_legacy
384	engine_ctrl	const0	killed	suite:test_random	killed	suite:test_random
385	engine_ctrl	inv	killed	suite:test_smoke	killed	suite:test_smoke
386	engine_ctrl	cnot1	killed	suite:test_legacy	killed	suite:test_legacy
387	engine_ctrl	const1	killed	suite:test_directed	killed	suite:test_directed
388	engine_ctrl	const0	survived		survived	
389	engine_ctrl	cnot1	survived		survived	
390	engine_ctrl	inv	killed	suite:test_smoke	killed	suite:test_smoke
391	engine_ctrl	const1	killed	suite:test_directed	killed	suite:test_directed
392	engine_ctrl	const1	killed	suite:test_protocols	killed	suite:test_protocols
393	engine_ctrl	const0	killed	suite:test_counters	killed	suite:test_counters
394	engine_ctrl	const0	survived		survived	
395	engine_ctrl	const1	killed	suite:test_directed	killed	suite:test_directed
396	engine_ctrl	cnot0	killed	suite:test_random	killed	suite:test_random
397	engine_ctrl	cnot1	killed	suite:test_protocols	killed	suite:test_protocols
398	engine_ctrl	const0	killed	suite:test_smoke	killed	suite:test_smoke
399	engine_ctrl	const0	killed	suite:test_protocols	killed	suite:test_protocols
400	engine_ctrl	const0	killed	suite:test_protocols	killed	suite:test_protocols
401	engine_ctrl	cnot0	killed	suite:test_protocols	killed	suite:test_protocols
402	engine_ctrl	const0	killed	suite:test_timewarp	killed	suite:test_timewarp
403	engine_ctrl	cnot0	killed	suite:test_kill_blocked	killed	suite:test_kill_blocked
404	engine_ctrl	cnot0	killed	suite:test_legacy	killed	suite:test_legacy
405	engine_ctrl	const1	killed	suite:test_random	killed	suite:test_random
406	engine_ctrl	cnot1	survived		survived	
407	engine_ctrl	cnot0	killed	suite:test_timewarp	killed	suite:test_timewarp
408	engine_ctrl	inv	killed	suite:test_random	killed	suite:test_random
409	engine_ctrl	cnot0	killed	suite:test_legacy	killed	suite:test_legacy
410	engine_ctrl	const0	survived		survived	
411	engine_ctrl	const0	killed	suite:test_protocols	killed	suite:test_protocols
412	engine_ctrl	cnot1	killed	suite:test_protocols	killed	suite:test_protocols
413	engine_ctrl	const1	survived		equivalent	miter-abc-900s
414	engine_ctrl	const1	killed	suite:test_random	killed	suite:test_random
415	engine_ctrl	cnot1	equivalent	equiv_induct	equivalent	equiv_induct
416	engine_ctrl	const1	killed	suite:test_protocols	killed	suite:test_protocols
417	engine_ctrl	cnot0	killed	suite:test_protocols	killed	suite:test_protocols
418	engine_ctrl	inv	killed	suite:test_directed	killed	suite:test_directed
419	engine_ctrl	inv	killed	suite:test_protocols	killed	suite:test_protocols
420	engine_ctrl	const1	killed	suite:test_random	killed	suite:test_random
421	engine_ctrl	const0	survived		survived	
422	engine_ctrl	const1	killed	suite:test_legacy	killed	suite:test_legacy
423	engine_ctrl	inv	killed	suite:test_counters	killed	suite:test_counters
424	engine_ctrl	inv	killed	suite:test_legacy	killed	suite:test_legacy
425	engine_ctrl	cnot0	killed	suite:test_legacy	killed	suite:test_legacy
426	engine_ctrl	cnot1	killed	suite:test_directed	killed	suite:test_directed
427	engine_ctrl	const1	killed	suite:test_kill_blocked	killed	suite:test_kill_blocked
428	engine_ctrl	const1	killed	suite:test_smoke	killed	suite:test_smoke
429	engine_ctrl	cnot0	killed	suite:test_protocols	killed	suite:test_protocols
430	engine_ctrl	cnot0	killed	suite:test_protocols	killed	suite:test_protocols
431	engine_ctrl	inv	killed	suite:test_smoke	killed	suite:test_smoke
432	engine_ctrl	const1	killed	suite:test_random	killed	suite:test_random
433	engine_ctrl	const1	killed	suite:test_protocols	killed	suite:test_protocols
434	engine_ctrl	const1	killed	suite:test_random	killed	suite:test_random
435	engine_ctrl	inv	killed	suite:test_legacy	killed	suite:test_legacy
436	engine_ctrl	const0	killed	suite:test_timewarp	killed	suite:test_timewarp
437	engine_ctrl	inv	killed	suite:test_random	killed	suite:test_random
438	engine_ctrl	inv	killed	suite:test_random	killed	suite:test_random
439	engine_ctrl	const0	killed	suite:test_timewarp	killed	suite:test_timewarp
440	engine_ctrl	cnot0	killed	suite:test_smoke	killed	suite:test_smoke
441	engine_ctrl	const1	killed	suite:test_random	killed	suite:test_random
442	engine_ctrl	inv	killed	suite:test_protocols	killed	suite:test_protocols
443	engine_ctrl	cnot1	killed	suite:test_timewarp	killed	suite:test_timewarp
444	engine_ctrl	cnot0	killed	suite:test_random	killed	suite:test_random
445	engine_ctrl	const0	killed	suite:test_legacy	killed	suite:test_legacy
446	engine_ctrl	cnot0	killed	suite:test_legacy	killed	suite:test_legacy
447	engine_ctrl	const1	killed	suite:test_protocols	killed	suite:test_protocols
448	engine_ctrl	cnot1	killed	suite:test_counters	killed	suite:test_counters
449	engine_ctrl	cnot0	killed	suite:test_legacy	killed	suite:test_legacy
450	engine_ctrl	const1	killed	suite:test_legacy	killed	suite:test_legacy
451	engine_ctrl	const1	killed	suite:test_legacy	killed	suite:test_legacy
452	engine_ctrl	cnot0	survived		survived	
453	engine_ctrl	const1	killed	suite:test_random	killed	suite:test_random
454	engine_ctrl	cnot0	survived		survived	
455	engine_ctrl	inv	killed	suite:test_counters	killed	suite:test_counters
456	engine_ctrl	const0	killed	suite:test_counters	killed	suite:test_counters
457	engine_ctrl	const1	killed	suite:test_protocols	killed	suite:test_protocols
458	engine_ctrl	inv	killed	suite:test_kill_blocked	killed	suite:test_kill_blocked
459	engine_ctrl	const0	killed	suite:test_smoke	killed	suite:test_smoke
460	engine_ctrl	const0	killed	suite:test_timewarp	killed	suite:test_timewarp
461	engine_ctrl	inv	killed	suite:test_smoke	killed	suite:test_smoke
462	engine_ctrl	const0	killed	suite:test_timewarp	killed	suite:test_timewarp
463	engine_ctrl	const1	killed	suite:test_random	killed	suite:test_random
464	engine_ctrl	cnot0	killed	suite:test_protocols	killed	suite:test_protocols
465	engine_ctrl	const1	killed	suite:test_smoke	killed	suite:test_smoke
466	engine_ctrl	const1	killed	suite:test_protocols	killed	suite:test_protocols
467	engine_ctrl	cnot1	killed	suite:test_timewarp	killed	suite:test_timewarp
468	engine_ctrl	cnot0	killed	suite:test_smoke	killed	suite:test_smoke
469	engine_ctrl	cnot0	killed	suite:test_legacy	killed	suite:test_legacy
470	engine_ctrl	const0	killed	suite:test_random	killed	suite:test_random
471	engine_ctrl	cnot0	killed	suite:test_random	killed	suite:test_random
472	engine_ctrl	inv	killed	suite:test_legacy	killed	suite:test_legacy
473	engine_ctrl	const0	survived		survived	
474	engine_ctrl	inv	killed	suite:test_random	killed	suite:test_random
475	engine_ctrl	cnot0	killed	suite:test_random	killed	suite:test_random
476	engine_ctrl	cnot0	killed	suite:test_random	killed	suite:test_random
477	engine_ctrl	const0	survived		survived	
478	engine_ctrl	const1	killed	suite:test_random	killed	suite:test_random
479	engine_ctrl	const0	equivalent	equiv_induct	equivalent	equiv_induct
480	engine_ctrl	cnot1	killed	suite:test_protocols	killed	suite:test_protocols
481	engine_ctrl	cnot1	killed	suite:test_random	killed	suite:test_random
482	engine_ctrl	inv	killed	suite:test_legacy	killed	suite:test_legacy
483	engine_ctrl	const1	killed	suite:test_legacy	killed	suite:test_legacy
484	engine_ctrl	cnot1	killed	suite:test_kill_decode	killed	suite:test_kill_decode
485	engine_ctrl	const0	killed	suite:test_timewarp	killed	suite:test_timewarp
486	engine_ctrl	const0	equivalent	equiv_induct	equivalent	equiv_induct
487	engine_ctrl	cnot0	killed	suite:test_smoke	killed	suite:test_smoke
488	engine_ctrl	const0	equivalent	equiv_induct	equivalent	equiv_induct
489	engine_ctrl	cnot0	killed	suite:test_smoke	killed	suite:test_smoke
490	engine_ctrl	const0	killed	suite:test_legacy	killed	suite:test_legacy
491	engine_ctrl	const1	equivalent	equiv_induct	equivalent	equiv_induct
492	engine_ctrl	const1	killed	suite:test_legacy	killed	suite:test_legacy
493	engine_ctrl	const1	killed	suite:test_smoke	killed	suite:test_smoke
494	engine_ctrl	inv	killed	suite:test_smoke	killed	suite:test_smoke
495	engine_ctrl	cnot1	killed	suite:test_kill_decode	killed	suite:test_kill_decode
496	engine_ctrl	const0	killed	suite:test_legacy	killed	suite:test_legacy
497	engine_ctrl	const1	killed	suite:test_random	killed	suite:test_random
498	engine_ctrl	inv	killed	suite:test_protocols	killed	suite:test_protocols
499	engine_ctrl	inv	killed	suite:test_legacy	killed	suite:test_legacy
500	engine_ctrl	const1	killed	suite:test_legacy	killed	suite:test_legacy
501	engine_ctrl	const1	killed	suite:test_random	killed	suite:test_random
502	engine_ctrl	cnot0	killed	suite:test_legacy	killed	suite:test_legacy
503	engine_ctrl	inv	killed	suite:test_random	killed	suite:test_random
504	engine_ctrl	const0	killed	suite:test_protocols	killed	suite:test_protocols
505	engine_ctrl	inv	killed	suite:test_smoke	killed	suite:test_smoke
506	engine_ctrl	inv	killed	suite:test_kill_blocked	killed	suite:test_kill_blocked
507	engine_ctrl	cnot1	killed	suite:test_timewarp	killed	suite:test_timewarp
508	engine_ctrl	cnot0	killed	suite:test_smoke	killed	suite:test_smoke
509	engine_ctrl	inv	killed	suite:test_kill_blocked	killed	suite:test_kill_blocked
510	engine_ctrl	const0	killed	suite:test_random	killed	suite:test_random
511	engine_ctrl	cnot1	killed	suite:test_random	killed	suite:test_random
512	engine_ctrl	inv	killed	suite:test_legacy	killed	suite:test_legacy
513	engine_ctrl	const0	killed	suite:test_counters	killed	suite:test_counters
514	engine_ctrl	const0	killed	suite:test_counters	killed	suite:test_counters
515	engine_ctrl	inv	killed	suite:test_legacy	killed	suite:test_legacy
516	engine_ctrl	cnot1	survived		survived	
517	engine_ctrl	const1	killed	suite:test_random	killed	suite:test_random
518	engine_ctrl	cnot1	killed	suite:test_protocols	killed	suite:test_protocols
519	engine_ctrl	cnot1	killed	suite:test_kill_blocked	killed	suite:test_kill_blocked
520	engine_ctrl	const0	killed	suite:test_smoke	killed	suite:test_smoke
521	engine_ctrl	cnot1	killed	suite:test_timewarp	killed	suite:test_timewarp
522	engine_ctrl	inv	killed	suite:test_random	killed	suite:test_random
523	engine_ctrl	const1	killed	suite:test_legacy	killed	suite:test_legacy
524	engine_ctrl	inv	killed	suite:test_protocols	killed	suite:test_protocols
525	engine_ctrl	inv	killed	suite:test_smoke	killed	suite:test_smoke
526	engine_ctrl	cnot0	killed	suite:test_directed	killed	suite:test_directed
527	engine_ctrl	const0	killed	suite:test_kill_blocked	killed	suite:test_kill_blocked
528	engine_ctrl	cnot1	killed	suite:test_protocols	killed	suite:test_protocols
529	engine_ctrl	cnot1	equivalent	equiv_induct	equivalent	equiv_induct
530	engine_ctrl	cnot0	killed	suite:test_protocols	killed	suite:test_protocols
531	engine_ctrl	cnot0	killed	suite:test_smoke	killed	suite:test_smoke
532	engine_ctrl	cnot0	survived		survived	
533	engine_ctrl	cnot0	killed	suite:test_protocols	killed	suite:test_protocols
534	engine_ctrl	inv	killed	suite:test_directed	killed	suite:test_directed
535	engine_ctrl	inv	killed	suite:test_smoke	killed	suite:test_smoke
536	engine_ctrl	const0	killed	suite:test_smoke	killed	suite:test_smoke
537	engine_ctrl	const1	killed	suite:test_random	killed	suite:test_random
538	engine_ctrl	inv	killed	suite:test_legacy	killed	suite:test_legacy
539	engine_ctrl	cnot1	killed	suite:test_counters	killed	suite:test_counters
540	engine_ctrl	const1	killed	suite:test_random	killed	suite:test_random
541	engine_ctrl	const0	killed	suite:test_legacy	killed	suite:test_legacy
542	engine_ctrl	cnot1	killed	suite:test_directed	killed	suite:test_directed
543	engine_ctrl	inv	killed	suite:test_protocols	killed	suite:test_protocols
544	engine_ctrl	cnot1	killed	suite:test_protocols	killed	suite:test_protocols
545	engine_ctrl	const1	killed	suite:test_smoke	killed	suite:test_smoke
546	engine_ctrl	const1	killed	suite:test_random	killed	suite:test_random
547	engine_ctrl	const1	killed	suite:test_legacy	killed	suite:test_legacy
548	engine_ctrl	cnot0	killed	suite:test_smoke	killed	suite:test_smoke
549	engine_ctrl	const1	killed	suite:test_random	killed	suite:test_random
550	engine_ctrl	cnot0	killed	suite:test_protocols	killed	suite:test_protocols
551	host	cnot0	killed	suite:test_protocols	killed	suite:test_protocols
552	host	const1	killed	suite:test_smoke	killed	suite:test_smoke
553	host	cnot1	killed	suite:test_random	killed	suite:test_random
554	host	const1	killed	suite:test_protocols	killed	suite:test_protocols
555	host	const0	killed	suite:test_smoke	killed	suite:test_smoke
556	host	const1	equivalent	equiv_induct	equivalent	equiv_induct
557	host	const0	killed	suite:test_smoke	killed	suite:test_smoke
558	host	const0	killed	suite:test_kill_host	killed	suite:test_kill_host
559	host	cnot1	killed	suite:test_kill_host	killed	suite:test_kill_host
560	host	inv	killed	suite:test_smoke	killed	suite:test_smoke
561	host	const0	killed	suite:test_smoke	killed	suite:test_smoke
562	host	inv	killed	suite:test_random	killed	suite:test_random
563	host	const1	killed	suite:test_smoke	killed	suite:test_smoke
564	host	const0	killed	suite:test_random	killed	suite:test_random
565	host	const1	killed	suite:test_smoke	killed	suite:test_smoke
566	host	inv	killed	suite:test_smoke	killed	suite:test_smoke
567	host	inv	killed	suite:test_smoke	killed	suite:test_smoke
568	host	inv	killed	suite:test_smoke	killed	suite:test_smoke
569	host	cnot1	killed	suite:test_protocols	killed	suite:test_protocols
570	host	const1	killed	suite:test_smoke	killed	suite:test_smoke
571	host	inv	killed	suite:test_smoke	killed	suite:test_smoke
572	host	cnot1	equivalent	equiv_induct	equivalent	equiv_induct
573	host	cnot0	killed	suite:test_smoke	killed	suite:test_smoke
574	host	inv	killed	suite:test_smoke	killed	suite:test_smoke
575	host	const1	killed	suite:test_smoke	killed	suite:test_smoke
576	host	inv	killed	suite:test_random	killed	suite:test_random
577	host	const1	killed	suite:test_smoke	killed	suite:test_smoke
578	host	cnot0	killed	suite:test_legacy	killed	suite:test_legacy
579	host	const1	killed	suite:test_smoke	killed	suite:test_smoke
580	host	const0	killed	suite:test_smoke	killed	suite:test_smoke
581	host	const1	killed	suite:test_smoke	killed	suite:test_smoke
582	host	inv	killed	suite:test_random	killed	suite:test_random
583	host	const0	killed	suite:test_smoke	killed	suite:test_smoke
584	host	const0	killed	suite:test_smoke	killed	suite:test_smoke
585	host	const0	killed	suite:test_legacy	killed	suite:test_legacy
586	host	const0	killed	suite:test_smoke	killed	suite:test_smoke
587	host	const0	killed	suite:test_random	killed	suite:test_random
588	host	const0	killed	suite:test_smoke	killed	suite:test_smoke
589	host	cnot1	killed	suite:test_random	killed	suite:test_random
590	host	cnot1	killed	suite:test_legacy	killed	suite:test_legacy
591	host	const1	killed	suite:test_smoke	killed	suite:test_smoke
592	host	cnot1	killed	suite:test_random	killed	suite:test_random
593	host	const0	killed	suite:test_smoke	killed	suite:test_smoke
594	host	inv	killed	suite:test_smoke	killed	suite:test_smoke
595	host	const1	killed	suite:test_random	killed	suite:test_random
596	host	const1	killed	suite:test_smoke	killed	suite:test_smoke
597	host	inv	killed	suite:test_smoke	killed	suite:test_smoke
598	host	const0	killed	suite:test_kill_host	killed	suite:test_kill_host
599	host	inv	killed	suite:test_smoke	killed	suite:test_smoke
600	host	const0	killed	suite:test_legacy	killed	suite:test_legacy
601	host	inv	killed	suite:test_smoke	killed	suite:test_smoke
602	host	const0	killed	suite:test_smoke	killed	suite:test_smoke
603	host	inv	killed	suite:test_smoke	killed	suite:test_smoke
604	host	cnot1	killed	suite:test_smoke	killed	suite:test_smoke
605	host	inv	killed	suite:test_random	killed	suite:test_random
606	host	const1	killed	suite:test_smoke	killed	suite:test_smoke
607	host	inv	killed	suite:test_legacy	killed	suite:test_legacy
608	host	inv	killed	suite:test_smoke	killed	suite:test_smoke
609	host	inv	killed	suite:test_smoke	killed	suite:test_smoke
610	host	const1	killed	suite:test_smoke	killed	suite:test_smoke
611	host	const1	killed	suite:test_smoke	killed	suite:test_smoke
612	host	cnot0	killed	suite:test_smoke	killed	suite:test_smoke
613	host	const0	killed	suite:test_smoke	killed	suite:test_smoke
614	host	inv	killed	suite:test_smoke	killed	suite:test_smoke
615	host	const1	killed	suite:test_legacy	killed	suite:test_legacy
616	host	inv	killed	suite:test_smoke	killed	suite:test_smoke
617	host	const0	killed	suite:test_smoke	killed	suite:test_smoke
618	host	const0	killed	suite:test_mover	killed	suite:test_mover
619	host	inv	killed	suite:test_smoke	killed	suite:test_smoke
620	host	const0	killed	suite:test_kill_host	killed	suite:test_kill_host
621	host	const1	killed	suite:test_smoke	killed	suite:test_smoke
622	host	const0	killed	suite:test_smoke	killed	suite:test_smoke
623	host	const1	killed	suite:test_smoke	killed	suite:test_smoke
624	host	const1	killed	suite:test_smoke	killed	suite:test_smoke
625	host	const0	killed	suite:test_smoke	killed	suite:test_smoke
626	host	const0	killed	suite:test_smoke	killed	suite:test_smoke
627	host	inv	equivalent	equiv_induct	equivalent	equiv_induct
628	host	inv	killed	suite:test_protocols	killed	suite:test_protocols
629	host	const0	killed	suite:test_smoke	killed	suite:test_smoke
630	host	const0	killed	suite:test_smoke	killed	suite:test_smoke
631	host	cnot0	killed	suite:test_smoke	killed	suite:test_smoke
632	host	cnot0	killed	suite:test_smoke	killed	suite:test_smoke
633	host	const0	killed	suite:test_smoke	killed	suite:test_smoke
634	host	inv	killed	suite:test_smoke	killed	suite:test_smoke
635	host	inv	killed	suite:test_smoke	killed	suite:test_smoke
636	host	cnot0	killed	suite:test_random	killed	suite:test_random
637	host	const1	killed	suite:test_smoke	killed	suite:test_smoke
638	host	const1	killed	suite:test_kill_host	killed	suite:test_kill_host
639	host	cnot0	killed	suite:test_random	killed	suite:test_random
640	host	const1	killed	suite:test_random	killed	suite:test_random
641	host	inv	killed	suite:test_smoke	killed	suite:test_smoke
642	host	inv	killed	suite:test_smoke	killed	suite:test_smoke
643	host	cnot0	killed	suite:test_smoke	killed	suite:test_smoke
644	host	inv	killed	suite:test_smoke	killed	suite:test_smoke
645	host	const0	killed	suite:test_smoke	killed	suite:test_smoke
646	host	cnot0	killed	suite:test_smoke	killed	suite:test_smoke
647	host	cnot1	equivalent	equiv_induct	equivalent	equiv_induct
648	host	const0	killed	suite:test_smoke	killed	suite:test_smoke
649	host	inv	killed	suite:test_smoke	killed	suite:test_smoke
650	host	inv	killed	suite:test_protocols	killed	suite:test_protocols
651	host	const0	killed	suite:test_smoke	killed	suite:test_smoke
652	host	const1	killed	suite:test_smoke	killed	suite:test_smoke
653	host	inv	killed	suite:test_smoke	killed	suite:test_smoke
654	host	inv	killed	suite:test_smoke	killed	suite:test_smoke
655	host	const1	killed	suite:test_smoke	killed	suite:test_smoke
656	host	inv	killed	suite:test_smoke	killed	suite:test_smoke
657	host	inv	killed	suite:test_smoke	killed	suite:test_smoke
658	host	const1	killed	suite:test_smoke	killed	suite:test_smoke
659	host	inv	killed	suite:test_random	killed	suite:test_random
660	host	const1	killed	suite:test_random	killed	suite:test_random
661	host	cnot0	killed	suite:test_smoke	killed	suite:test_smoke
662	host	const1	killed	suite:test_smoke	killed	suite:test_smoke
663	host	const0	killed	suite:test_random	killed	suite:test_random
664	host	cnot0	killed	suite:test_flagship	killed	suite:test_flagship
665	host	inv	killed	suite:test_smoke	killed	suite:test_smoke
666	host	cnot0	killed	suite:test_smoke	killed	suite:test_smoke
667	host	const0	killed	suite:test_random	killed	suite:test_random
668	host	cnot0	killed	suite:test_smoke	killed	suite:test_smoke
669	host	cnot0	killed	suite:test_random	killed	suite:test_random
670	host	const1	killed	suite:test_smoke	killed	suite:test_smoke
671	host	const1	killed	suite:test_smoke	killed	suite:test_smoke
672	host	cnot0	killed	suite:test_smoke	killed	suite:test_smoke
673	host	inv	killed	suite:test_smoke	killed	suite:test_smoke
674	host	inv	killed	suite:test_smoke	killed	suite:test_smoke
675	host	const0	killed	suite:test_legacy	killed	suite:test_legacy
676	host	const0	killed	suite:test_random	killed	suite:test_random
677	host	const0	equivalent	equiv_induct	equivalent	equiv_induct
678	host	inv	killed	suite:test_smoke	killed	suite:test_smoke
679	host	const0	killed	suite:test_smoke	killed	suite:test_smoke
680	host	const0	killed	suite:test_smoke	killed	suite:test_smoke
681	host	cnot1	equivalent	equiv_induct	equivalent	equiv_induct
682	host	cnot0	killed	suite:test_smoke	killed	suite:test_smoke
683	host	const1	killed	suite:test_smoke	killed	suite:test_smoke
684	host	const1	killed	suite:test_smoke	killed	suite:test_smoke
685	host	const0	killed	suite:test_smoke	killed	suite:test_smoke
686	host	const0	killed	suite:test_smoke	killed	suite:test_smoke
687	host	const0	killed	suite:test_smoke	killed	suite:test_smoke
688	host	const1	killed	suite:test_random	killed	suite:test_random
689	host	const1	killed	suite:test_kill_host	killed	suite:test_kill_host
690	host	const0	killed	suite:test_random	killed	suite:test_random
691	host	const0	killed	suite:test_kill_host	killed	suite:test_kill_host
692	host	const0	killed	suite:test_smoke	killed	suite:test_smoke
693	host	cnot1	killed	suite:test_smoke	killed	suite:test_smoke
694	host	const1	killed	suite:test_smoke	killed	suite:test_smoke
695	host	inv	killed	suite:test_smoke	killed	suite:test_smoke
696	host	const1	killed	suite:test_legacy	killed	suite:test_legacy
697	host	const1	killed	suite:test_smoke	killed	suite:test_smoke
698	host	cnot0	killed	suite:test_legacy	killed	suite:test_legacy
699	host	const0	killed	suite:test_legacy	killed	suite:test_legacy
700	host	inv	killed	suite:test_smoke	killed	suite:test_smoke
701	host	const1	killed	suite:test_smoke	killed	suite:test_smoke
702	host	const0	killed	suite:test_legacy	killed	suite:test_legacy
703	host	const0	killed	suite:test_smoke	killed	suite:test_smoke
704	host	const0	killed	suite:test_legacy	killed	suite:test_legacy
705	host	const0	killed	suite:test_smoke	killed	suite:test_smoke
706	host	const1	killed	suite:test_random	killed	suite:test_random
707	host	const1	killed	suite:test_smoke	killed	suite:test_smoke
708	host	const1	killed	suite:test_smoke	killed	suite:test_smoke
709	host	const1	killed	suite:test_smoke	killed	suite:test_smoke
710	host	const1	killed	suite:test_random	killed	suite:test_random
711	host	cnot1	killed	suite:test_smoke	killed	suite:test_smoke
712	host	inv	killed	suite:test_smoke	killed	suite:test_smoke
713	host	const1	killed	suite:test_smoke	killed	suite:test_smoke
714	host	const0	killed	suite:test_smoke	killed	suite:test_smoke
715	host	const1	killed	suite:test_smoke	killed	suite:test_smoke
716	host	const0	killed	suite:test_smoke	killed	suite:test_smoke
717	host	const0	killed	suite:test_kill_host	killed	suite:test_kill_host
718	host	const1	killed	suite:test_smoke	killed	suite:test_smoke
719	host	inv	killed	suite:test_smoke	killed	suite:test_smoke
720	host	const0	killed	suite:test_smoke	killed	suite:test_smoke
721	host	const0	killed	suite:test_smoke	killed	suite:test_smoke
722	host	const0	equivalent	equiv_induct	equivalent	equiv_induct
723	host	inv	killed	suite:test_smoke	killed	suite:test_smoke
724	host	inv	killed	suite:test_smoke	killed	suite:test_smoke
725	host	const0	killed	suite:test_legacy	killed	suite:test_legacy
726	host	const0	killed	suite:test_smoke	killed	suite:test_smoke
727	host	const0	killed	suite:test_protocols	killed	suite:test_protocols
728	host	const1	killed	suite:test_smoke	killed	suite:test_smoke
729	host	inv	killed	suite:test_smoke	killed	suite:test_smoke
730	host	inv	killed	suite:test_smoke	killed	suite:test_smoke
731	host	const0	killed	suite:test_smoke	killed	suite:test_smoke
732	host	const0	killed	suite:test_smoke	killed	suite:test_smoke
733	host	const0	killed	suite:test_smoke	killed	suite:test_smoke
734	host	inv	killed	suite:test_smoke	killed	suite:test_smoke
735	host	inv	killed	suite:test_smoke	killed	suite:test_smoke
736	host	const1	killed	suite:test_random	killed	suite:test_random
737	host	const1	killed	suite:test_random	killed	suite:test_random
738	host	inv	killed	suite:test_smoke	killed	suite:test_smoke
739	host	const0	killed	suite:test_random	killed	suite:test_random
740	host	const1	killed	suite:test_random	killed	suite:test_random
741	host	const0	killed	suite:test_smoke	killed	suite:test_smoke
742	host	const1	killed	suite:test_smoke	killed	suite:test_smoke
743	host	inv	killed	suite:test_smoke	killed	suite:test_smoke
744	host	cnot0	killed	suite:test_smoke	killed	suite:test_smoke
745	host	inv	killed	suite:test_smoke	killed	suite:test_smoke
746	host	const1	killed	suite:test_smoke	killed	suite:test_smoke
747	host	cnot1	equivalent	equiv_induct	equivalent	equiv_induct
748	host	const1	killed	suite:test_smoke	killed	suite:test_smoke
749	host	cnot1	killed	suite:test_protocols	killed	suite:test_protocols
750	host	const1	killed	suite:test_smoke	killed	suite:test_smoke
751	host	const0	killed	suite:test_random	killed	suite:test_random
752	host	inv	killed	suite:test_legacy	killed	suite:test_legacy
753	host	cnot1	killed	suite:test_random	killed	suite:test_random
754	host	cnot0	killed	suite:test_smoke	killed	suite:test_smoke
755	host	const0	killed	suite:test_protocols	killed	suite:test_protocols
756	host	const1	killed	suite:test_smoke	killed	suite:test_smoke
757	host	inv	killed	suite:test_smoke	killed	suite:test_smoke
758	host	const0	killed	suite:test_random	killed	suite:test_random
759	host	const0	killed	suite:test_random	killed	suite:test_random
760	host	const1	killed	suite:test_smoke	killed	suite:test_smoke
761	host	const1	survived		survived	
762	host	const0	killed	suite:test_smoke	killed	suite:test_smoke
763	host	const1	killed	suite:test_smoke	killed	suite:test_smoke
764	host	inv	killed	suite:test_smoke	killed	suite:test_smoke
765	host	const1	killed	suite:test_smoke	killed	suite:test_smoke
766	host	const1	equivalent	equiv_induct	equivalent	equiv_induct
767	host	const1	killed	suite:test_smoke	killed	suite:test_smoke
768	host	const0	killed	suite:test_smoke	killed	suite:test_smoke
769	host	cnot1	equivalent	equiv_induct	equivalent	equiv_induct
770	host	inv	killed	suite:test_smoke	killed	suite:test_smoke
771	host	const0	killed	suite:test_smoke	killed	suite:test_smoke
772	host	const0	killed	suite:test_smoke	killed	suite:test_smoke
773	host	const1	killed	suite:test_smoke	killed	suite:test_smoke
774	host	const1	killed	suite:test_random	killed	suite:test_random
775	host	inv	killed	suite:test_smoke	killed	suite:test_smoke
776	host	inv	killed	suite:test_smoke	killed	suite:test_smoke
777	host	const1	killed	suite:test_kill_host	killed	suite:test_kill_host
778	host	inv	killed	suite:test_smoke	killed	suite:test_smoke
779	host	const1	killed	suite:test_smoke	killed	suite:test_smoke
780	host	const1	killed	suite:test_smoke	killed	suite:test_smoke
781	host	inv	killed	suite:test_smoke	killed	suite:test_smoke
782	host	const1	killed	suite:test_smoke	killed	suite:test_smoke
783	host	const1	killed	suite:test_smoke	killed	suite:test_smoke
784	host	cnot0	killed	suite:test_smoke	killed	suite:test_smoke
785	host	const0	killed	suite:test_kill_decode	killed	suite:test_kill_decode
786	host	cnot1	killed	suite:test_protocols	killed	suite:test_protocols
787	host	const0	killed	suite:test_smoke	killed	suite:test_smoke
788	host	inv	killed	suite:test_smoke	killed	suite:test_smoke
789	host	const0	killed	suite:test_random	killed	suite:test_random
790	host	const0	killed	suite:test_smoke	killed	suite:test_smoke
791	host	const0	killed	suite:test_random	killed	suite:test_random
792	host	const0	killed	suite:test_smoke	killed	suite:test_smoke
793	host	const1	killed	suite:test_smoke	killed	suite:test_smoke
794	host	inv	killed	suite:test_smoke	killed	suite:test_smoke
795	host	const0	killed	suite:test_smoke	killed	suite:test_smoke
796	host	cnot0	killed	suite:test_protocols	killed	suite:test_protocols
797	host	inv	killed	suite:test_random	killed	suite:test_random
798	host	inv	killed	suite:test_random	killed	suite:test_random
799	host	const0	killed	suite:test_directed	killed	suite:test_directed
800	host	inv	killed	suite:test_smoke	killed	suite:test_smoke
801	host	inv	killed	suite:test_smoke	killed	suite:test_smoke
802	host	cnot1	survived		survived	
803	host	inv	killed	suite:test_smoke	killed	suite:test_smoke
804	host	const1	killed	suite:test_random	killed	suite:test_random
805	host	cnot1	killed	suite:test_random	killed	suite:test_random
806	host	const0	killed	suite:test_smoke	killed	suite:test_smoke
807	host	inv	killed	suite:test_smoke	killed	suite:test_smoke
808	host	const0	killed	suite:test_legacy	killed	suite:test_legacy
809	host	const1	killed	suite:test_smoke	killed	suite:test_smoke
810	host	inv	killed	suite:test_smoke	killed	suite:test_smoke
811	host	inv	killed	suite:test_smoke	killed	suite:test_smoke
812	host	const0	killed	suite:test_smoke	killed	suite:test_smoke
813	host	const1	killed	suite:test_smoke	killed	suite:test_smoke
814	host	cnot0	killed	suite:test_smoke	killed	suite:test_smoke
815	host	inv	killed	suite:test_smoke	killed	suite:test_smoke
816	host	const0	killed	suite:test_smoke	killed	suite:test_smoke
817	host	const0	killed	suite:test_legacy	killed	suite:test_legacy
818	host	const0	killed	suite:test_legacy	killed	suite:test_legacy
819	host	inv	killed	suite:test_smoke	killed	suite:test_smoke
820	host	const1	killed	suite:test_smoke	killed	suite:test_smoke
821	host	const0	killed	suite:test_legacy	killed	suite:test_legacy
822	host	const0	killed	suite:test_smoke	killed	suite:test_smoke
823	host	inv	killed	suite:test_smoke	killed	suite:test_smoke
824	host	const0	equivalent	equiv_induct	equivalent	equiv_induct
825	host	const1	killed	suite:test_smoke	killed	suite:test_smoke
826	host	cnot0	killed	suite:test_smoke	killed	suite:test_smoke
827	host	cnot0	killed	suite:test_smoke	killed	suite:test_smoke
828	host	const0	killed	suite:test_smoke	killed	suite:test_smoke
829	host	const1	equivalent	equiv_induct	equivalent	equiv_induct
830	host	const0	killed	suite:test_smoke	killed	suite:test_smoke
831	host	inv	killed	suite:test_legacy	killed	suite:test_legacy
832	host	inv	killed	suite:test_smoke	killed	suite:test_smoke
833	host	const0	killed	suite:test_smoke	killed	suite:test_smoke
834	host	inv	killed	suite:test_smoke	killed	suite:test_smoke
835	host	const1	killed	suite:test_smoke	killed	suite:test_smoke
836	host	const1	killed	suite:test_random	killed	suite:test_random
837	host	cnot0	killed	suite:test_legacy	killed	suite:test_legacy
838	host	inv	killed	suite:test_legacy	killed	suite:test_legacy
839	host	const0	killed	suite:test_legacy	killed	suite:test_legacy
840	host	const1	killed	suite:test_smoke	killed	suite:test_smoke
841	host	cnot1	equivalent	equiv_induct	equivalent	equiv_induct
842	host	const0	killed	suite:test_smoke	killed	suite:test_smoke
843	host	const1	killed	suite:test_smoke	killed	suite:test_smoke
844	host	const1	killed	suite:test_random	killed	suite:test_random
845	host	const0	killed	suite:test_random	killed	suite:test_random
846	host	const1	killed	suite:test_smoke	killed	suite:test_smoke
847	host	const1	killed	suite:test_smoke	killed	suite:test_smoke
848	host	const1	killed	suite:test_smoke	killed	suite:test_smoke
849	host	inv	killed	suite:test_smoke	killed	suite:test_smoke
850	host	inv	killed	suite:test_smoke	killed	suite:test_smoke
851	host	inv	killed	suite:test_smoke	killed	suite:test_smoke
852	host	const1	killed	suite:test_smoke	killed	suite:test_smoke
853	host	const1	killed	suite:test_random	killed	suite:test_random
854	host	inv	killed	suite:test_smoke	killed	suite:test_smoke
855	host	const0	killed	suite:test_kill_host	killed	suite:test_kill_host
856	host	const1	killed	suite:test_random	killed	suite:test_random
857	host	inv	killed	suite:test_smoke	killed	suite:test_smoke
858	host	const1	killed	suite:test_kill_host	killed	suite:test_kill_host
859	host	const1	killed	suite:test_smoke	killed	suite:test_smoke
860	host	const0	killed	suite:test_legacy	killed	suite:test_legacy
861	host	const1	killed	suite:test_smoke	killed	suite:test_smoke
862	host	const0	killed	suite:test_smoke	killed	suite:test_smoke
863	host	inv	killed	suite:test_smoke	killed	suite:test_smoke
864	host	const1	killed	suite:test_smoke	killed	suite:test_smoke
865	host	const1	killed	suite:test_kill_host	killed	suite:test_kill_host
866	host	const0	killed	suite:test_random	killed	suite:test_random
867	host	const0	killed	suite:test_smoke	killed	suite:test_smoke
868	host	const0	killed	suite:test_smoke	killed	suite:test_smoke
869	host	inv	killed	suite:test_random	killed	suite:test_random
870	host	const0	killed	suite:test_smoke	killed	suite:test_smoke
871	host	inv	killed	suite:test_smoke	killed	suite:test_smoke
872	host	const1	killed	suite:test_smoke	killed	suite:test_smoke
873	host	const0	killed	suite:test_smoke	killed	suite:test_smoke
874	host	const1	killed	suite:test_random	killed	suite:test_random
875	host	const0	killed	suite:test_smoke	killed	suite:test_smoke
876	host	inv	killed	suite:test_random	killed	suite:test_random
877	host	const1	killed	suite:test_smoke	killed	suite:test_smoke
878	host	const1	killed	suite:test_smoke	killed	suite:test_smoke
879	host	const0	killed	suite:test_smoke	killed	suite:test_smoke
880	host	inv	killed	suite:test_smoke	killed	suite:test_smoke
881	host	const1	killed	suite:test_smoke	killed	suite:test_smoke
882	host	const0	killed	suite:test_smoke	killed	suite:test_smoke
883	host	const0	killed	suite:test_smoke	killed	suite:test_smoke
884	host	inv	killed	suite:test_legacy	killed	suite:test_legacy
885	host	const0	killed	suite:test_legacy	killed	suite:test_legacy
886	host	inv	killed	suite:test_legacy	killed	suite:test_legacy
887	host	inv	killed	suite:test_smoke	killed	suite:test_smoke
888	host	const0	killed	suite:test_smoke	killed	suite:test_smoke
889	host	const1	killed	suite:test_smoke	killed	suite:test_smoke
890	host	cnot0	killed	suite:test_smoke	killed	suite:test_smoke
891	host	const0	killed	suite:test_smoke	killed	suite:test_smoke
892	host	const1	killed	suite:test_smoke	killed	suite:test_smoke
893	host	const0	killed	suite:test_random	killed	suite:test_random
894	host	const1	killed	suite:test_random	killed	suite:test_random
895	host	const1	killed	suite:test_smoke	killed	suite:test_smoke
896	host	const0	killed	suite:test_smoke	killed	suite:test_smoke
897	host	inv	killed	suite:test_smoke	killed	suite:test_smoke
898	host	const0	killed	suite:test_smoke	killed	suite:test_smoke
899	host	const1	killed	suite:test_random	killed	suite:test_random
900	host	const1	killed	suite:test_smoke	killed	suite:test_smoke
901	host	inv	killed	suite:test_smoke	killed	suite:test_smoke
902	host	inv	killed	suite:test_smoke	killed	suite:test_smoke
903	host	const1	killed	suite:test_random	killed	suite:test_random
904	host	const0	killed	suite:test_smoke	killed	suite:test_smoke
905	host	const1	survived		survived	
906	host	const1	killed	suite:test_smoke	killed	suite:test_smoke
907	host	inv	killed	suite:test_legacy	killed	suite:test_legacy
908	host	const1	killed	suite:test_smoke	killed	suite:test_smoke
909	host	inv	killed	suite:test_smoke	killed	suite:test_smoke
910	host	const0	killed	suite:test_random	killed	suite:test_random
911	host	const0	killed	suite:test_smoke	killed	suite:test_smoke
912	host	const1	killed	suite:test_smoke	killed	suite:test_smoke
913	host	const1	killed	suite:test_smoke	killed	suite:test_smoke
914	host	inv	killed	suite:test_smoke	killed	suite:test_smoke
915	host	const0	killed	suite:test_smoke	killed	suite:test_smoke
916	host	const1	killed	suite:test_random	killed	suite:test_random
917	host	inv	killed	suite:test_smoke	killed	suite:test_smoke
918	host	const0	killed	suite:test_smoke	killed	suite:test_smoke
919	host	const1	killed	suite:test_smoke	killed	suite:test_smoke
920	host	inv	killed	suite:test_legacy	killed	suite:test_legacy
921	host	const0	killed	suite:test_protocols	killed	suite:test_protocols
922	host	cnot0	killed	suite:test_smoke	killed	suite:test_smoke
923	host	inv	killed	suite:test_smoke	killed	suite:test_smoke
924	host	inv	killed	suite:test_smoke	killed	suite:test_smoke
925	host	const0	killed	suite:test_smoke	killed	suite:test_smoke
926	host	const0	killed	suite:test_random	killed	suite:test_random
927	host	inv	killed	suite:test_smoke	killed	suite:test_smoke
928	host	const1	killed	suite:test_kill_host	killed	suite:test_kill_host
929	host	inv	killed	suite:test_smoke	killed	suite:test_smoke
930	host	const1	killed	suite:test_smoke	killed	suite:test_smoke
931	host	const1	killed	suite:test_smoke	killed	suite:test_smoke
932	host	const1	killed	suite:test_random	killed	suite:test_random
933	host	const0	killed	suite:test_smoke	killed	suite:test_smoke
934	host	const0	killed	suite:test_smoke	killed	suite:test_smoke
935	host	const1	killed	suite:test_random	killed	suite:test_random
936	host	inv	killed	suite:test_smoke	killed	suite:test_smoke
937	host	const0	killed	suite:test_smoke	killed	suite:test_smoke
938	host	const0	killed	suite:test_smoke	killed	suite:test_smoke
939	host	inv	killed	suite:test_smoke	killed	suite:test_smoke
940	host	inv	killed	suite:test_smoke	killed	suite:test_smoke
941	host	const0	killed	suite:test_smoke	killed	suite:test_smoke
942	host	const0	killed	suite:test_smoke	killed	suite:test_smoke
943	host	inv	killed	suite:test_smoke	killed	suite:test_smoke
944	host	inv	killed	suite:test_smoke	killed	suite:test_smoke
945	host	const1	killed	suite:test_random	killed	suite:test_random
946	host	const1	killed	suite:test_smoke	killed	suite:test_smoke
947	host	inv	killed	suite:test_smoke	killed	suite:test_smoke
948	host	const0	killed	suite:test_smoke	killed	suite:test_smoke
949	host	const1	killed	suite:test_smoke	killed	suite:test_smoke
950	host	const1	killed	suite:test_random	killed	suite:test_random
951	mover	cnot1	killed	suite:test_kill_mover	killed	suite:test_kill_mover
952	mover	inv	killed	suite:test_legacy	killed	suite:test_legacy
953	mover	const0	killed	suite:test_random	killed	suite:test_random
954	mover	inv	killed	suite:test_smoke	killed	suite:test_smoke
955	mover	cnot1	killed	suite:test_mover	killed	suite:test_mover
956	mover	const1	killed	suite:test_smoke	killed	suite:test_smoke
957	mover	const1	killed	suite:test_smoke	killed	suite:test_smoke
958	mover	const1	equivalent	equiv_induct	equivalent	equiv_induct
959	mover	inv	killed	suite:test_legacy	killed	suite:test_legacy
960	mover	const1	killed	suite:test_flagship	killed	suite:test_flagship
961	mover	cnot1	killed	suite:test_random	killed	suite:test_random
962	mover	cnot1	killed	suite:test_timewarp	killed	suite:test_timewarp
963	mover	inv	killed	suite:test_random	killed	suite:test_random
964	mover	const1	killed	suite:test_protocols	killed	suite:test_protocols
965	mover	cnot1	killed	suite:test_timewarp	killed	suite:test_timewarp
966	mover	inv	killed	suite:test_flagship	killed	suite:test_flagship
967	mover	const1	killed	suite:test_smoke	killed	suite:test_smoke
968	mover	const1	killed	suite:test_protocols	killed	suite:test_protocols
969	mover	const1	killed	suite:test_random	killed	suite:test_random
970	mover	const0	killed	suite:test_counters	killed	suite:test_counters
971	mover	cnot1	killed	suite:test_counters	killed	suite:test_counters
972	mover	const1	killed	suite:test_flagship	killed	suite:test_flagship
973	mover	const1	killed	suite:test_protocols	killed	suite:test_protocols
974	mover	inv	killed	suite:test_smoke	killed	suite:test_smoke
975	mover	const1	killed	suite:test_smoke	killed	suite:test_smoke
976	mover	cnot0	killed	suite:test_protocols	killed	suite:test_protocols
977	mover	const1	killed	suite:test_legacy	killed	suite:test_legacy
978	mover	inv	killed	suite:test_smoke	killed	suite:test_smoke
979	mover	const0	killed	suite:test_random	killed	suite:test_random
980	mover	const1	killed	suite:test_legacy	killed	suite:test_legacy
981	mover	const1	killed	suite:test_smoke	killed	suite:test_smoke
982	mover	const1	killed	suite:test_random	killed	suite:test_random
983	mover	const1	killed	suite:test_legacy	killed	suite:test_legacy
984	mover	inv	killed	suite:test_directed	killed	suite:test_directed
985	mover	const0	killed	suite:test_counters	killed	suite:test_counters
986	mover	const0	killed	suite:test_kill_mover	killed	suite:test_kill_mover
987	mover	const1	killed	suite:test_kill_mover	killed	suite:test_kill_mover
988	mover	const0	killed	suite:test_flagship	killed	suite:test_flagship
989	mover	const1	killed	suite:test_kill_mover	killed	suite:test_kill_mover
990	mover	const0	killed	suite:test_legacy	killed	suite:test_legacy
991	mover	const0	killed	suite:test_kill_mover	killed	suite:test_kill_mover
992	mover	const0	killed	suite:test_random	killed	suite:test_random
993	mover	const1	killed	suite:test_random	killed	suite:test_random
994	mover	cnot0	killed	suite:test_legacy	killed	suite:test_legacy
995	mover	const0	killed	suite:test_kill_mover	killed	suite:test_kill_mover
996	mover	cnot0	killed	suite:test_random	killed	suite:test_random
997	mover	const1	killed	suite:test_random	killed	suite:test_random
998	mover	inv	killed	suite:test_smoke	killed	suite:test_smoke
999	mover	const0	killed	suite:test_random	killed	suite:test_random
1000	mover	cnot0	killed	suite:test_legacy	killed	suite:test_legacy
1001	mover	const0	killed	suite:test_directed	killed	suite:test_directed
1002	mover	inv	killed	suite:test_legacy	killed	suite:test_legacy
1003	mover	inv	killed	suite:test_protocols	killed	suite:test_protocols
1004	mover	inv	killed	suite:test_random	killed	suite:test_random
1005	mover	const0	killed	suite:test_counters	killed	suite:test_counters
1006	mover	const0	killed	suite:test_legacy	killed	suite:test_legacy
1007	mover	cnot0	killed	suite:test_random	killed	suite:test_random
1008	mover	inv	killed	suite:test_legacy	killed	suite:test_legacy
1009	mover	const1	killed	suite:test_legacy	killed	suite:test_legacy
1010	mover	const0	killed	suite:test_flagship	killed	suite:test_flagship
1011	mover	cnot0	killed	suite:test_mover	killed	suite:test_mover
1012	mover	inv	killed	suite:test_smoke	killed	suite:test_smoke
1013	mover	inv	killed	suite:test_random	killed	suite:test_random
1014	mover	inv	killed	suite:test_legacy	killed	suite:test_legacy
1015	mover	inv	killed	suite:test_random	killed	suite:test_random
1016	mover	inv	killed	suite:test_protocols	killed	suite:test_protocols
1017	mover	const0	killed	suite:test_kill_mover	killed	suite:test_kill_mover
1018	mover	inv	killed	suite:test_flagship	killed	suite:test_flagship
1019	mover	cnot0	killed	suite:test_smoke	killed	suite:test_smoke
1020	mover	const1	killed	suite:test_kill_mover	killed	suite:test_kill_mover
1021	mover	const1	killed	suite:test_random	killed	suite:test_random
1022	mover	inv	killed	suite:test_legacy	killed	suite:test_legacy
1023	mover	const1	killed	suite:test_legacy	killed	suite:test_legacy
1024	mover	const0	killed	suite:test_timewarp	killed	suite:test_timewarp
1025	mover	inv	killed	suite:test_flagship	killed	suite:test_flagship
1026	mover	inv	killed	suite:test_mover	killed	suite:test_mover
1027	mover	inv	killed	suite:test_random	killed	suite:test_random
1028	mover	const1	killed	suite:test_random	killed	suite:test_random
1029	mover	const1	killed	suite:test_mover	killed	suite:test_mover
1030	mover	inv	killed	suite:test_mover	killed	suite:test_mover
1031	mover	const1	killed	suite:test_mover	killed	suite:test_mover
1032	mover	inv	killed	suite:test_legacy	killed	suite:test_legacy
1033	mover	inv	killed	suite:test_smoke	killed	suite:test_smoke
1034	mover	const0	killed	suite:test_flagship	killed	suite:test_flagship
1035	mover	inv	killed	suite:test_random	killed	suite:test_random
1036	mover	const1	killed	suite:test_random	killed	suite:test_random
1037	mover	const1	killed	suite:test_mover	killed	suite:test_mover
1038	mover	const0	killed	suite:test_random	killed	suite:test_random
1039	mover	const1	killed	suite:test_smoke	killed	suite:test_smoke
1040	mover	inv	killed	suite:test_legacy	killed	suite:test_legacy
1041	mover	inv	killed	suite:test_smoke	killed	suite:test_smoke
1042	mover	const0	killed	suite:test_random	killed	suite:test_random
1043	mover	const1	killed	suite:test_smoke	killed	suite:test_smoke
1044	mover	const0	killed	suite:test_random	killed	suite:test_random
1045	mover	const1	killed	suite:test_mover	killed	suite:test_mover
1046	mover	cnot0	killed	suite:test_legacy	killed	suite:test_legacy
1047	mover	const0	killed	suite:test_random	killed	suite:test_random
1048	mover	cnot0	equivalent	equiv_induct	equivalent	equiv_induct
1049	mover	const1	killed	suite:test_random	killed	suite:test_random
1050	mover	const0	killed	suite:test_legacy	killed	suite:test_legacy
1051	mover	const0	killed	suite:test_random	killed	suite:test_random
1052	mover	const0	killed	suite:test_random	killed	suite:test_random
1053	mover	const0	equivalent	equiv_induct	equivalent	equiv_induct
1054	mover	inv	killed	suite:test_legacy	killed	suite:test_legacy
1055	mover	inv	killed	suite:test_random	killed	suite:test_random
1056	mover	const0	killed	suite:test_kill_mover	killed	suite:test_kill_mover
1057	mover	inv	killed	suite:test_legacy	killed	suite:test_legacy
1058	mover	const1	killed	suite:test_flagship	killed	suite:test_flagship
1059	mover	const1	killed	suite:test_protocols	killed	suite:test_protocols
1060	mover	const0	equivalent	equiv_induct	equivalent	equiv_induct
1061	mover	cnot0	killed	suite:test_legacy	killed	suite:test_legacy
1062	mover	const0	killed	suite:test_random	killed	suite:test_random
1063	mover	const1	killed	suite:test_smoke	killed	suite:test_smoke
1064	mover	inv	killed	suite:test_legacy	killed	suite:test_legacy
1065	mover	inv	killed	suite:test_smoke	killed	suite:test_smoke
1066	mover	const1	killed	suite:test_smoke	killed	suite:test_smoke
1067	mover	const0	killed	suite:test_random	killed	suite:test_random
1068	mover	cnot1	equivalent	equiv_induct	equivalent	equiv_induct
1069	mover	cnot0	killed	suite:test_random	killed	suite:test_random
1070	mover	const0	killed	suite:test_legacy	killed	suite:test_legacy
1071	mover	inv	killed	suite:test_legacy	killed	suite:test_legacy
1072	mover	const0	killed	suite:test_random	killed	suite:test_random
1073	mover	const1	killed	suite:test_random	killed	suite:test_random
1074	mover	const0	killed	suite:test_random	killed	suite:test_random
1075	mover	const0	killed	suite:test_flagship	killed	suite:test_flagship
1076	mover	cnot1	killed	suite:test_timewarp	killed	suite:test_timewarp
1077	mover	inv	killed	suite:test_protocols	killed	suite:test_protocols
1078	mover	cnot0	equivalent	equiv_induct	equivalent	equiv_induct
1079	mover	const0	killed	suite:test_timewarp	killed	suite:test_timewarp
1080	mover	inv	killed	suite:test_random	killed	suite:test_random
1081	mover	inv	killed	suite:test_legacy	killed	suite:test_legacy
1082	mover	const1	killed	suite:test_protocols	killed	suite:test_protocols
1083	mover	const0	killed	suite:test_random	killed	suite:test_random
1084	mover	const0	killed	suite:test_mover	killed	suite:test_mover
1085	mover	const0	killed	suite:test_counters	killed	suite:test_counters
1086	mover	const0	killed	suite:test_flagship	killed	suite:test_flagship
1087	mover	const0	killed	suite:test_flagship	killed	suite:test_flagship
1088	mover	const1	killed	suite:test_random	killed	suite:test_random
1089	mover	const1	killed	suite:test_flagship	killed	suite:test_flagship
1090	mover	const1	killed	suite:test_random	killed	suite:test_random
1091	mover	const0	killed	suite:test_random	killed	suite:test_random
1092	mover	inv	killed	suite:test_legacy	killed	suite:test_legacy
1093	mover	const1	equivalent	equiv_induct	equivalent	equiv_induct
1094	mover	const1	killed	suite:test_smoke	killed	suite:test_smoke
1095	mover	const1	killed	suite:test_smoke	killed	suite:test_smoke
1096	mover	cnot1	killed	suite:test_legacy	killed	suite:test_legacy
1097	mover	inv	killed	suite:test_smoke	killed	suite:test_smoke
1098	mover	const0	killed	suite:test_flagship	killed	suite:test_flagship
1099	mover	const1	killed	suite:test_random	killed	suite:test_random
1100	mover	inv	killed	suite:test_smoke	killed	suite:test_smoke
1101	mover	inv	killed	suite:test_flagship	killed	suite:test_flagship
1102	mover	const1	killed	suite:test_kill_mover	killed	suite:test_kill_mover
1103	mover	const1	killed	suite:test_mover	killed	suite:test_mover
1104	mover	const1	killed	suite:test_mover	killed	suite:test_mover
1105	mover	inv	killed	suite:test_random	killed	suite:test_random
1106	mover	cnot1	equivalent	equiv_induct	equivalent	equiv_induct
1107	mover	const0	killed	suite:test_legacy	killed	suite:test_legacy
1108	mover	inv	killed	suite:test_flagship	killed	suite:test_flagship
1109	mover	const1	killed	suite:test_smoke	killed	suite:test_smoke
1110	mover	const1	equivalent	equiv_induct	equivalent	equiv_induct
1111	mover	inv	killed	suite:test_mover	killed	suite:test_mover
1112	mover	inv	killed	suite:test_protocols	killed	suite:test_protocols
1113	mover	const0	killed	suite:test_flagship	killed	suite:test_flagship
1114	mover	const1	killed	suite:test_mover	killed	suite:test_mover
1115	mover	const0	killed	suite:test_legacy	killed	suite:test_legacy
1116	mover	const0	killed	suite:test_random	killed	suite:test_random
1117	mover	const0	killed	suite:test_protocols	killed	suite:test_protocols
1118	mover	inv	killed	suite:test_smoke	killed	suite:test_smoke
1119	mover	cnot0	killed	suite:test_smoke	killed	suite:test_smoke
1120	mover	inv	killed	suite:test_random	killed	suite:test_random
1121	mover	inv	killed	suite:test_random	killed	suite:test_random
1122	mover	inv	killed	suite:test_random	killed	suite:test_random
1123	mover	inv	killed	suite:test_flagship	killed	suite:test_flagship
1124	mover	const0	killed	suite:test_legacy	killed	suite:test_legacy
1125	mover	inv	killed	suite:test_flagship	killed	suite:test_flagship
1126	mover	inv	killed	suite:test_random	killed	suite:test_random
1127	mover	const1	equivalent	equiv_induct	equivalent	equiv_induct
1128	mover	inv	killed	suite:test_legacy	killed	suite:test_legacy
1129	mover	cnot1	killed	suite:test_timewarp	killed	suite:test_timewarp
1130	mover	const0	killed	suite:test_flagship	killed	suite:test_flagship
1131	mover	const0	killed	suite:test_mover	killed	suite:test_mover
1132	mover	inv	killed	suite:test_random	killed	suite:test_random
1133	mover	const0	killed	suite:test_kill_mover	killed	suite:test_kill_mover
1134	mover	const1	killed	suite:test_legacy	killed	suite:test_legacy
1135	mover	const0	killed	suite:test_kill_mover	killed	suite:test_kill_mover
1136	mover	const0	killed	suite:test_directed	killed	suite:test_directed
1137	mover	inv	killed	suite:test_legacy	killed	suite:test_legacy
1138	mover	const1	killed	suite:test_random	killed	suite:test_random
1139	mover	const1	killed	suite:test_kill_mover	killed	suite:test_kill_mover
1140	mover	const0	killed	suite:test_flagship	killed	suite:test_flagship
1141	mover	const1	killed	suite:test_kill_mover	killed	suite:test_kill_mover
1142	mover	inv	killed	suite:test_smoke	killed	suite:test_smoke
1143	mover	const1	killed	suite:test_kill_mover	killed	suite:test_kill_mover
1144	mover	const0	killed	suite:test_legacy	killed	suite:test_legacy
1145	mover	const0	killed	suite:test_kill_mover	killed	suite:test_kill_mover
1146	mover	inv	killed	suite:test_protocols	killed	suite:test_protocols
1147	mover	inv	killed	suite:test_protocols	killed	suite:test_protocols
1148	mover	inv	killed	suite:test_flagship	killed	suite:test_flagship
1149	mover	const1	killed	suite:test_random	killed	suite:test_random
1150	mover	const0	killed	suite:test_random	killed	suite:test_random
1151	mover	inv	killed	suite:test_flagship	killed	suite:test_flagship
1152	mover	inv	killed	suite:test_flagship	killed	suite:test_flagship
1153	mover	inv	killed	suite:test_kill_mover	killed	suite:test_kill_mover
1154	mover	const0	killed	suite:test_mover	killed	suite:test_mover
1155	mover	const0	killed	suite:test_flagship	killed	suite:test_flagship
1156	mover	const1	killed	suite:test_flagship	killed	suite:test_flagship
1157	mover	const1	killed	suite:test_legacy	killed	suite:test_legacy
1158	mover	const0	killed	suite:test_kill_mover	killed	suite:test_kill_mover
1159	mover	inv	killed	suite:test_smoke	killed	suite:test_smoke
1160	mover	const0	killed	suite:test_flagship	killed	suite:test_flagship
1161	mover	const0	killed	suite:test_kill_mover	killed	suite:test_kill_mover
1162	mover	inv	killed	suite:test_random	killed	suite:test_random
1163	mover	inv	killed	suite:test_mover	killed	suite:test_mover
1164	mover	cnot0	killed	suite:test_random	killed	suite:test_random
1165	mover	inv	killed	suite:test_smoke	killed	suite:test_smoke
1166	mover	const0	killed	suite:test_random	killed	suite:test_random
1167	mover	const1	killed	suite:test_legacy	killed	suite:test_legacy
1168	mover	inv	killed	suite:test_smoke	killed	suite:test_smoke
1169	mover	const0	killed	suite:test_random	killed	suite:test_random
1170	mover	const1	killed	suite:test_kill_mover	killed	suite:test_kill_mover
1171	mover	inv	killed	suite:test_legacy	killed	suite:test_legacy
1172	mover	const1	killed	suite:test_smoke	killed	suite:test_smoke
1173	mover	const0	killed	suite:test_flagship	killed	suite:test_flagship
1174	mover	inv	killed	suite:test_flagship	killed	suite:test_flagship
1175	mover	const0	killed	suite:test_legacy	killed	suite:test_legacy
1176	mover	const1	killed	suite:test_smoke	killed	suite:test_smoke
1177	mover	const0	killed	suite:test_random	killed	suite:test_random
1178	mover	inv	killed	suite:test_random	killed	suite:test_random
1179	mover	inv	killed	suite:test_legacy	killed	suite:test_legacy
1180	mover	const0	killed	suite:test_random	killed	suite:test_random
1181	mover	const0	killed	suite:test_flagship	killed	suite:test_flagship
1182	mover	cnot0	equivalent	equiv_induct	equivalent	equiv_induct
1183	mover	inv	killed	suite:test_random	killed	suite:test_random
1184	mover	const1	killed	suite:test_kill_mover	killed	suite:test_kill_mover
1185	mover	const0	killed	suite:test_kill_mover	killed	suite:test_kill_mover
1186	mover	const0	killed	suite:test_flagship	killed	suite:test_flagship
1187	mover	const1	killed	suite:test_smoke	killed	suite:test_smoke
1188	mover	const1	killed	suite:test_flagship	killed	suite:test_flagship
1189	mover	inv	killed	suite:test_smoke	killed	suite:test_smoke
1190	mover	const0	killed	suite:test_flagship	killed	suite:test_flagship
1191	mover	const0	killed	suite:test_random	killed	suite:test_random
1192	mover	const0	killed	suite:test_random	killed	suite:test_random
1193	mover	const0	killed	suite:test_smoke	killed	suite:test_smoke
1194	mover	inv	killed	suite:test_protocols	killed	suite:test_protocols
1195	mover	const1	killed	suite:test_random	killed	suite:test_random
1196	mover	const0	killed	suite:test_random	killed	suite:test_random
1197	mover	inv	killed	suite:test_random	killed	suite:test_random
1198	mover	const1	killed	suite:test_smoke	killed	suite:test_smoke
1199	mover	const0	killed	suite:test_random	killed	suite:test_random
1200	mover	const1	killed	suite:test_flagship	killed	suite:test_flagship
1201	events	inv	killed	suite:test_protocols	killed	suite:test_protocols
1202	events	const0	killed	suite:test_legacy	killed	suite:test_legacy
1203	events	const0	killed	suite:test_protocols	killed	suite:test_protocols
1204	events	cnot0	killed	suite:test_protocols	killed	suite:test_protocols
1205	events	const0	killed	suite:test_protocols	killed	suite:test_protocols
1206	events	cnot1	equivalent	equiv_induct	equivalent	equiv_induct
1207	events	const1	killed	suite:test_smoke	killed	suite:test_smoke
1208	events	inv	killed	suite:test_random	killed	suite:test_random
1209	events	inv	killed	suite:test_smoke	killed	suite:test_smoke
1210	events	inv	killed	suite:test_protocols	killed	suite:test_protocols
1211	events	const1	killed	suite:test_kill_decode	killed	suite:test_kill_decode
1212	events	const1	killed	suite:test_random	killed	suite:test_random
1213	events	const0	killed	suite:test_protocols	killed	suite:test_protocols
1214	events	const0	killed	suite:test_smoke	killed	suite:test_smoke
1215	events	const1	killed	suite:test_protocols	killed	suite:test_protocols
1216	events	const0	killed	suite:test_legacy	killed	suite:test_legacy
1217	events	inv	killed	suite:test_protocols	killed	suite:test_protocols
1218	events	const0	killed	suite:test_random	killed	suite:test_random
1219	events	inv	killed	suite:test_protocols	killed	suite:test_protocols
1220	events	inv	killed	suite:test_protocols	killed	suite:test_protocols
1221	events	inv	killed	suite:test_random	killed	suite:test_random
1222	events	const0	equivalent	equiv_induct	equivalent	equiv_induct
1223	events	const1	killed	suite:test_smoke	killed	suite:test_smoke
1224	events	const1	killed	suite:test_smoke	killed	suite:test_smoke
1225	events	cnot0	killed	suite:test_protocols	killed	suite:test_protocols
1226	events	inv	killed	suite:test_smoke	killed	suite:test_smoke
1227	events	inv	killed	suite:test_legacy	killed	suite:test_legacy
1228	events	inv	killed	suite:test_smoke	killed	suite:test_smoke
1229	events	cnot1	equivalent	equiv_induct	equivalent	equiv_induct
1230	events	inv	killed	suite:test_protocols	killed	suite:test_protocols
1231	events	inv	killed	suite:test_smoke	killed	suite:test_smoke
1232	events	cnot0	killed	suite:test_protocols	killed	suite:test_protocols
1233	events	inv	killed	suite:test_legacy	killed	suite:test_legacy
1234	events	inv	killed	suite:test_smoke	killed	suite:test_smoke
1235	events	inv	killed	suite:test_kill_events	killed	suite:test_kill_events
1236	events	const1	killed	suite:test_random	killed	suite:test_random
1237	events	const0	killed	suite:test_kill_decode	killed	suite:test_kill_decode
1238	events	cnot1	equivalent	equiv_induct	equivalent	equiv_induct
1239	events	cnot0	killed	suite:test_protocols	killed	suite:test_protocols
1240	events	cnot1	equivalent	equiv_induct	equivalent	equiv_induct
1241	events	cnot0	killed	suite:test_protocols	killed	suite:test_protocols
1242	events	const1	killed	suite:test_directed	killed	suite:test_directed
1243	events	const1	killed	suite:test_legacy	killed	suite:test_legacy
1244	events	const0	killed	suite:test_random	killed	suite:test_random
1245	events	inv	killed	suite:test_legacy	killed	suite:test_legacy
1246	events	cnot1	equivalent	equiv_induct	equivalent	equiv_induct
1247	events	const1	equivalent	equiv_induct	equivalent	equiv_induct
1248	events	const0	killed	suite:test_legacy	killed	suite:test_legacy
1249	events	inv	killed	suite:test_legacy	killed	suite:test_legacy
1250	events	inv	killed	suite:test_protocols	killed	suite:test_protocols
1251	events	const1	killed	suite:test_kill_decode	killed	suite:test_kill_decode
1252	events	const0	killed	suite:test_random	killed	suite:test_random
1253	events	cnot0	killed	suite:test_legacy	killed	suite:test_legacy
1254	events	const0	killed	suite:test_legacy	killed	suite:test_legacy
1255	events	const0	killed	suite:test_random	killed	suite:test_random
1256	events	const0	killed	suite:test_kill_decode	killed	suite:test_kill_decode
1257	events	inv	killed	suite:test_protocols	killed	suite:test_protocols
1258	events	cnot1	equivalent	equiv_induct	equivalent	equiv_induct
1259	events	cnot1	killed	suite:test_kill_decode	killed	suite:test_kill_decode
1260	events	cnot0	killed	suite:test_random	killed	suite:test_random
1261	events	cnot0	killed	suite:test_random	killed	suite:test_random
1262	events	cnot1	equivalent	equiv_induct	equivalent	equiv_induct
1263	events	const1	killed	suite:test_smoke	killed	suite:test_smoke
1264	events	const0	killed	suite:test_legacy	killed	suite:test_legacy
1265	events	const0	killed	suite:test_legacy	killed	suite:test_legacy
1266	events	const1	killed	suite:test_legacy	killed	suite:test_legacy
1267	events	inv	killed	suite:test_protocols	killed	suite:test_protocols
1268	events	cnot0	killed	suite:test_legacy	killed	suite:test_legacy
1269	events	cnot0	killed	suite:test_random	killed	suite:test_random
1270	events	const0	killed	suite:test_kill_decode	killed	suite:test_kill_decode
1271	events	const1	killed	suite:test_random	killed	suite:test_random
1272	events	inv	killed	suite:test_protocols	killed	suite:test_protocols
1273	events	const1	killed	suite:test_protocols	killed	suite:test_protocols
1274	events	const0	killed	suite:test_protocols	killed	suite:test_protocols
1275	events	const1	killed	suite:test_smoke	killed	suite:test_smoke
1276	events	inv	killed	suite:test_legacy	killed	suite:test_legacy
1277	events	const0	killed	suite:test_protocols	killed	suite:test_protocols
1278	events	const0	killed	suite:test_protocols	killed	suite:test_protocols
1279	events	const0	killed	suite:test_random	killed	suite:test_random
1280	events	cnot1	killed	suite:test_random	killed	suite:test_random
1281	events	const1	killed	suite:test_random	killed	suite:test_random
1282	events	const1	killed	suite:test_kill_decode	killed	suite:test_kill_decode
1283	events	inv	killed	suite:test_smoke	killed	suite:test_smoke
1284	events	const0	killed	suite:test_random	killed	suite:test_random
1285	events	const1	killed	suite:test_random	killed	suite:test_random
1286	events	inv	killed	suite:test_legacy	killed	suite:test_legacy
1287	events	const0	killed	suite:test_random	killed	suite:test_random
1288	events	inv	killed	suite:test_smoke	killed	suite:test_smoke
1289	events	const1	killed	suite:test_random	killed	suite:test_random
1290	events	const0	killed	suite:test_random	killed	suite:test_random
1291	events	const0	killed	suite:test_kill_decode	killed	suite:test_kill_decode
1292	events	cnot1	killed	suite:test_random	killed	suite:test_random
1293	events	inv	killed	suite:test_random	killed	suite:test_random
1294	events	const1	killed	suite:test_random	killed	suite:test_random
1295	events	inv	killed	suite:test_legacy	killed	suite:test_legacy
1296	events	const0	killed	suite:test_kill_decode	killed	suite:test_kill_decode
1297	events	const0	killed	suite:test_kill_decode	killed	suite:test_kill_decode
1298	events	const1	killed	suite:test_protocols	killed	suite:test_protocols
1299	events	inv	killed	suite:test_random	killed	suite:test_random
1300	events	inv	killed	suite:test_legacy	killed	suite:test_legacy
1301	events	inv	killed	suite:test_random	killed	suite:test_random
1302	events	cnot0	equivalent	equiv_induct	equivalent	equiv_induct
1303	events	inv	killed	suite:test_smoke	killed	suite:test_smoke
1304	events	const1	killed	suite:test_kill_decode	killed	suite:test_kill_decode
1305	events	cnot0	killed	suite:test_kill_events	killed	suite:test_kill_events
1306	events	inv	killed	suite:test_random	killed	suite:test_random
1307	events	inv	killed	suite:test_smoke	killed	suite:test_smoke
1308	events	const1	killed	suite:test_smoke	killed	suite:test_smoke
1309	events	const0	killed	suite:test_random	killed	suite:test_random
1310	events	const1	killed	suite:test_random	killed	suite:test_random
1311	events	inv	killed	suite:test_smoke	killed	suite:test_smoke
1312	events	cnot1	equivalent	equiv_induct	equivalent	equiv_induct
1313	events	const1	killed	suite:test_random	killed	suite:test_random
1314	events	inv	killed	suite:test_random	killed	suite:test_random
1315	events	inv	killed	suite:test_random	killed	suite:test_random
1316	events	inv	killed	suite:test_random	killed	suite:test_random
1317	events	const0	killed	suite:test_kill_decode	killed	suite:test_kill_decode
1318	events	const0	killed	suite:test_random	killed	suite:test_random
1319	events	cnot1	equivalent	equiv_induct	equivalent	equiv_induct
1320	events	inv	killed	suite:test_protocols	killed	suite:test_protocols
1321	events	const0	killed	suite:test_protocols	killed	suite:test_protocols
1322	events	inv	killed	suite:test_smoke	killed	suite:test_smoke
1323	events	inv	killed	suite:test_protocols	killed	suite:test_protocols
1324	events	const1	killed	suite:test_legacy	killed	suite:test_legacy
1325	events	const0	killed	suite:test_kill_decode	killed	suite:test_kill_decode
1326	events	cnot0	killed	suite:test_protocols	killed	suite:test_protocols
1327	events	const1	survived		survived	
1328	events	inv	killed	suite:test_random	killed	suite:test_random
1329	events	const1	killed	suite:test_legacy	killed	suite:test_legacy
1330	events	cnot0	killed	suite:test_random	killed	suite:test_random
1331	events	inv	killed	suite:test_random	killed	suite:test_random
1332	events	const1	killed	suite:test_protocols	killed	suite:test_protocols
1333	events	cnot0	killed	suite:test_smoke	killed	suite:test_smoke
1334	events	const0	equivalent	equiv_induct	equivalent	equiv_induct
1335	events	inv	killed	suite:test_legacy	killed	suite:test_legacy
1336	events	inv	killed	suite:test_random	killed	suite:test_random
1337	events	const1	killed	suite:test_random	killed	suite:test_random
1338	events	const0	killed	suite:test_legacy	killed	suite:test_legacy
1339	events	const0	killed	suite:test_random	killed	suite:test_random
1340	events	const1	killed	suite:test_smoke	killed	suite:test_smoke
1341	events	inv	killed	suite:test_legacy	killed	suite:test_legacy
1342	events	cnot1	killed	suite:test_random	killed	suite:test_random
1343	events	inv	killed	suite:test_legacy	killed	suite:test_legacy
1344	events	const0	killed	suite:test_kill_decode	killed	suite:test_kill_decode
1345	events	const0	equivalent	equiv_induct	equivalent	equiv_induct
1346	events	const1	equivalent	equiv_induct	equivalent	equiv_induct
1347	events	inv	killed	suite:test_random	killed	suite:test_random
1348	events	cnot1	equivalent	equiv_induct	equivalent	equiv_induct
1349	events	const1	killed	suite:test_random	killed	suite:test_random
1350	events	const1	killed	suite:test_kill_decode	killed	suite:test_kill_decode
1351	events	const1	killed	suite:test_kill_decode	killed	suite:test_kill_decode
1352	events	inv	killed	suite:test_legacy	killed	suite:test_legacy
1353	events	inv	killed	suite:test_legacy	killed	suite:test_legacy
1354	events	inv	killed	suite:test_random	killed	suite:test_random
1355	events	inv	killed	suite:test_legacy	killed	suite:test_legacy
1356	events	inv	killed	suite:test_random	killed	suite:test_random
1357	events	const0	killed	suite:test_kill_decode	killed	suite:test_kill_decode
1358	events	inv	killed	suite:test_random	killed	suite:test_random
1359	events	const0	killed	suite:test_random	killed	suite:test_random
1360	events	cnot1	equivalent	equiv_induct	equivalent	equiv_induct
1361	events	inv	killed	suite:test_smoke	killed	suite:test_smoke
1362	events	inv	killed	suite:test_smoke	killed	suite:test_smoke
1363	events	const0	killed	suite:test_random	killed	suite:test_random
1364	events	const1	killed	suite:test_kill_decode	killed	suite:test_kill_decode
1365	events	inv	killed	suite:test_smoke	killed	suite:test_smoke
1366	events	inv	killed	suite:test_smoke	killed	suite:test_smoke
1367	events	const1	killed	suite:test_directed	killed	suite:test_directed
1368	events	cnot1	killed	suite:test_smoke	killed	suite:test_smoke
1369	events	const1	killed	suite:test_random	killed	suite:test_random
1370	events	inv	killed	suite:test_protocols	killed	suite:test_protocols
1371	events	const0	equivalent	equiv_induct	equivalent	equiv_induct
1372	events	inv	killed	suite:test_random	killed	suite:test_random
1373	events	const1	killed	suite:test_protocols	killed	suite:test_protocols
1374	events	const1	killed	suite:test_protocols	killed	suite:test_protocols
1375	events	const1	killed	suite:test_random	killed	suite:test_random
1376	events	const1	killed	suite:test_protocols	killed	suite:test_protocols
1377	events	cnot0	killed	suite:test_directed	killed	suite:test_directed
1378	events	inv	killed	suite:test_protocols	killed	suite:test_protocols
1379	events	inv	killed	suite:test_protocols	killed	suite:test_protocols
1380	events	const0	killed	suite:test_legacy	killed	suite:test_legacy
1381	events	const1	killed	suite:test_smoke	killed	suite:test_smoke
1382	events	inv	killed	suite:test_protocols	killed	suite:test_protocols
1383	events	inv	killed	suite:test_smoke	killed	suite:test_smoke
1384	events	const1	killed	suite:test_protocols	killed	suite:test_protocols
1385	events	const0	killed	suite:test_legacy	killed	suite:test_legacy
1386	events	inv	killed	suite:test_kill_decode	killed	suite:test_kill_decode
1387	events	const1	killed	suite:test_kill_decode	killed	suite:test_kill_decode
1388	events	const0	equivalent	equiv_induct	equivalent	equiv_induct
1389	events	const0	killed	suite:test_kill_decode	killed	suite:test_kill_decode
1390	events	const1	killed	suite:test_random	killed	suite:test_random
1391	events	inv	killed	suite:test_smoke	killed	suite:test_smoke
1392	events	const1	killed	suite:test_smoke	killed	suite:test_smoke
1393	events	const1	survived		survived	
1394	events	inv	killed	suite:test_kill_decode	killed	suite:test_kill_decode
1395	events	const0	killed	suite:test_kill_decode	killed	suite:test_kill_decode
1396	events	inv	killed	suite:test_protocols	killed	suite:test_protocols
1397	events	inv	killed	suite:test_legacy	killed	suite:test_legacy
1398	events	const1	killed	suite:test_smoke	killed	suite:test_smoke
1399	events	const0	equivalent	equiv_induct	equivalent	equiv_induct
1400	events	cnot1	killed	suite:test_kill_decode	killed	suite:test_kill_decode
1401	events	const0	killed	suite:test_legacy	killed	suite:test_legacy
1402	events	const0	killed	suite:test_protocols	killed	suite:test_protocols
1403	events	inv	killed	suite:test_protocols	killed	suite:test_protocols
1404	events	cnot0	killed	suite:test_smoke	killed	suite:test_smoke
1405	events	const1	killed	suite:test_random	killed	suite:test_random
1406	events	const1	killed	suite:test_kill_decode	killed	suite:test_kill_decode
1407	events	cnot0	killed	suite:test_protocols	killed	suite:test_protocols
1408	events	const0	killed	suite:test_smoke	killed	suite:test_smoke
1409	events	const0	killed	suite:test_legacy	killed	suite:test_legacy
1410	events	const1	killed	suite:test_smoke	killed	suite:test_smoke
1411	events	inv	killed	suite:test_protocols	killed	suite:test_protocols
1412	events	const1	killed	suite:test_kill_decode	killed	suite:test_kill_decode
1413	events	inv	killed	suite:test_random	killed	suite:test_random
1414	events	const0	equivalent	equiv_induct	equivalent	equiv_induct
1415	events	const1	killed	suite:test_random	killed	suite:test_random
1416	events	inv	killed	suite:test_random	killed	suite:test_random
1417	events	inv	killed	suite:test_legacy	killed	suite:test_legacy
1418	events	inv	killed	suite:test_protocols	killed	suite:test_protocols
1419	events	const0	killed	suite:test_protocols	killed	suite:test_protocols
1420	events	const0	killed	suite:test_protocols	killed	suite:test_protocols
1421	events	cnot1	killed	suite:test_random	killed	suite:test_random
1422	events	const0	killed	suite:test_random	killed	suite:test_random
1423	events	const1	killed	suite:test_directed	killed	suite:test_directed
1424	events	const1	killed	suite:test_protocols	killed	suite:test_protocols
1425	events	inv	killed	suite:test_smoke	killed	suite:test_smoke
1426	events	const1	killed	suite:test_smoke	killed	suite:test_smoke
1427	events	const0	killed	suite:test_kill_decode	killed	suite:test_kill_decode
1428	events	cnot1	equivalent	equiv_induct	equivalent	equiv_induct
1429	events	inv	killed	suite:test_random	killed	suite:test_random
1430	events	const1	killed	suite:test_legacy	killed	suite:test_legacy
1431	events	cnot1	equivalent	equiv_induct	equivalent	equiv_induct
1432	events	inv	killed	suite:test_smoke	killed	suite:test_smoke
1433	events	const1	killed	suite:test_smoke	killed	suite:test_smoke
1434	events	inv	killed	suite:test_smoke	killed	suite:test_smoke
1435	events	const1	killed	suite:test_smoke	killed	suite:test_smoke
1436	events	inv	killed	suite:test_smoke	killed	suite:test_smoke
1437	events	cnot1	killed	suite:test_random	killed	suite:test_random
1438	events	const0	killed	suite:test_protocols	killed	suite:test_protocols
1439	events	const0	killed	suite:test_kill_decode	killed	suite:test_kill_decode
1440	events	const0	killed	suite:test_smoke	killed	suite:test_smoke
1441	events	cnot0	killed	suite:test_legacy	killed	suite:test_legacy
1442	events	cnot0	killed	suite:test_directed	killed	suite:test_directed
1443	events	const1	killed	suite:test_random	killed	suite:test_random
1444	events	const0	killed	suite:test_random	killed	suite:test_random
1445	events	const1	killed	suite:test_smoke	killed	suite:test_smoke
1446	events	cnot1	equivalent	equiv_induct	equivalent	equiv_induct
1447	events	const0	killed	suite:test_random	killed	suite:test_random
1448	events	inv	killed	suite:test_random	killed	suite:test_random
1449	events	inv	equivalent	equiv_induct	equivalent	equiv_induct
1450	events	inv	killed	suite:test_legacy	killed	suite:test_legacy
1451	events	inv	killed	suite:test_random	killed	suite:test_random
1452	events	const1	killed	suite:test_smoke	killed	suite:test_smoke
1453	events	const1	killed	suite:test_kill_decode	killed	suite:test_kill_decode
1454	events	inv	killed	suite:test_random	killed	suite:test_random
1455	events	const1	killed	suite:test_random	killed	suite:test_random
1456	events	const0	killed	suite:test_kill_decode	killed	suite:test_kill_decode
1457	events	const1	killed	suite:test_kill_decode	killed	suite:test_kill_decode
1458	events	const1	killed	suite:test_random	killed	suite:test_random
1459	events	const1	killed	suite:test_smoke	killed	suite:test_smoke
1460	events	const1	killed	suite:test_smoke	killed	suite:test_smoke
1461	events	const1	killed	suite:test_random	killed	suite:test_random
1462	events	const0	killed	suite:test_legacy	killed	suite:test_legacy
1463	events	inv	killed	suite:test_protocols	killed	suite:test_protocols
1464	events	inv	killed	suite:test_legacy	killed	suite:test_legacy
1465	events	cnot1	killed	suite:test_random	killed	suite:test_random
1466	events	inv	killed	suite:test_legacy	killed	suite:test_legacy
1467	events	const1	killed	suite:test_random	killed	suite:test_random
1468	events	cnot0	killed	suite:test_legacy	killed	suite:test_legacy
1469	events	inv	killed	suite:test_smoke	killed	suite:test_smoke
1470	events	inv	killed	suite:test_protocols	killed	suite:test_protocols
1471	events	const1	killed	suite:test_random	killed	suite:test_random
1472	events	const0	equivalent	equiv_induct	equivalent	equiv_induct
1473	events	inv	killed	suite:test_directed	killed	suite:test_directed
1474	events	cnot0	killed	suite:test_protocols	killed	suite:test_protocols
1475	events	inv	killed	suite:test_random	killed	suite:test_random
1476	events	const0	killed	suite:test_protocols	killed	suite:test_protocols
1477	events	const0	killed	suite:test_random	killed	suite:test_random
1478	events	inv	killed	suite:test_smoke	killed	suite:test_smoke
1479	events	const0	killed	suite:test_kill_decode	killed	suite:test_kill_decode
1480	events	inv	killed	suite:test_legacy	killed	suite:test_legacy
1481	events	const1	survived		survived	
1482	events	inv	killed	suite:test_random	killed	suite:test_random
1483	events	inv	killed	suite:test_protocols	killed	suite:test_protocols
1484	events	const0	killed	suite:test_protocols	killed	suite:test_protocols
1485	events	const1	killed	suite:test_protocols	killed	suite:test_protocols
1486	events	cnot1	equivalent	equiv_induct	equivalent	equiv_induct
1487	events	const0	killed	suite:test_random	killed	suite:test_random
1488	events	const0	killed	suite:test_protocols	killed	suite:test_protocols
1489	events	inv	killed	suite:test_random	killed	suite:test_random
1490	events	inv	killed	suite:test_protocols	killed	suite:test_protocols
1491	events	const1	killed	suite:test_kill_decode	killed	suite:test_kill_decode
1492	events	const0	killed	suite:test_protocols	killed	suite:test_protocols
1493	events	cnot1	equivalent	equiv_induct	equivalent	equiv_induct
1494	events	const0	killed	suite:test_kill_decode	killed	suite:test_kill_decode
1495	events	inv	killed	suite:test_kill_decode	killed	suite:test_kill_decode
1496	events	cnot1	equivalent	equiv_induct	equivalent	equiv_induct
1497	events	const1	killed	suite:test_random	killed	suite:test_random
1498	events	inv	killed	suite:test_random	killed	suite:test_random
1499	events	const1	killed	suite:test_kill_decode	killed	suite:test_kill_decode
1500	events	const0	killed	suite:test_kill_events	killed	suite:test_kill_events
1501	pins	cnot1	killed	suite:test_random	killed	suite:test_random
1502	pins	cnot0	killed	suite:test_random	killed	suite:test_random
1503	pins	const1	killed	suite:test_random	killed	suite:test_random
1504	pins	const0	killed	suite:test_random	killed	suite:test_random
1505	pins	const0	equivalent	equiv_induct	equivalent	equiv_induct
1506	pins	cnot0	survived		equivalent	miter-abc-900s
1507	pins	inv	killed	suite:test_random	killed	suite:test_random
1508	pins	inv	killed	suite:test_random	killed	suite:test_random
1509	pins	const1	killed	suite:test_random	killed	suite:test_random
1510	pins	cnot1	killed	suite:test_directed	killed	suite:test_directed
1511	pins	inv	killed	suite:test_random	killed	suite:test_random
1512	pins	cnot0	killed	suite:test_random	killed	suite:test_random
1513	pins	const1	killed	suite:test_legacy	killed	suite:test_legacy
1514	pins	inv	killed	suite:test_smoke	killed	suite:test_smoke
1515	pins	const1	killed	suite:test_random	killed	suite:test_random
1516	pins	inv	killed	suite:test_smoke	killed	suite:test_smoke
1517	pins	cnot1	killed	suite:test_directed	killed	suite:test_directed
1518	pins	const0	killed	suite:test_random	killed	suite:test_random
1519	pins	cnot0	killed	suite:test_random	killed	suite:test_random
1520	pins	const0	killed	suite:test_directed	killed	suite:test_directed
1521	pins	cnot0	killed	suite:test_protocols	killed	suite:test_protocols
1522	pins	const0	killed	suite:test_protocols	killed	suite:test_protocols
1523	pins	inv	killed	suite:test_random	killed	suite:test_random
1524	pins	cnot0	killed	suite:test_legacy	killed	suite:test_legacy
1525	pins	inv	killed	suite:test_random	killed	suite:test_random
1526	pins	const1	survived		equivalent	miter-abc-900s
1527	pins	const0	killed	suite:test_random	killed	suite:test_random
1528	pins	const0	equivalent	equiv_induct	equivalent	equiv_induct
1529	pins	const1	killed	suite:test_random	killed	suite:test_random
1530	pins	inv	killed	suite:test_directed	killed	suite:test_directed
1531	pins	inv	killed	suite:test_random	killed	suite:test_random
1532	pins	const0	killed	suite:test_random	killed	suite:test_random
1533	pins	cnot1	equivalent	equiv_induct	equivalent	equiv_induct
1534	pins	const0	killed	suite:test_smoke	killed	suite:test_smoke
1535	pins	const1	killed	suite:test_smoke	killed	suite:test_smoke
1536	pins	cnot0	killed	suite:test_random	killed	suite:test_random
1537	pins	const1	killed	suite:test_random	killed	suite:test_random
1538	pins	inv	killed	suite:test_protocols	killed	suite:test_protocols
1539	pins	inv	killed	suite:test_random	killed	suite:test_random
1540	pins	cnot0	killed	suite:test_random	killed	suite:test_random
1541	pins	cnot1	killed	suite:test_directed	killed	suite:test_directed
1542	pins	cnot0	killed	suite:test_random	killed	suite:test_random
1543	pins	cnot0	killed	suite:test_random	killed	suite:test_random
1544	pins	cnot0	killed	suite:test_random	killed	suite:test_random
1545	pins	cnot0	killed	suite:test_random	killed	suite:test_random
1546	pins	const0	survived		survived	
1547	pins	const1	killed	suite:test_random	killed	suite:test_random
1548	pins	const1	killed	suite:test_protocols	killed	suite:test_protocols
1549	pins	inv	survived		equivalent	miter-abc-900s
1550	pins	inv	equivalent	equiv_induct	equivalent	equiv_induct
1551	pins	cnot0	killed	suite:test_random	killed	suite:test_random
1552	pins	const1	killed	suite:test_random	killed	suite:test_random
1553	pins	const1	killed	suite:test_random	killed	suite:test_random
1554	pins	cnot0	killed	suite:test_protocols	killed	suite:test_protocols
1555	pins	cnot0	killed	suite:test_legacy	killed	suite:test_legacy
1556	pins	inv	killed	suite:test_random	killed	suite:test_random
1557	pins	cnot0	killed	suite:test_smoke	killed	suite:test_smoke
1558	pins	inv	killed	suite:test_random	killed	suite:test_random
1559	pins	const0	killed	suite:test_random	killed	suite:test_random
1560	pins	inv	killed	suite:test_directed	killed	suite:test_directed
1561	pins	const0	equivalent	equiv_induct	equivalent	equiv_induct
1562	pins	const0	killed	suite:test_directed	killed	suite:test_directed
1563	pins	const1	killed	suite:test_random	killed	suite:test_random
1564	pins	const0	killed	suite:test_kill_pins	killed	suite:test_kill_pins
1565	pins	const0	killed	suite:test_random	killed	suite:test_random
1566	pins	cnot1	killed	suite:test_random	killed	suite:test_random
1567	pins	const1	killed	suite:test_smoke	killed	suite:test_smoke
1568	pins	inv	killed	suite:test_random	killed	suite:test_random
1569	pins	inv	killed	suite:test_protocols	killed	suite:test_protocols
1570	pins	const0	killed	suite:test_random	killed	suite:test_random
1571	pins	inv	killed	suite:test_smoke	killed	suite:test_smoke
1572	pins	const0	equivalent	equiv_induct	equivalent	equiv_induct
1573	pins	const1	killed	suite:test_random	killed	suite:test_random
1574	pins	cnot0	killed	suite:test_random	killed	suite:test_random
1575	pins	const0	killed	suite:test_random	killed	suite:test_random
1576	pins	const0	killed	suite:test_protocols	killed	suite:test_protocols
1577	pins	const1	killed	suite:test_protocols	killed	suite:test_protocols
1578	pins	cnot0	killed	suite:test_random	killed	suite:test_random
1579	pins	inv	killed	suite:test_random	killed	suite:test_random
1580	pins	inv	killed	suite:test_smoke	killed	suite:test_smoke
1581	pins	inv	killed	suite:test_protocols	killed	suite:test_protocols
1582	pins	cnot0	killed	suite:test_random	killed	suite:test_random
1583	pins	cnot1	killed	suite:test_directed	killed	suite:test_directed
1584	pins	const1	killed	suite:test_smoke	killed	suite:test_smoke
1585	pins	inv	killed	suite:test_random	killed	suite:test_random
1586	pins	const0	killed	suite:test_random	killed	suite:test_random
1587	pins	inv	killed	suite:test_random	killed	suite:test_random
1588	pins	const1	killed	suite:test_legacy	killed	suite:test_legacy
1589	pins	cnot0	killed	suite:test_random	killed	suite:test_random
1590	pins	cnot1	killed	suite:test_directed	killed	suite:test_directed
1591	pins	cnot0	killed	suite:test_random	killed	suite:test_random
1592	pins	const0	killed	suite:test_random	killed	suite:test_random
1593	pins	inv	killed	suite:test_kill_pins	killed	suite:test_kill_pins
1594	pins	cnot0	killed	suite:test_random	killed	suite:test_random
1595	pins	inv	killed	suite:test_random	killed	suite:test_random
1596	pins	cnot0	killed	suite:test_random	killed	suite:test_random
1597	pins	cnot1	killed	suite:test_protocols	killed	suite:test_protocols
1598	pins	cnot0	killed	suite:test_random	killed	suite:test_random
1599	pins	const1	killed	suite:test_legacy	killed	suite:test_legacy
1600	pins	inv	killed	suite:test_random	killed	suite:test_random
1601	pins	const0	killed	suite:test_random	killed	suite:test_random
1602	pins	cnot0	killed	suite:test_random	killed	suite:test_random
1603	pins	const0	killed	suite:test_protocols	killed	suite:test_protocols
1604	pins	const1	killed	suite:test_kill_decode	killed	suite:test_kill_decode
1605	pins	const0	killed	suite:test_protocols	killed	suite:test_protocols
1606	pins	cnot0	killed	suite:test_random	killed	suite:test_random
1607	pins	const1	killed	suite:test_random	killed	suite:test_random
1608	pins	const1	killed	suite:test_random	killed	suite:test_random
1609	pins	cnot0	killed	suite:test_random	killed	suite:test_random
1610	pins	const0	killed	suite:test_random	killed	suite:test_random
1611	pins	const0	equivalent	equiv_induct	equivalent	equiv_induct
1612	pins	inv	killed	suite:test_random	killed	suite:test_random
1613	pins	cnot0	killed	suite:test_random	killed	suite:test_random
1614	pins	const1	killed	suite:test_legacy	killed	suite:test_legacy
1615	pins	const1	killed	suite:test_directed	killed	suite:test_directed
1616	pins	cnot1	killed	suite:test_directed	killed	suite:test_directed
1617	pins	cnot1	killed	suite:test_smoke	killed	suite:test_smoke
1618	pins	const0	killed	suite:test_random	killed	suite:test_random
1619	pins	inv	killed	suite:test_random	killed	suite:test_random
1620	pins	const0	killed	suite:test_directed	killed	suite:test_directed
1621	pins	inv	killed	suite:test_directed	killed	suite:test_directed
1622	pins	cnot0	killed	suite:test_smoke	killed	suite:test_smoke
1623	pins	const0	killed	suite:test_random	killed	suite:test_random
1624	pins	inv	survived		equivalent	miter-abc-900s
1625	pins	cnot0	killed	suite:test_random	killed	suite:test_random
1626	pins	const0	killed	suite:test_random	killed	suite:test_random
1627	pins	cnot0	killed	suite:test_smoke	killed	suite:test_smoke
1628	pins	cnot1	killed	suite:test_random	killed	suite:test_random
1629	pins	const0	killed	suite:test_legacy	killed	suite:test_legacy
1630	pins	cnot0	killed	suite:test_legacy	killed	suite:test_legacy
1631	pins	const1	killed	suite:test_random	killed	suite:test_random
1632	pins	const1	killed	suite:test_random	killed	suite:test_random
1633	pins	cnot1	killed	suite:test_random	killed	suite:test_random
1634	pins	cnot1	killed	suite:test_random	killed	suite:test_random
1635	pins	cnot0	killed	suite:test_directed	killed	suite:test_directed
1636	pins	cnot1	killed	suite:test_random	killed	suite:test_random
1637	pins	cnot1	killed	suite:test_directed	killed	suite:test_directed
1638	pins	const1	equivalent	equiv_induct	equivalent	equiv_induct
1639	pins	const1	survived		equivalent	miter-abc-900s
1640	pins	const0	killed	suite:test_kill_pins	killed	suite:test_kill_pins
1641	pins	inv	killed	suite:test_kill_pins	killed	suite:test_kill_pins
1642	pins	cnot1	killed	suite:test_random	killed	suite:test_random
1643	pins	inv	killed	suite:test_smoke	killed	suite:test_smoke
1644	pins	inv	killed	suite:test_smoke	killed	suite:test_smoke
1645	pins	inv	equivalent	equiv_induct	equivalent	equiv_induct
1646	pins	const0	killed	suite:test_random	killed	suite:test_random
1647	pins	const1	killed	suite:test_random	killed	suite:test_random
1648	pins	cnot0	killed	suite:test_protocols	killed	suite:test_protocols
1649	pins	const0	killed	suite:test_random	killed	suite:test_random
1650	pins	const1	killed	suite:test_random	killed	suite:test_random
1651	pins	inv	killed	suite:test_legacy	killed	suite:test_legacy
1652	pins	inv	killed	suite:test_legacy	killed	suite:test_legacy
1653	pins	const1	killed	suite:test_smoke	killed	suite:test_smoke
1654	pins	const0	killed	suite:test_protocols	killed	suite:test_protocols
1655	pins	inv	killed	suite:test_legacy	killed	suite:test_legacy
1656	pins	inv	killed	suite:test_smoke	killed	suite:test_smoke
1657	pins	const0	equivalent	equiv_induct	equivalent	equiv_induct
1658	pins	inv	killed	suite:test_random	killed	suite:test_random
1659	pins	const1	killed	suite:test_protocols	killed	suite:test_protocols
1660	pins	const1	killed	suite:test_random	killed	suite:test_random
1661	pins	cnot1	killed	suite:test_random	killed	suite:test_random
1662	pins	cnot0	killed	suite:test_protocols	killed	suite:test_protocols
1663	pins	cnot0	killed	suite:test_smoke	killed	suite:test_smoke
1664	pins	const1	killed	suite:test_random	killed	suite:test_random
1665	pins	cnot1	killed	suite:test_kill_pins	killed	suite:test_kill_pins
1666	pins	const0	killed	suite:test_directed	killed	suite:test_directed
1667	pins	const1	killed	suite:test_directed	killed	suite:test_directed
1668	pins	cnot1	killed	suite:test_kill_pins	killed	suite:test_kill_pins
1669	pins	const1	killed	suite:test_protocols	killed	suite:test_protocols
1670	pins	cnot1	killed	suite:test_directed	killed	suite:test_directed
1671	pins	const1	killed	suite:test_directed	killed	suite:test_directed
1672	pins	inv	killed	suite:test_kill_pins	killed	suite:test_kill_pins
1673	pins	cnot1	killed	suite:test_directed	killed	suite:test_directed
1674	pins	cnot0	equivalent	equiv_induct	equivalent	equiv_induct
1675	pins	inv	killed	suite:test_random	killed	suite:test_random
1676	pins	cnot1	equivalent	equiv_induct	equivalent	equiv_induct
1677	pins	inv	killed	suite:test_random	killed	suite:test_random
1678	pins	cnot0	killed	suite:test_random	killed	suite:test_random
1679	pins	cnot1	killed	suite:test_directed	killed	suite:test_directed
1680	pins	const0	killed	suite:test_random	killed	suite:test_random
1681	pins	cnot0	survived		equivalent	miter-abc-900s
1682	pins	cnot0	killed	suite:test_random	killed	suite:test_random
1683	pins	cnot1	killed	suite:test_random	killed	suite:test_random
1684	pins	cnot1	killed	suite:test_random	killed	suite:test_random
1685	pins	const0	killed	suite:test_random	killed	suite:test_random
1686	pins	const1	killed	suite:test_protocols	killed	suite:test_protocols
1687	pins	cnot0	killed	suite:test_random	killed	suite:test_random
1688	pins	inv	killed	suite:test_smoke	killed	suite:test_smoke
1689	pins	const0	killed	suite:test_random	killed	suite:test_random
1690	pins	inv	killed	suite:test_random	killed	suite:test_random
1691	pins	const0	killed	suite:test_random	killed	suite:test_random
1692	pins	const0	killed	suite:test_random	killed	suite:test_random
1693	pins	inv	killed	suite:test_random	killed	suite:test_random
1694	pins	cnot0	killed	suite:test_protocols	killed	suite:test_protocols
1695	pins	inv	killed	suite:test_random	killed	suite:test_random
1696	pins	const0	killed	suite:test_random	killed	suite:test_random
1697	pins	inv	killed	suite:test_legacy	killed	suite:test_legacy
1698	pins	inv	killed	suite:test_protocols	killed	suite:test_protocols
1699	pins	cnot0	killed	suite:test_random	killed	suite:test_random
1700	pins	inv	killed	suite:test_random	killed	suite:test_random
1701	pins	cnot0	killed	suite:test_random	killed	suite:test_random
1702	pins	cnot0	killed	suite:test_random	killed	suite:test_random
1703	pins	inv	equivalent	equiv_induct	equivalent	equiv_induct
1704	pins	inv	killed	suite:test_random	killed	suite:test_random
1705	pins	cnot1	killed	suite:test_kill_pins	killed	suite:test_kill_pins
1706	pins	const1	killed	suite:test_random	killed	suite:test_random
1707	pins	const0	killed	suite:test_random	killed	suite:test_random
1708	pins	cnot1	killed	suite:test_random	killed	suite:test_random
1709	pins	inv	killed	suite:test_protocols	killed	suite:test_protocols
1710	pins	const1	killed	suite:test_legacy	killed	suite:test_legacy
1711	pins	inv	killed	suite:test_random	killed	suite:test_random
1712	pins	const0	killed	suite:test_random	killed	suite:test_random
1713	pins	const0	killed	suite:test_random	killed	suite:test_random
1714	pins	cnot1	killed	suite:test_directed	killed	suite:test_directed
1715	pins	cnot0	killed	suite:test_random	killed	suite:test_random
1716	pins	const1	survived		equivalent	miter-abc-900s
1717	pins	const0	killed	suite:test_random	killed	suite:test_random
1718	pins	cnot1	killed	suite:test_kill_pins	killed	suite:test_kill_pins
1719	pins	const1	killed	suite:test_protocols	killed	suite:test_protocols
1720	pins	cnot1	survived		survived	
1721	pins	inv	killed	suite:test_legacy	killed	suite:test_legacy
1722	pins	cnot0	killed	suite:test_random	killed	suite:test_random
1723	pins	cnot0	killed	suite:test_random	killed	suite:test_random
1724	pins	const0	killed	suite:test_kill_pins	killed	suite:test_kill_pins
1725	pins	cnot1	killed	suite:test_random	killed	suite:test_random
1726	pins	cnot0	killed	suite:test_smoke	killed	suite:test_smoke
1727	pins	inv	killed	suite:test_random	killed	suite:test_random
1728	pins	const1	killed	suite:test_random	killed	suite:test_random
1729	pins	const1	killed	suite:test_random	killed	suite:test_random
1730	pins	cnot0	killed	suite:test_random	killed	suite:test_random
1731	pins	cnot0	killed	suite:test_random	killed	suite:test_random
1732	pins	const0	killed	suite:test_random	killed	suite:test_random
1733	pins	const1	killed	suite:test_directed	killed	suite:test_directed
1734	pins	const0	killed	suite:test_random	killed	suite:test_random
1735	pins	const0	killed	suite:test_random	killed	suite:test_random
1736	pins	inv	killed	suite:test_smoke	killed	suite:test_smoke
1737	pins	const1	killed	suite:test_kill_pins	killed	suite:test_kill_pins
1738	pins	cnot1	killed	suite:test_directed	killed	suite:test_directed
1739	pins	cnot0	killed	suite:test_protocols	killed	suite:test_protocols
1740	pins	const0	killed	suite:test_random	killed	suite:test_random
1741	pins	cnot1	killed	suite:test_random	killed	suite:test_random
1742	pins	const1	killed	suite:test_protocols	killed	suite:test_protocols
1743	pins	const1	killed	suite:test_random	killed	suite:test_random
1744	pins	const1	killed	suite:test_protocols	killed	suite:test_protocols
1745	pins	const1	killed	suite:test_random	killed	suite:test_random
1746	pins	const0	killed	suite:test_random	killed	suite:test_random
1747	pins	cnot0	killed	suite:test_random	killed	suite:test_random
1748	pins	const1	killed	suite:test_random	killed	suite:test_random
1749	pins	inv	killed	suite:test_random	killed	suite:test_random
1750	pins	inv	killed	suite:test_smoke	killed	suite:test_smoke
1751	engine_xfer	const1	killed	suite:test_random	killed	suite:test_random
1752	engine_xfer	const0	survived		survived	
1753	engine_xfer	const0	killed	suite:test_random	killed	suite:test_random
1754	engine_xfer	const1	killed	suite:test_random	killed	suite:test_random
1755	engine_xfer	cnot0	killed	suite:test_random	killed	suite:test_random
1756	engine_xfer	const1	killed	suite:test_random	killed	suite:test_random
1757	engine_xfer	const0	killed	suite:test_random	killed	suite:test_random
1758	engine_xfer	inv	killed	suite:test_random	killed	suite:test_random
1759	engine_xfer	inv	killed	suite:test_random	killed	suite:test_random
1760	engine_xfer	cnot0	killed	suite:test_random	killed	suite:test_random
1761	engine_xfer	const0	equivalent	equiv_induct	equivalent	equiv_induct
1762	engine_xfer	cnot0	killed	suite:test_random	killed	suite:test_random
1763	engine_xfer	inv	killed	suite:test_random	killed	suite:test_random
1764	engine_xfer	inv	killed	suite:test_smoke	killed	suite:test_smoke
1765	engine_xfer	cnot1	equivalent	equiv_induct	equivalent	equiv_induct
1766	engine_xfer	cnot1	killed	suite:test_protocols	killed	suite:test_protocols
1767	engine_xfer	cnot0	survived		equivalent	miter-abc-900s
1768	engine_xfer	cnot0	killed	suite:test_random	killed	suite:test_random
1769	engine_xfer	const1	survived		equivalent	miter-abc-900s
1770	engine_xfer	inv	killed	suite:test_random	killed	suite:test_random
1771	engine_xfer	const1	killed	suite:test_legacy	killed	suite:test_legacy
1772	engine_xfer	cnot0	killed	suite:test_random	killed	suite:test_random
1773	engine_xfer	cnot0	killed	suite:test_legacy	killed	suite:test_legacy
1774	engine_xfer	cnot1	killed	suite:test_legacy	killed	suite:test_legacy
1775	engine_xfer	cnot0	killed	suite:test_random	killed	suite:test_random
1776	engine_xfer	cnot1	killed	suite:test_kill_xfer	killed	suite:test_kill_xfer
1777	engine_xfer	cnot1	killed	suite:test_random	killed	suite:test_random
1778	engine_xfer	cnot1	killed	suite:test_random	killed	suite:test_random
1779	engine_xfer	inv	survived		equivalent	miter-abc-900s
1780	engine_xfer	cnot0	survived		equivalent	miter-abc-900s
1781	engine_xfer	const0	survived		equivalent	miter-abc-900s
1782	engine_xfer	const1	killed	suite:test_smoke	killed	suite:test_smoke
1783	engine_xfer	const1	killed	suite:test_random	killed	suite:test_random
1784	engine_xfer	const1	killed	suite:test_smoke	killed	suite:test_smoke
1785	engine_xfer	cnot0	killed	suite:test_random	killed	suite:test_random
1786	engine_xfer	const1	killed	suite:test_smoke	killed	suite:test_smoke
1787	engine_xfer	const1	killed	suite:test_random	killed	suite:test_random
1788	engine_xfer	cnot1	killed	suite:test_protocols	killed	suite:test_protocols
1789	engine_xfer	cnot0	killed	suite:test_random	killed	suite:test_random
1790	engine_xfer	const1	killed	suite:test_random	killed	suite:test_random
1791	engine_xfer	inv	killed	suite:test_random	killed	suite:test_random
1792	engine_xfer	cnot1	killed	suite:test_random	killed	suite:test_random
1793	engine_xfer	const1	killed	suite:test_protocols	killed	suite:test_protocols
1794	engine_xfer	const0	killed	suite:test_random	killed	suite:test_random
1795	engine_xfer	cnot0	killed	suite:test_smoke	killed	suite:test_smoke
1796	engine_xfer	cnot1	killed	suite:test_random	killed	suite:test_random
1797	engine_xfer	cnot1	survived		survived	
1798	engine_xfer	cnot1	killed	suite:test_random	killed	suite:test_random
1799	engine_xfer	const1	killed	suite:test_legacy	killed	suite:test_legacy
1800	engine_xfer	const1	killed	suite:test_random	killed	suite:test_random
1801	engine_xfer	inv	killed	suite:test_legacy	killed	suite:test_legacy
1802	engine_xfer	cnot0	killed	suite:test_legacy	killed	suite:test_legacy
1803	engine_xfer	cnot0	killed	suite:test_legacy	killed	suite:test_legacy
1804	engine_xfer	inv	killed	suite:test_random	killed	suite:test_random
1805	engine_xfer	const0	killed	suite:test_random	killed	suite:test_random
1806	engine_xfer	inv	survived		survived	
1807	engine_xfer	inv	killed	suite:test_legacy	killed	suite:test_legacy
1808	engine_xfer	const1	survived		equivalent	miter-abc-900s
1809	engine_xfer	cnot1	survived		equivalent	miter-abc-900s
1810	engine_xfer	cnot1	killed	suite:test_random	killed	suite:test_random
1811	engine_xfer	cnot0	killed	suite:test_smoke	killed	suite:test_smoke
1812	engine_xfer	const1	killed	suite:test_legacy	killed	suite:test_legacy
1813	engine_xfer	const1	killed	suite:test_directed	killed	suite:test_directed
1814	engine_xfer	cnot0	killed	suite:test_random	killed	suite:test_random
1815	engine_xfer	inv	survived		equivalent	miter-abc-900s
1816	engine_xfer	const0	killed	suite:test_random	killed	suite:test_random
1817	engine_xfer	cnot0	killed	suite:test_protocols	killed	suite:test_protocols
1818	engine_xfer	inv	killed	suite:test_random	killed	suite:test_random
1819	engine_xfer	cnot1	killed	suite:test_legacy	killed	suite:test_legacy
1820	engine_xfer	inv	killed	suite:test_random	killed	suite:test_random
1821	engine_xfer	const1	killed	suite:test_legacy	killed	suite:test_legacy
1822	engine_xfer	cnot0	survived		survived	
1823	engine_xfer	const0	equivalent	equiv_induct	equivalent	equiv_induct
1824	engine_xfer	const1	killed	suite:test_protocols	killed	suite:test_protocols
1825	engine_xfer	inv	killed	suite:test_random	killed	suite:test_random
1826	engine_xfer	inv	killed	suite:test_legacy	killed	suite:test_legacy
1827	engine_xfer	cnot0	killed	suite:test_legacy	killed	suite:test_legacy
1828	engine_xfer	cnot0	killed	suite:test_legacy	killed	suite:test_legacy
1829	engine_xfer	const0	survived		equivalent	miter-abc-900s
1830	engine_xfer	inv	killed	suite:test_smoke	killed	suite:test_smoke
1831	engine_xfer	cnot0	killed	suite:test_legacy	killed	suite:test_legacy
1832	engine_xfer	const0	killed	suite:test_protocols	killed	suite:test_protocols
1833	engine_xfer	cnot0	killed	suite:test_legacy	killed	suite:test_legacy
1834	engine_xfer	inv	killed	suite:test_protocols	killed	suite:test_protocols
1835	engine_xfer	inv	killed	suite:test_random	killed	suite:test_random
1836	engine_xfer	const1	killed	suite:test_smoke	killed	suite:test_smoke
1837	engine_xfer	inv	killed	suite:test_legacy	killed	suite:test_legacy
1838	engine_xfer	const0	survived		equivalent	miter-abc-900s
1839	engine_xfer	cnot0	killed	suite:test_smoke	killed	suite:test_smoke
1840	engine_xfer	const0	survived		equivalent	miter-abc-900s
1841	engine_xfer	const1	killed	suite:test_legacy	killed	suite:test_legacy
1842	engine_xfer	cnot0	killed	suite:test_random	killed	suite:test_random
1843	engine_xfer	const1	survived		equivalent	miter-abc-900s
1844	engine_xfer	const1	killed	suite:test_random	killed	suite:test_random
1845	engine_xfer	cnot1	killed	suite:test_legacy	killed	suite:test_legacy
1846	engine_xfer	inv	killed	suite:test_smoke	killed	suite:test_smoke
1847	engine_xfer	cnot1	killed	suite:test_kill_xfer	killed	suite:test_kill_xfer
1848	engine_xfer	inv	killed	suite:test_random	killed	suite:test_random
1849	engine_xfer	inv	killed	suite:test_legacy	killed	suite:test_legacy
1850	engine_xfer	cnot0	killed	suite:test_protocols	killed	suite:test_protocols
1851	engine_xfer	const1	killed	suite:test_legacy	killed	suite:test_legacy
1852	engine_xfer	inv	killed	suite:test_legacy	killed	suite:test_legacy
1853	engine_xfer	const0	killed	suite:test_random	killed	suite:test_random
1854	engine_xfer	cnot1	survived		survived	
1855	engine_xfer	const1	killed	suite:test_legacy	killed	suite:test_legacy
1856	engine_xfer	cnot1	killed	suite:test_kill_xfer	killed	suite:test_kill_xfer
1857	engine_xfer	cnot1	killed	suite:test_random	killed	suite:test_random
1858	engine_xfer	inv	equivalent	equiv_induct	equivalent	equiv_induct
1859	engine_xfer	const0	killed	suite:test_directed	killed	suite:test_directed
1860	engine_xfer	inv	equivalent	equiv_induct	equivalent	equiv_induct
1861	engine_xfer	const1	killed	suite:test_smoke	killed	suite:test_smoke
1862	engine_xfer	const1	killed	suite:test_legacy	killed	suite:test_legacy
1863	engine_xfer	const1	killed	suite:test_random	killed	suite:test_random
1864	engine_xfer	cnot1	killed	suite:test_kill_xfer	killed	suite:test_kill_xfer
1865	engine_xfer	cnot1	survived		equivalent	miter-abc-900s
1866	engine_xfer	cnot0	killed	suite:test_smoke	killed	suite:test_smoke
1867	engine_xfer	const0	killed	suite:test_random	killed	suite:test_random
1868	engine_xfer	inv	killed	suite:test_protocols	killed	suite:test_protocols
1869	engine_xfer	cnot0	killed	suite:test_legacy	killed	suite:test_legacy
1870	engine_xfer	const1	killed	suite:test_random	killed	suite:test_random
1871	engine_xfer	inv	killed	suite:test_legacy	killed	suite:test_legacy
1872	engine_xfer	inv	killed	suite:test_kill_xfer	killed	suite:test_kill_xfer
1873	engine_xfer	const1	killed	suite:test_random	killed	suite:test_random
1874	engine_xfer	const1	killed	suite:test_protocols	killed	suite:test_protocols
1875	engine_xfer	const1	killed	suite:test_protocols	killed	suite:test_protocols
1876	engine_xfer	cnot1	killed	suite:test_kill_xfer	killed	suite:test_kill_xfer
1877	engine_xfer	const1	killed	suite:test_smoke	killed	suite:test_smoke
1878	engine_xfer	const1	killed	suite:test_legacy	killed	suite:test_legacy
1879	engine_xfer	const0	equivalent	equiv_induct	equivalent	equiv_induct
1880	engine_xfer	cnot1	equivalent	equiv_induct	equivalent	equiv_induct
1881	engine_xfer	const0	killed	suite:test_kill_xfer	killed	suite:test_kill_xfer
1882	engine_xfer	inv	killed	suite:test_random	killed	suite:test_random
1883	engine_xfer	cnot0	killed	suite:test_random	killed	suite:test_random
1884	engine_xfer	const0	killed	suite:test_kill_xfer	killed	suite:test_kill_xfer
1885	engine_xfer	cnot1	killed	suite:test_random	killed	suite:test_random
1886	engine_xfer	cnot1	killed	suite:test_directed	killed	suite:test_directed
1887	engine_xfer	const1	killed	suite:test_smoke	killed	suite:test_smoke
1888	engine_xfer	cnot0	survived		survived	
1889	engine_xfer	const1	killed	suite:test_legacy	killed	suite:test_legacy
1890	engine_xfer	cnot0	killed	suite:test_protocols	killed	suite:test_protocols
1891	engine_xfer	cnot0	killed	suite:test_random	killed	suite:test_random
1892	engine_xfer	const0	killed	suite:test_legacy	killed	suite:test_legacy
1893	engine_xfer	const1	survived		equivalent	miter-abc-900s
1894	engine_xfer	inv	killed	suite:test_random	killed	suite:test_random
1895	engine_xfer	const0	killed	suite:test_legacy	killed	suite:test_legacy
1896	engine_xfer	inv	killed	suite:test_legacy	killed	suite:test_legacy
1897	engine_xfer	const1	killed	suite:test_legacy	killed	suite:test_legacy
1898	engine_xfer	cnot0	killed	suite:test_legacy	killed	suite:test_legacy
1899	engine_xfer	cnot1	killed	suite:test_random	killed	suite:test_random
1900	engine_xfer	const1	killed	suite:test_protocols	killed	suite:test_protocols
1901	engine_xfer	const1	killed	suite:test_legacy	killed	suite:test_legacy
1902	engine_xfer	cnot0	killed	suite:test_random	killed	suite:test_random
1903	engine_xfer	inv	killed	suite:test_random	killed	suite:test_random
1904	engine_xfer	const0	equivalent	equiv_induct	equivalent	equiv_induct
1905	engine_xfer	const1	survived		survived	
1906	engine_xfer	inv	killed	suite:test_legacy	killed	suite:test_legacy
1907	engine_xfer	const1	survived		equivalent	miter-abc-900s
1908	engine_xfer	inv	killed	suite:test_legacy	killed	suite:test_legacy
1909	engine_xfer	cnot1	killed	suite:test_random	killed	suite:test_random
1910	engine_xfer	const1	survived		equivalent	miter-abc-900s
1911	engine_xfer	const0	equivalent	equiv_induct	equivalent	equiv_induct
1912	engine_xfer	const1	killed	suite:test_protocols	killed	suite:test_protocols
1913	engine_xfer	const0	killed	suite:test_legacy	killed	suite:test_legacy
1914	engine_xfer	const0	killed	suite:test_kill_xfer	killed	suite:test_kill_xfer
1915	engine_xfer	const1	killed	suite:test_random	killed	suite:test_random
1916	engine_xfer	cnot0	killed	suite:test_smoke	killed	suite:test_smoke
1917	engine_xfer	const1	killed	suite:test_protocols	killed	suite:test_protocols
1918	engine_xfer	const1	killed	suite:test_random	killed	suite:test_random
1919	engine_xfer	cnot0	killed	suite:test_random	killed	suite:test_random
1920	engine_xfer	inv	killed	suite:test_protocols	killed	suite:test_protocols
1921	engine_xfer	cnot1	killed	suite:test_directed	killed	suite:test_directed
1922	engine_xfer	inv	killed	suite:test_random	killed	suite:test_random
1923	engine_xfer	inv	killed	suite:test_protocols	killed	suite:test_protocols
1924	engine_xfer	const1	killed	suite:test_legacy	killed	suite:test_legacy
1925	engine_xfer	inv	killed	suite:test_random	killed	suite:test_random
1926	engine_xfer	const0	killed	suite:test_random	killed	suite:test_random
1927	engine_xfer	cnot1	killed	suite:test_random	killed	suite:test_random
1928	engine_xfer	inv	survived		equivalent	miter-abc-900s
1929	engine_xfer	inv	killed	suite:test_protocols	killed	suite:test_protocols
1930	engine_xfer	inv	killed	suite:test_smoke	killed	suite:test_smoke
1931	engine_xfer	const0	equivalent	equiv_induct	equivalent	equiv_induct
1932	engine_xfer	cnot0	killed	suite:test_random	killed	suite:test_random
1933	engine_xfer	const0	equivalent	equiv_induct	equivalent	equiv_induct
1934	engine_xfer	const1	killed	suite:test_random	killed	suite:test_random
1935	engine_xfer	const1	killed	suite:test_random	killed	suite:test_random
1936	engine_xfer	cnot1	killed	suite:test_random	killed	suite:test_random
1937	engine_xfer	inv	killed	suite:test_kill_xfer	killed	suite:test_kill_xfer
1938	engine_xfer	cnot1	killed	suite:test_kill_xfer	killed	suite:test_kill_xfer
1939	engine_xfer	inv	killed	suite:test_random	killed	suite:test_random
1940	engine_xfer	inv	killed	suite:test_random	killed	suite:test_random
1941	engine_xfer	cnot1	killed	suite:test_random	killed	suite:test_random
1942	engine_xfer	cnot1	equivalent	equiv_induct	equivalent	equiv_induct
1943	engine_xfer	cnot1	equivalent	equiv_induct	equivalent	equiv_induct
1944	engine_xfer	const1	killed	suite:test_smoke	killed	suite:test_smoke
1945	engine_xfer	cnot0	killed	suite:test_random	killed	suite:test_random
1946	engine_xfer	cnot0	killed	suite:test_legacy	killed	suite:test_legacy
1947	engine_xfer	const1	killed	suite:test_smoke	killed	suite:test_smoke
1948	engine_xfer	const0	killed	suite:test_kill_xfer	killed	suite:test_kill_xfer
1949	engine_xfer	const0	survived		equivalent	miter-abc-900s
1950	engine_xfer	const1	killed	suite:test_legacy	killed	suite:test_legacy
1951	imem	const0	killed	suite:test_directed	killed	suite:test_directed
1952	imem	inv	killed	suite:test_smoke	killed	suite:test_smoke
1953	imem	cnot0	killed	suite:test_smoke	killed	suite:test_smoke
1954	imem	const1	killed	suite:test_smoke	killed	suite:test_smoke
1955	imem	cnot1	killed	suite:test_random	killed	suite:test_random
1956	imem	inv	killed	suite:test_smoke	killed	suite:test_smoke
1957	imem	const1	killed	suite:test_protocols	killed	suite:test_protocols
1958	imem	const0	killed	suite:test_smoke	killed	suite:test_smoke
1959	imem	const0	killed	suite:test_smoke	killed	suite:test_smoke
1960	imem	const1	killed	suite:test_smoke	killed	suite:test_smoke
1961	imem	cnot1	killed	suite:test_legacy	killed	suite:test_legacy
1962	imem	cnot1	killed	suite:test_legacy	killed	suite:test_legacy
1963	imem	const1	killed	suite:test_smoke	killed	suite:test_smoke
1964	imem	inv	killed	suite:test_smoke	killed	suite:test_smoke
1965	imem	inv	killed	suite:test_smoke	killed	suite:test_smoke
1966	imem	const1	killed	suite:test_protocols	killed	suite:test_protocols
1967	imem	const0	killed	suite:test_smoke	killed	suite:test_smoke
1968	imem	inv	survived		survived	
1969	imem	cnot0	killed	suite:test_smoke	killed	suite:test_smoke
1970	imem	cnot1	killed	suite:test_smoke	killed	suite:test_smoke
1971	imem	inv	killed	suite:test_smoke	killed	suite:test_smoke
1972	imem	cnot0	survived		survived	
1973	imem	const1	equivalent	equiv_inv	equivalent	equiv_inv
1974	imem	const0	killed	suite:test_protocols	killed	suite:test_protocols
1975	imem	cnot0	killed	suite:test_smoke	killed	suite:test_smoke
1976	imem	inv	killed	suite:test_smoke	killed	suite:test_smoke
1977	imem	cnot1	killed	suite:test_protocols	killed	suite:test_protocols
1978	imem	const0	killed	suite:test_legacy	killed	suite:test_legacy
1979	imem	const1	killed	suite:test_protocols	killed	suite:test_protocols
1980	imem	inv	killed	suite:test_smoke	killed	suite:test_smoke
1981	imem	cnot1	equivalent	equiv_inv	equivalent	equiv_inv
1982	imem	const0	killed	suite:test_kill_decode	killed	suite:test_kill_decode
1983	imem	const1	killed	suite:test_random	killed	suite:test_random
1984	imem	const0	killed	suite:test_smoke	killed	suite:test_smoke
1985	imem	cnot1	killed	suite:test_protocols	killed	suite:test_protocols
1986	imem	cnot1	killed	suite:test_directed	killed	suite:test_directed
1987	imem	inv	killed	suite:test_smoke	killed	suite:test_smoke
1988	imem	const0	killed	suite:test_smoke	killed	suite:test_smoke
1989	imem	const1	equivalent	equiv_inv	equivalent	equiv_inv
1990	imem	cnot1	survived		survived	
1991	imem	const0	equivalent	equiv_induct	equivalent	equiv_induct
1992	imem	cnot1	survived		survived	
1993	imem	const1	equivalent	equiv_induct	equivalent	equiv_induct
1994	imem	const1	killed	suite:test_protocols	killed	suite:test_protocols
1995	imem	const0	killed	suite:test_smoke	killed	suite:test_smoke
1996	imem	cnot0	survived		survived	
1997	imem	cnot1	killed	suite:test_protocols	killed	suite:test_protocols
1998	imem	const1	killed	suite:test_smoke	killed	suite:test_smoke
1999	imem	const1	killed	suite:test_smoke	killed	suite:test_smoke
2000	imem	const0	equivalent	equiv_inv	equivalent	equiv_inv
2001	imem	const1	killed	suite:test_smoke	killed	suite:test_smoke
2002	imem	cnot0	killed	suite:test_smoke	killed	suite:test_smoke
2003	imem	const1	killed	suite:test_smoke	killed	suite:test_smoke
2004	imem	inv	killed	suite:test_smoke	killed	suite:test_smoke
2005	imem	inv	killed	suite:test_smoke	killed	suite:test_smoke
2006	imem	inv	killed	suite:test_smoke	killed	suite:test_smoke
2007	imem	const0	killed	suite:test_smoke	killed	suite:test_smoke
2008	imem	inv	killed	suite:test_protocols	killed	suite:test_protocols
2009	imem	const1	killed	suite:test_smoke	killed	suite:test_smoke
2010	imem	const1	killed	suite:test_smoke	killed	suite:test_smoke
2011	shared	cnot0	killed	suite:test_protocols	killed	suite:test_protocols
2012	shared	const1	killed	suite:test_smoke	killed	suite:test_smoke
2013	shared	const1	killed	suite:test_smoke	killed	suite:test_smoke
2014	shared	cnot1	equivalent	equiv_induct	equivalent	equiv_induct
2015	shared	const1	killed	suite:test_protocols	killed	suite:test_protocols
2016	shared	const1	killed	suite:test_smoke	killed	suite:test_smoke
2017	shared	const0	killed	suite:test_smoke	killed	suite:test_smoke
2018	shared	cnot1	killed	suite:test_directed	killed	suite:test_directed
2019	shared	const0	killed	suite:test_random	killed	suite:test_random
2020	shared	const0	killed	suite:test_smoke	killed	suite:test_smoke
2021	shared	inv	killed	suite:test_random	killed	suite:test_random
2022	shared	const0	killed	suite:test_smoke	killed	suite:test_smoke
2023	shared	const0	killed	suite:test_smoke	killed	suite:test_smoke
2024	shared	inv	killed	suite:test_smoke	killed	suite:test_smoke
2025	shared	inv	killed	suite:test_random	killed	suite:test_random
2026	shared	const1	killed	suite:test_smoke	killed	suite:test_smoke
2027	shared	inv	killed	suite:test_smoke	killed	suite:test_smoke
2028	shared	inv	killed	suite:test_smoke	killed	suite:test_smoke
2029	shared	const1	killed	suite:test_smoke	killed	suite:test_smoke
2030	shared	const1	killed	suite:test_smoke	killed	suite:test_smoke
2031	shared	const1	killed	suite:test_random	killed	suite:test_random
2032	shared	const0	survived		survived	
2033	shared	const0	killed	suite:test_protocols	killed	suite:test_protocols
2034	shared	const0	killed	suite:test_smoke	killed	suite:test_smoke
2035	shared	const1	killed	suite:test_smoke	killed	suite:test_smoke
2036	shared	const1	killed	suite:test_kill_mover	killed	suite:test_kill_mover
2037	shared	const1	killed	suite:test_smoke	killed	suite:test_smoke
2038	shared	const0	killed	suite:test_random	killed	suite:test_random
2039	shared	const0	killed	suite:test_protocols	killed	suite:test_protocols
2040	shared	const0	killed	suite:test_smoke	killed	suite:test_smoke
2041	shared	const0	killed	suite:test_random	killed	suite:test_random
2042	shared	const0	killed	suite:test_smoke	killed	suite:test_smoke
2043	shared	const1	killed	suite:test_smoke	killed	suite:test_smoke
2044	shared	const0	killed	suite:test_smoke	killed	suite:test_smoke
2045	shared	const1	killed	suite:test_legacy	killed	suite:test_legacy
2046	shared	cnot0	killed	suite:test_smoke	killed	suite:test_smoke
2047	shared	const1	killed	suite:test_legacy	killed	suite:test_legacy
2048	shared	inv	killed	suite:test_smoke	killed	suite:test_smoke
2049	shared	inv	killed	suite:test_smoke	killed	suite:test_smoke
2050	shared	const1	killed	suite:test_random	killed	suite:test_random
2051	shared	cnot1	killed	suite:test_random	killed	suite:test_random
2052	shared	inv	killed	suite:test_smoke	killed	suite:test_smoke
2053	shared	const0	killed	suite:test_smoke	killed	suite:test_smoke
2054	shared	inv	killed	suite:test_smoke	killed	suite:test_smoke
2055	shared	inv	killed	suite:test_smoke	killed	suite:test_smoke
2056	shared	inv	killed	suite:test_smoke	killed	suite:test_smoke
2057	shared	const1	killed	suite:test_smoke	killed	suite:test_smoke
2058	shared	const0	killed	suite:test_smoke	killed	suite:test_smoke
2059	shared	const0	killed	suite:test_smoke	killed	suite:test_smoke
2060	shared	const0	killed	suite:test_smoke	killed	suite:test_smoke
2061	shared	const1	killed	suite:test_smoke	killed	suite:test_smoke
2062	shared	const1	killed	suite:test_smoke	killed	suite:test_smoke
2063	shared	inv	killed	suite:test_smoke	killed	suite:test_smoke
2064	shared	const1	killed	suite:test_smoke	killed	suite:test_smoke
2065	shared	inv	killed	suite:test_smoke	killed	suite:test_smoke
2066	shared	const1	killed	suite:test_random	killed	suite:test_random
2067	shared	const0	killed	suite:test_protocols	killed	suite:test_protocols
2068	shared	const1	killed	suite:test_smoke	killed	suite:test_smoke
2069	shared	cnot1	equivalent	equiv_induct	equivalent	equiv_induct
2070	shared	cnot0	killed	suite:test_smoke	killed	suite:test_smoke
2071	shared	inv	killed	suite:test_smoke	killed	suite:test_smoke
2072	shared	const0	killed	suite:test_smoke	killed	suite:test_smoke
2073	shared	const1	killed	suite:test_smoke	killed	suite:test_smoke
2074	shared	inv	killed	suite:test_smoke	killed	suite:test_smoke
2075	shared	inv	killed	suite:test_smoke	killed	suite:test_smoke
2076	shared	const1	killed	suite:test_smoke	killed	suite:test_smoke
2077	shared	inv	killed	suite:test_smoke	killed	suite:test_smoke
2078	shared	inv	killed	suite:test_smoke	killed	suite:test_smoke
2079	shared	const1	killed	suite:test_legacy	killed	suite:test_legacy
2080	shared	const1	killed	suite:test_smoke	killed	suite:test_smoke
2081	shared	const0	killed	suite:test_random	killed	suite:test_random
2082	shared	inv	killed	suite:test_smoke	killed	suite:test_smoke
2083	shared	const0	killed	suite:test_random	killed	suite:test_random
2084	shared	inv	killed	suite:test_smoke	killed	suite:test_smoke
2085	shared	inv	killed	suite:test_smoke	killed	suite:test_smoke
2086	shared	const0	killed	suite:test_random	killed	suite:test_random
2087	shared	const0	killed	suite:test_smoke	killed	suite:test_smoke
2088	shared	inv	killed	suite:test_smoke	killed	suite:test_smoke
2089	shared	const1	killed	suite:test_smoke	killed	suite:test_smoke
2090	shared	cnot1	killed	suite:test_smoke	killed	suite:test_smoke
2091	shared	const0	killed	suite:test_random	killed	suite:test_random
2092	shared	inv	killed	suite:test_smoke	killed	suite:test_smoke
2093	shared	const0	killed	suite:test_smoke	killed	suite:test_smoke
2094	shared	const0	killed	suite:test_smoke	killed	suite:test_smoke
2095	shared	const1	killed	suite:test_legacy	killed	suite:test_legacy
2096	shared	const0	killed	suite:test_smoke	killed	suite:test_smoke
2097	shared	const1	equivalent	equiv_induct	equivalent	equiv_induct
2098	shared	const0	killed	suite:test_smoke	killed	suite:test_smoke
2099	shared	inv	killed	suite:test_protocols	killed	suite:test_protocols
2100	shared	cnot0	killed	suite:test_legacy	killed	suite:test_legacy
2101	fifo	const1	killed	suite:test_legacy	killed	suite:test_legacy
2102	fifo	inv	killed	suite:test_random	killed	suite:test_random
2103	fifo	const0	killed	suite:test_kill_fifo	killed	suite:test_kill_fifo
2104	fifo	inv	killed	suite:test_flagship	killed	suite:test_flagship
2105	fifo	cnot1	killed	suite:test_protocols	killed	suite:test_protocols
2106	fifo	inv	killed	suite:test_random	killed	suite:test_random
2107	fifo	cnot0	killed	suite:test_protocols	killed	suite:test_protocols
2108	fifo	cnot0	killed	suite:test_legacy	killed	suite:test_legacy
2109	fifo	cnot1	killed	suite:test_legacy	killed	suite:test_legacy
2110	fifo	const1	killed	suite:test_legacy	killed	suite:test_legacy
2111	fifo	const1	killed	suite:test_protocols	killed	suite:test_protocols
2112	fifo	const0	killed	suite:test_legacy	killed	suite:test_legacy
2113	fifo	const0	killed	suite:test_flagship	killed	suite:test_flagship
2114	fifo	inv	killed	suite:test_flagship	killed	suite:test_flagship
2115	fifo	const1	killed	suite:test_legacy	killed	suite:test_legacy
2116	fifo	cnot1	killed	suite:test_legacy	killed	suite:test_legacy
2117	fifo	const1	killed	suite:test_smoke	killed	suite:test_smoke
2118	fifo	inv	killed	suite:test_protocols	killed	suite:test_protocols
2119	fifo	cnot0	killed	suite:test_random	killed	suite:test_random
2120	fifo	const1	killed	suite:test_legacy	killed	suite:test_legacy
2121	fifo	cnot0	killed	suite:test_protocols	killed	suite:test_protocols
2122	fifo	cnot1	killed	suite:test_random	killed	suite:test_random
2123	fifo	const1	killed	suite:test_smoke	killed	suite:test_smoke
2124	fifo	const1	killed	suite:test_mover	killed	suite:test_mover
2125	fifo	inv	killed	suite:test_legacy	killed	suite:test_legacy
2126	fifo	const1	killed	suite:test_protocols	killed	suite:test_protocols
2127	fifo	const1	killed	suite:test_legacy	killed	suite:test_legacy
2128	fifo	const1	killed	suite:test_legacy	killed	suite:test_legacy
2129	fifo	const0	killed	suite:test_legacy	killed	suite:test_legacy
2130	fifo	const0	killed	suite:test_random	killed	suite:test_random
2131	fifo	const1	killed	suite:test_protocols	killed	suite:test_protocols
2132	fifo	inv	killed	suite:test_protocols	killed	suite:test_protocols
2133	fifo	inv	killed	suite:test_protocols	killed	suite:test_protocols
2134	fifo	const0	killed	suite:test_legacy	killed	suite:test_legacy
2135	fifo	const0	killed	suite:test_legacy	killed	suite:test_legacy
2136	fifo	inv	killed	suite:test_legacy	killed	suite:test_legacy
2137	fifo	const1	killed	suite:test_legacy	killed	suite:test_legacy
2138	fifo	const0	killed	suite:test_random	killed	suite:test_random
2139	fifo	inv	killed	suite:test_flagship	killed	suite:test_flagship
2140	fifo	inv	killed	suite:test_smoke	killed	suite:test_smoke
2141	fifo	cnot1	survived		survived	
2142	fifo	cnot0	killed	suite:test_protocols	killed	suite:test_protocols
2143	fifo	const1	killed	suite:test_legacy	killed	suite:test_legacy
2144	fifo	cnot1	survived		survived	
2145	fifo	inv	killed	suite:test_legacy	killed	suite:test_legacy
2146	fifo	inv	killed	suite:test_legacy	killed	suite:test_legacy
2147	fifo	const1	killed	suite:test_legacy	killed	suite:test_legacy
2148	fifo	const1	killed	suite:test_legacy	killed	suite:test_legacy
2149	fifo	const0	killed	suite:test_protocols	killed	suite:test_protocols
2150	fifo	inv	killed	suite:test_legacy	killed	suite:test_legacy
2151	fifo	const0	killed	suite:test_random	killed	suite:test_random
2152	fifo	cnot1	killed	suite:test_flagship	killed	suite:test_flagship
2153	fifo	const0	killed	suite:test_legacy	killed	suite:test_legacy
2154	fifo	const0	killed	suite:test_timewarp	killed	suite:test_timewarp
2155	fifo	const1	killed	suite:test_protocols	killed	suite:test_protocols
2156	fifo	const0	killed	suite:test_protocols	killed	suite:test_protocols
2157	fifo	const0	killed	suite:test_legacy	killed	suite:test_legacy
2158	fifo	const0	killed	suite:test_random	killed	suite:test_random
2159	fifo	inv	killed	suite:test_smoke	killed	suite:test_smoke
2160	fifo	const1	killed	suite:test_legacy	killed	suite:test_legacy
2161	fifo	const1	killed	suite:test_protocols	killed	suite:test_protocols
2162	fifo	const0	killed	suite:test_random	killed	suite:test_random
2163	fifo	inv	killed	suite:test_legacy	killed	suite:test_legacy
2164	fifo	inv	killed	suite:test_legacy	killed	suite:test_legacy
2165	fifo	const1	killed	suite:test_kill_fifo	killed	suite:test_kill_fifo
2166	fifo	const1	killed	suite:test_protocols	killed	suite:test_protocols
2167	fifo	const1	killed	suite:test_smoke	killed	suite:test_smoke
2168	fifo	cnot1	killed	suite:test_random	killed	suite:test_random
2169	fifo	const0	killed	suite:test_random	killed	suite:test_random
2170	fifo	cnot1	killed	suite:test_legacy	killed	suite:test_legacy
2171	fifo	const0	killed	suite:test_protocols	killed	suite:test_protocols
2172	fifo	cnot1	killed	suite:test_legacy	killed	suite:test_legacy
2173	fifo	cnot0	killed	suite:test_protocols	killed	suite:test_protocols
2174	fifo	const1	killed	suite:test_smoke	killed	suite:test_smoke
2175	fifo	const1	killed	suite:test_legacy	killed	suite:test_legacy
2176	fifo	inv	killed	suite:test_legacy	killed	suite:test_legacy
2177	fifo	inv	killed	suite:test_protocols	killed	suite:test_protocols
2178	fifo	const1	killed	suite:test_smoke	killed	suite:test_smoke
2179	fifo	inv	killed	suite:test_legacy	killed	suite:test_legacy
2180	fifo	const0	killed	suite:test_protocols	killed	suite:test_protocols
2181	fifo	const0	killed	suite:test_legacy	killed	suite:test_legacy
2182	fifo	const0	killed	suite:test_smoke	killed	suite:test_smoke
2183	fifo	const1	killed	suite:test_legacy	killed	suite:test_legacy
2184	fifo	const0	killed	suite:test_legacy	killed	suite:test_legacy
2185	fifo	cnot1	killed	suite:test_random	killed	suite:test_random
2186	fifo	inv	killed	suite:test_smoke	killed	suite:test_smoke
2187	fifo	inv	killed	suite:test_protocols	killed	suite:test_protocols
2188	fifo	cnot1	survived		survived	
2189	fifo	cnot0	killed	suite:test_flagship	killed	suite:test_flagship
2190	fifo	inv	killed	suite:test_flagship	killed	suite:test_flagship
2191	fifo	inv	killed	suite:test_flagship	killed	suite:test_flagship
2192	fifo	cnot0	killed	suite:test_smoke	killed	suite:test_smoke
2193	fifo	inv	killed	suite:test_random	killed	suite:test_random
2194	fifo	const1	killed	suite:test_legacy	killed	suite:test_legacy
2195	fifo	const1	killed	suite:test_smoke	killed	suite:test_smoke
2196	fifo	const0	killed	suite:test_protocols	killed	suite:test_protocols
2197	fifo	inv	killed	suite:test_protocols	killed	suite:test_protocols
2198	fifo	const0	killed	suite:test_kill_fifo	killed	suite:test_kill_fifo
2199	fifo	inv	killed	suite:test_protocols	killed	suite:test_protocols
2200	fifo	inv	killed	suite:test_flagship	killed	suite:test_flagship
2201	fifo	inv	killed	suite:test_random	killed	suite:test_random
2202	fifo	inv	killed	suite:test_legacy	killed	suite:test_legacy
2203	fifo	const0	killed	suite:test_protocols	killed	suite:test_protocols
2204	fifo	inv	killed	suite:test_legacy	killed	suite:test_legacy
2205	fifo	const1	killed	suite:test_legacy	killed	suite:test_legacy
2206	fifo	inv	killed	suite:test_legacy	killed	suite:test_legacy
2207	fifo	const1	killed	suite:test_protocols	killed	suite:test_protocols
2208	fifo	const0	killed	suite:test_legacy	killed	suite:test_legacy
2209	fifo	const0	killed	suite:test_legacy	killed	suite:test_legacy
2210	fifo	const1	killed	suite:test_smoke	killed	suite:test_smoke
2211	fifo	cnot0	killed	suite:test_legacy	killed	suite:test_legacy
2212	fifo	const0	killed	suite:test_protocols	killed	suite:test_protocols
2213	fifo	const1	killed	suite:test_legacy	killed	suite:test_legacy
2214	fifo	const1	killed	suite:test_random	killed	suite:test_random
2215	fifo	inv	killed	suite:test_protocols	killed	suite:test_protocols
2216	fifo	inv	killed	suite:test_smoke	killed	suite:test_smoke
2217	fifo	const1	killed	suite:test_mover	killed	suite:test_mover
2218	fifo	const1	killed	suite:test_legacy	killed	suite:test_legacy
2219	fifo	const1	killed	suite:test_protocols	killed	suite:test_protocols
2220	fifo	const0	killed	suite:test_protocols	killed	suite:test_protocols
2221	fifo	cnot1	killed	suite:test_kill_fifo	killed	suite:test_kill_fifo
2222	fifo	inv	killed	suite:test_smoke	killed	suite:test_smoke
2223	fifo	cnot1	killed	suite:test_random	killed	suite:test_random
2224	fifo	inv	killed	suite:test_protocols	killed	suite:test_protocols
2225	fifo	inv	killed	suite:test_legacy	killed	suite:test_legacy
2226	fifo	inv	killed	suite:test_smoke	killed	suite:test_smoke
2227	fifo	const1	killed	suite:test_protocols	killed	suite:test_protocols
2228	fifo	cnot0	killed	suite:test_legacy	killed	suite:test_legacy
2229	fifo	cnot0	killed	suite:test_legacy	killed	suite:test_legacy
2230	fifo	const1	killed	suite:test_protocols	killed	suite:test_protocols
2231	engine_data	const1	killed	suite:test_random	killed	suite:test_random
2232	engine_data	cnot1	killed	suite:test_legacy	killed	suite:test_legacy
2233	engine_data	inv	killed	suite:test_protocols	killed	suite:test_protocols
2234	engine_data	inv	killed	suite:test_random	killed	suite:test_random
2235	engine_data	const1	killed	suite:test_random	killed	suite:test_random
2236	engine_data	const0	killed	suite:test_legacy	killed	suite:test_legacy
2237	engine_data	cnot1	killed	suite:test_kill_regs	killed	suite:test_kill_regs
2238	engine_data	cnot1	killed	suite:test_legacy	killed	suite:test_legacy
2239	engine_data	cnot1	killed	suite:test_legacy	killed	suite:test_legacy
2240	engine_data	inv	killed	suite:test_protocols	killed	suite:test_protocols
2241	engine_data	const0	killed	suite:test_random	killed	suite:test_random
2242	engine_data	cnot0	killed	suite:test_random	killed	suite:test_random
2243	engine_data	cnot0	killed	suite:test_random	killed	suite:test_random
2244	engine_data	cnot0	killed	suite:test_kill_xfer	killed	suite:test_kill_xfer
2245	engine_data	cnot1	killed	suite:test_random	killed	suite:test_random
2246	engine_data	inv	killed	suite:test_legacy	killed	suite:test_legacy
2247	engine_data	const1	killed	suite:test_random	killed	suite:test_random
2248	engine_data	cnot0	killed	suite:test_random	killed	suite:test_random
2249	engine_data	const0	killed	suite:test_random	killed	suite:test_random
2250	engine_data	const0	killed	suite:test_legacy	killed	suite:test_legacy
2251	engine_data	inv	killed	suite:test_legacy	killed	suite:test_legacy
2252	engine_data	const0	killed	suite:test_kill_regs	killed	suite:test_kill_regs
2253	engine_data	inv	killed	suite:test_kill_regs	killed	suite:test_kill_regs
2254	engine_data	cnot1	killed	suite:test_kill_regs	killed	suite:test_kill_regs
2255	engine_data	inv	killed	suite:test_random	killed	suite:test_random
2256	engine_data	inv	killed	suite:test_legacy	killed	suite:test_legacy
2257	engine_data	cnot1	killed	suite:test_random	killed	suite:test_random
2258	engine_data	cnot1	killed	suite:test_kill_regs	killed	suite:test_kill_regs
2259	engine_data	const1	killed	suite:test_random	killed	suite:test_random
2260	engine_data	const0	killed	suite:test_legacy	killed	suite:test_legacy
2261	engine_data	cnot1	killed	suite:test_random	killed	suite:test_random
2262	engine_data	const1	killed	suite:test_protocols	killed	suite:test_protocols
2263	engine_data	cnot0	killed	suite:test_legacy	killed	suite:test_legacy
2264	engine_data	cnot1	survived		equivalent	miter-abc-900s
2265	engine_data	const0	killed	suite:test_legacy	killed	suite:test_legacy
2266	engine_data	const1	killed	suite:test_legacy	killed	suite:test_legacy
2267	engine_data	cnot0	killed	suite:test_legacy	killed	suite:test_legacy
2268	engine_data	const0	killed	suite:test_random	killed	suite:test_random
2269	engine_data	const0	killed	suite:test_random	killed	suite:test_random
2270	engine_data	const1	killed	suite:test_random	killed	suite:test_random
2271	engine_data	const0	killed	suite:test_random	killed	suite:test_random
2272	engine_data	const1	killed	suite:test_random	killed	suite:test_random
2273	engine_data	const1	killed	suite:test_random	killed	suite:test_random
2274	engine_data	const1	killed	suite:test_legacy	killed	suite:test_legacy
2275	engine_data	inv	killed	suite:test_legacy	killed	suite:test_legacy
2276	engine_data	inv	killed	suite:test_kill_regs	killed	suite:test_kill_regs
2277	engine_data	inv	killed	suite:test_random	killed	suite:test_random
2278	engine_data	const0	killed	suite:test_legacy	killed	suite:test_legacy
2279	engine_data	cnot1	killed	suite:test_directed	killed	suite:test_directed
2280	engine_data	const0	killed	suite:test_random	killed	suite:test_random
2281	engine_data	cnot0	killed	suite:test_random	killed	suite:test_random
2282	engine_data	const0	killed	suite:test_random	killed	suite:test_random
2283	engine_data	cnot1	killed	suite:test_random	killed	suite:test_random
2284	engine_data	const0	killed	suite:test_random	killed	suite:test_random
2285	engine_data	cnot0	killed	suite:test_random	killed	suite:test_random
2286	engine_data	cnot1	killed	suite:test_random	killed	suite:test_random
2287	engine_data	inv	killed	suite:test_protocols	killed	suite:test_protocols
2288	engine_data	inv	killed	suite:test_random	killed	suite:test_random
2289	engine_data	cnot1	killed	suite:test_random	killed	suite:test_random
2290	engine_data	const1	killed	suite:test_protocols	killed	suite:test_protocols
2291	engine_data	const0	killed	suite:test_legacy	killed	suite:test_legacy
2292	engine_data	const1	killed	suite:test_protocols	killed	suite:test_protocols
2293	engine_data	inv	killed	suite:test_smoke	killed	suite:test_smoke
2294	engine_data	cnot1	killed	suite:test_random	killed	suite:test_random
2295	engine_data	const0	survived		survived	
2296	engine_data	cnot0	killed	suite:test_legacy	killed	suite:test_legacy
2297	engine_data	const1	killed	suite:test_legacy	killed	suite:test_legacy
2298	engine_data	inv	killed	suite:test_protocols	killed	suite:test_protocols
2299	engine_data	inv	killed	suite:test_random	killed	suite:test_random
2300	engine_data	const0	survived		survived	
2301	engine_data	const0	killed	suite:test_kill_regs	killed	suite:test_kill_regs
2302	engine_data	const0	killed	suite:test_legacy	killed	suite:test_legacy
2303	engine_data	cnot0	killed	suite:test_protocols	killed	suite:test_protocols
2304	engine_data	cnot1	killed	suite:test_kill_regs	killed	suite:test_kill_regs
2305	engine_data	const0	killed	suite:test_kill_regs	killed	suite:test_kill_regs
2306	engine_data	cnot0	killed	suite:test_random	killed	suite:test_random
2307	engine_data	cnot0	killed	suite:test_legacy	killed	suite:test_legacy
2308	engine_data	inv	killed	suite:test_legacy	killed	suite:test_legacy
2309	engine_data	const1	killed	suite:test_protocols	killed	suite:test_protocols
2310	engine_data	cnot0	killed	suite:test_random	killed	suite:test_random
2311	engine_data	const1	killed	suite:test_legacy	killed	suite:test_legacy
2312	engine_data	cnot0	killed	suite:test_random	killed	suite:test_random
2313	engine_data	const0	killed	suite:test_random	killed	suite:test_random
2314	engine_data	inv	killed	suite:test_protocols	killed	suite:test_protocols
2315	engine_data	cnot1	killed	suite:test_legacy	killed	suite:test_legacy
2316	engine_data	const1	killed	suite:test_random	killed	suite:test_random
2317	engine_data	const1	killed	suite:test_random	killed	suite:test_random
2318	engine_data	cnot1	killed	suite:test_random	killed	suite:test_random
2319	engine_data	cnot1	killed	suite:test_kill_regs	killed	suite:test_kill_regs
2320	engine_data	inv	killed	suite:test_smoke	killed	suite:test_smoke
2321	engine_data	cnot1	killed	suite:test_random	killed	suite:test_random
2322	engine_data	const1	killed	suite:test_legacy	killed	suite:test_legacy
2323	engine_data	const1	killed	suite:test_legacy	killed	suite:test_legacy
2324	engine_data	inv	killed	suite:test_legacy	killed	suite:test_legacy
2325	engine_data	cnot1	killed	suite:test_legacy	killed	suite:test_legacy
2326	engine_data	const1	killed	suite:test_legacy	killed	suite:test_legacy
2327	engine_data	cnot0	killed	suite:test_legacy	killed	suite:test_legacy
2328	engine_data	cnot1	killed	suite:test_random	killed	suite:test_random
2329	engine_data	const1	killed	suite:test_legacy	killed	suite:test_legacy
2330	engine_data	const0	killed	suite:test_legacy	killed	suite:test_legacy
2331	engine_data	const1	killed	suite:test_legacy	killed	suite:test_legacy
2332	engine_data	const1	killed	suite:test_legacy	killed	suite:test_legacy
2333	engine_data	const1	killed	suite:test_smoke	killed	suite:test_smoke
2334	engine_data	const1	killed	suite:test_random	killed	suite:test_random
2335	engine_data	inv	killed	suite:test_random	killed	suite:test_random
2336	engine_data	cnot1	killed	suite:test_random	killed	suite:test_random
2337	engine_data	const1	killed	suite:test_legacy	killed	suite:test_legacy
2338	engine_data	const0	killed	suite:test_random	killed	suite:test_random
2339	engine_data	inv	killed	suite:test_random	killed	suite:test_random
2340	engine_data	cnot0	killed	suite:test_random	killed	suite:test_random
2341	engine_data	const1	killed	suite:test_random	killed	suite:test_random
2342	engine_data	cnot1	killed	suite:test_kill_regs	killed	suite:test_kill_regs
2343	engine_data	const0	killed	suite:test_kill_regs	killed	suite:test_kill_regs
2344	engine_data	const0	killed	suite:test_random	killed	suite:test_random
2345	engine_data	const0	killed	suite:test_random	killed	suite:test_random
2346	engine_data	cnot1	killed	suite:test_legacy	killed	suite:test_legacy
2347	engine_data	inv	killed	suite:test_random	killed	suite:test_random
2348	engine_data	cnot0	killed	suite:test_random	killed	suite:test_random
2349	engine_data	cnot1	killed	suite:test_random	killed	suite:test_random
2350	engine_data	cnot0	killed	suite:test_random	killed	suite:test_random
2351	engine_data	cnot0	killed	suite:test_random	killed	suite:test_random
2352	engine_data	inv	killed	suite:test_protocols	killed	suite:test_protocols
2353	engine_data	const0	killed	suite:test_random	killed	suite:test_random
2354	engine_data	cnot1	killed	suite:test_random	killed	suite:test_random
2355	engine_data	cnot1	survived		survived	
2356	engine_data	const0	killed	suite:test_legacy	killed	suite:test_legacy
2357	engine_data	cnot0	killed	suite:test_random	killed	suite:test_random
2358	engine_data	const1	killed	suite:test_random	killed	suite:test_random
2359	engine_data	cnot0	killed	suite:test_legacy	killed	suite:test_legacy
2360	engine_data	cnot0	killed	suite:test_random	killed	suite:test_random
2361	engine_data	cnot1	killed	suite:test_kill_regs	killed	suite:test_kill_regs
2362	engine_data	cnot0	killed	suite:test_random	killed	suite:test_random
2363	engine_data	inv	killed	suite:test_random	killed	suite:test_random
2364	engine_data	const0	killed	suite:test_random	killed	suite:test_random
2365	engine_data	inv	killed	suite:test_random	killed	suite:test_random
2366	engine_data	const1	killed	suite:test_protocols	killed	suite:test_protocols
2367	engine_data	cnot0	killed	suite:test_random	killed	suite:test_random
2368	engine_data	cnot0	killed	suite:test_random	killed	suite:test_random
2369	engine_data	cnot1	killed	suite:test_random	killed	suite:test_random
2370	engine_data	cnot0	killed	suite:test_protocols	killed	suite:test_protocols
2371	engine_data	inv	killed	suite:test_legacy	killed	suite:test_legacy
2372	engine_data	cnot1	killed	suite:test_legacy	killed	suite:test_legacy
2373	engine_data	cnot1	killed	suite:test_kill_regs	killed	suite:test_kill_regs
2374	engine_data	const0	killed	suite:test_random	killed	suite:test_random
2375	engine_data	inv	killed	suite:test_legacy	killed	suite:test_legacy
2376	engine_data	cnot0	killed	suite:test_legacy	killed	suite:test_legacy
2377	engine_data	cnot1	killed	suite:test_legacy	killed	suite:test_legacy
2378	engine_data	inv	killed	suite:test_protocols	killed	suite:test_protocols
2379	engine_data	cnot1	killed	suite:test_kill_regs	killed	suite:test_kill_regs
2380	engine_data	const0	killed	suite:test_kill_regs	killed	suite:test_kill_regs
2381	engine_data	cnot1	killed	suite:test_kill_regs	killed	suite:test_kill_regs
2382	engine_data	const1	killed	suite:test_random	killed	suite:test_random
2383	engine_data	cnot1	killed	suite:test_kill_regs	killed	suite:test_kill_regs
2384	engine_data	const1	killed	suite:test_protocols	killed	suite:test_protocols
2385	engine_data	inv	killed	suite:test_random	killed	suite:test_random
2386	engine_data	cnot0	killed	suite:test_random	killed	suite:test_random
2387	engine_data	cnot0	killed	suite:test_legacy	killed	suite:test_legacy
2388	engine_data	const1	killed	suite:test_kill_regs	killed	suite:test_kill_regs
2389	engine_data	const0	killed	suite:test_protocols	killed	suite:test_protocols
2390	engine_data	const1	killed	suite:test_random	killed	suite:test_random
2391	engine_data	const1	killed	suite:test_kill_regs	killed	suite:test_kill_regs
2392	engine_data	inv	killed	suite:test_kill_regs	killed	suite:test_kill_regs
2393	engine_data	cnot1	killed	suite:test_random	killed	suite:test_random
2394	engine_data	cnot1	killed	suite:test_random	killed	suite:test_random
2395	engine_data	cnot1	killed	suite:test_random	killed	suite:test_random
2396	engine_data	const1	killed	suite:test_random	killed	suite:test_random
2397	engine_data	const0	killed	suite:test_smoke	killed	suite:test_smoke
2398	engine_data	inv	killed	suite:test_random	killed	suite:test_random
2399	engine_data	cnot1	killed	suite:test_kill_regs	killed	suite:test_kill_regs
2400	engine_data	const1	killed	suite:test_random	killed	suite:test_random
2401	engine_data	const0	killed	suite:test_legacy	killed	suite:test_legacy
2402	engine_data	cnot0	killed	suite:test_random	killed	suite:test_random
2403	engine_data	inv	killed	suite:test_random	killed	suite:test_random
2404	engine_data	cnot1	killed	suite:test_kill_regs	killed	suite:test_kill_regs
2405	engine_data	inv	killed	suite:test_random	killed	suite:test_random
2406	engine_data	const0	killed	suite:test_random	killed	suite:test_random
2407	engine_data	const1	killed	suite:test_random	killed	suite:test_random
2408	engine_data	inv	killed	suite:test_legacy	killed	suite:test_legacy
2409	engine_data	cnot0	killed	suite:test_random	killed	suite:test_random
2410	engine_data	cnot1	killed	suite:test_kill_regs	killed	suite:test_kill_regs
2411	timestamp	const0	killed	suite:test_timewarp	killed	suite:test_timewarp
2412	timestamp	cnot0	killed	suite:test_random	killed	suite:test_random
2413	timestamp	const1	killed	suite:test_smoke	killed	suite:test_smoke
2414	timestamp	inv	killed	suite:test_smoke	killed	suite:test_smoke
2415	timestamp	const1	killed	suite:test_smoke	killed	suite:test_smoke
2416	timestamp	cnot0	killed	suite:test_legacy	killed	suite:test_legacy
2417	timestamp	inv	killed	suite:test_smoke	killed	suite:test_smoke
2418	timestamp	const0	killed	suite:test_counters	killed	suite:test_counters
2419	timestamp	const1	killed	suite:test_smoke	killed	suite:test_smoke
2420	timestamp	inv	killed	suite:test_random	killed	suite:test_random
