id	region	mode	status	how	status_longcap	how_longcap
1	engine_ctrl	const1	killed	suite:test_legacy	killed	suite:test_legacy
2	engine_ctrl	inv	killed	suite:test_random	killed	suite:test_random
3	engine_ctrl	inv	killed	suite:test_random	killed	suite:test_random
4	engine_ctrl	cnot0	killed	suite:test_counters	killed	suite:test_counters
5	engine_ctrl	const0	equivalent	equiv_induct	equivalent	equiv_induct
6	engine_ctrl	const1	killed	suite:test_smoke	killed	suite:test_smoke
7	engine_ctrl	const1	killed	suite:test_legacy	killed	suite:test_legacy
8	engine_ctrl	inv	killed	suite:test_protocols	killed	suite:test_protocols
9	engine_ctrl	cnot1	killed	suite:test_random	killed	suite:test_random
10	engine_ctrl	cnot1	killed	suite:test_random	killed	suite:test_random
11	engine_ctrl	inv	killed	suite:test_legacy	killed	suite:test_legacy
12	engine_ctrl	cnot1	killed	suite:test_timewarp	killed	suite:test_timewarp
13	engine_ctrl	cnot0	killed	suite:test_smoke	killed	suite:test_smoke
14	engine_ctrl	cnot0	killed	suite:test_protocols	killed	suite:test_protocols
15	engine_ctrl	cnot1	killed	suite:test_kill_pc	killed	suite:test_kill_pc
16	engine_ctrl	inv	killed	suite:test_protocols	killed	suite:test_protocols
17	engine_ctrl	cnot1	killed	suite:test_protocols	killed	suite:test_protocols
18	engine_ctrl	const0	equivalent	miter-abc	equivalent	miter-abc
19	engine_ctrl	const1	killed	suite:test_kill_blocked	killed	suite:test_kill_blocked
20	engine_ctrl	const1	killed	suite:test_protocols	killed	suite:test_protocols
21	engine_ctrl	cnot0	killed	suite:test_smoke	killed	suite:test_smoke
22	engine_ctrl	inv	killed	suite:test_smoke	killed	suite:test_smoke
23	engine_ctrl	const1	killed	suite:test_random	killed	suite:test_random
24	engine_ctrl	const1	killed	suite:test_random	killed	suite:test_random
25	engine_ctrl	cnot0	survived		survived	
26	engine_ctrl	cnot0	killed	suite:test_legacy	killed	suite:test_legacy
27	engine_ctrl	inv	killed	suite:test_legacy	killed	suite:test_legacy
28	engine_ctrl	cnot0	killed	suite:test_random	killed	suite:test_random
29	engine_ctrl	inv	killed	suite:test_smoke	killed	suite:test_smoke
30	engine_ctrl	cnot1	killed	suite:test_timewarp	killed	suite:test_timewarp
31	engine_ctrl	cnot0	killed	suite:test_random	killed	suite:test_random
32	engine_ctrl	cnot1	equivalent	equiv_induct	equivalent	equiv_induct
33	engine_ctrl	cnot1	killed	suite:test_counters	killed	suite:test_counters
34	engine_ctrl	const1	killed	suite:test_random	killed	suite:test_random
35	engine_ctrl	const1	killed	suite:test_smoke	killed	suite:test_smoke
36	engine_ctrl	cnot0	killed	suite:test_random	killed	suite:test_random
37	engine_ctrl	const1	killed	suite:test_random	killed	suite:test_random
38	engine_ctrl	const1	killed	suite:test_random	killed	suite:test_random
39	engine_ctrl	const0	killed	suite:test_random	killed	suite:test_random
40	engine_ctrl	cnot1	survived		survived	
41	engine_ctrl	const1	killed	suite:test_random	killed	suite:test_random
42	engine_ctrl	inv	killed	suite:test_smoke	killed	suite:test_smoke
43	engine_ctrl	inv	killed	suite:test_timewarp	killed	suite:test_timewarp
44	engine_ctrl	const0	killed	suite:test_legacy	killed	suite:test_legacy
45	engine_ctrl	cnot1	killed	suite:test_timewarp	killed	suite:test_timewarp
46	engine_ctrl	const0	equivalent	equiv_induct	equivalent	equiv_induct
47	engine_ctrl	const1	survived		survived	
48	engine_ctrl	inv	killed	suite:test_protocols	killed	suite:test_protocols
49	engine_ctrl	cnot1	killed	suite:test_legacy	killed	suite:test_legacy
50	engine_ctrl	cnot1	survived		survived	
51	engine_ctrl	cnot1	killed	suite:test_random	killed	suite:test_random
52	engine_ctrl	inv	killed	suite:test_random	killed	suite:test_random
53	engine_ctrl	cnot0	killed	suite:test_random	killed	suite:test_random
54	engine_ctrl	const1	killed	suite:test_protocols	killed	suite:test_protocols
55	engine_ctrl	inv	killed	suite:test_smoke	killed	suite:test_smoke
56	engine_ctrl	const1	killed	suite:test_legacy	killed	suite:test_legacy
57	engine_ctrl	cnot1	killed	suite:test_timewarp	killed	suite:test_timewarp
58	engine_ctrl	cnot0	killed	suite:test_protocols	killed	suite:test_protocols
59	engine_ctrl	cnot1	killed	suite:test_timewarp	killed	suite:test_timewarp
60	engine_ctrl	inv	killed	suite:test_random	killed	suite:test_random
61	engine_ctrl	const0	equivalent	equiv_induct	equivalent	equiv_induct
62	engine_ctrl	cnot1	survived		survived	
63	engine_ctrl	cnot1	killed	suite:test_directed	killed	suite:test_directed
64	engine_ctrl	inv	killed	suite:test_random	killed	suite:test_random
65	engine_ctrl	const0	equivalent	miter-abc	equivalent	miter-abc
66	engine_ctrl	inv	killed	suite:test_smoke	killed	suite:test_smoke
67	engine_ctrl	cnot1	killed	suite:test_kill_pc	killed	suite:test_kill_pc
68	engine_ctrl	cnot1	killed	suite:test_timewarp	killed	suite:test_timewarp
69	engine_ctrl	const0	killed	suite:test_random	killed	suite:test_random
70	engine_ctrl	const0	killed	suite:test_timewarp	killed	suite:test_timewarp
71	engine_ctrl	const0	killed	suite:test_random	killed	suite:test_random
72	engine_ctrl	const1	killed	suite:test_random	killed	suite:test_random
73	engine_ctrl	cnot1	killed	suite:test_random	killed	suite:test_random
74	engine_ctrl	inv	killed	suite:test_legacy	killed	suite:test_legacy
75	engine_ctrl	const1	killed	suite:test_legacy	killed	suite:test_legacy
76	engine_ctrl	const0	survived		survived	
77	engine_ctrl	const0	killed	suite:test_timewarp	killed	suite:test_timewarp
78	engine_ctrl	const0	killed	suite:test_legacy	killed	suite:test_legacy
79	engine_ctrl	const0	killed	suite:test_directed	killed	suite:test_directed
80	engine_ctrl	inv	killed	suite:test_directed	killed	suite:test_directed
81	engine_ctrl	inv	killed	suite:test_protocols	killed	suite:test_protocols
82	engine_ctrl	const0	killed	suite:test_random	killed	suite:test_random
83	engine_ctrl	cnot1	killed	suite:test_timewarp	killed	suite:test_timewarp
84	engine_ctrl	cnot1	equivalent	equiv_induct	equivalent	equiv_induct
85	engine_ctrl	inv	killed	suite:test_legacy	killed	suite:test_legacy
86	engine_ctrl	inv	killed	suite:test_random	killed	suite:test_random
87	engine_ctrl	inv	killed	suite:test_legacy	killed	suite:test_legacy
88	engine_ctrl	cnot1	killed	suite:test_timewarp	killed	suite:test_timewarp
89	engine_ctrl	const1	killed	suite:test_smoke	killed	suite:test_smoke
90	engine_ctrl	cnot0	killed	suite:test_legacy	killed	suite:test_legacy
91	engine_ctrl	cnot1	killed	suite:test_random	killed	suite:test_random
92	engine_ctrl	cnot1	survived		survived	
93	engine_ctrl	cnot0	killed	suite:test_protocols	killed	suite:test_protocols
94	engine_ctrl	const0	survived		survived	
95	engine_ctrl	const0	killed	suite:test_directed	killed	suite:test_directed
96	engine_ctrl	cnot0	killed	suite:test_random	killed	suite:test_random
97	engine_ctrl	const1	killed	suite:test_random	killed	suite:test_random
98	engine_ctrl	const1	killed	suite:test_directed	killed	suite:test_directed
99	engine_ctrl	cnot0	killed	suite:test_random	killed	suite:test_random
100	engine_ctrl	const1	killed	suite:test_protocols	killed	suite:test_protocols
101	engine_ctrl	inv	killed	suite:test_protocols	killed	suite:test_protocols
102	engine_ctrl	cnot1	equivalent	equiv_induct	equivalent	equiv_induct
103	engine_ctrl	cnot1	equivalent	equiv_induct	equivalent	equiv_induct
104	engine_ctrl	const0	killed	suite:test_timewarp	killed	suite:test_timewarp
105	engine_ctrl	cnot0	survived		survived	
106	engine_ctrl	cnot0	killed	suite:test_legacy	killed	suite:test_legacy
107	engine_ctrl	const1	killed	suite:test_kill_blocked	killed	suite:test_kill_blocked
108	engine_ctrl	cnot0	killed	suite:test_legacy	killed	suite:test_legacy
109	engine_ctrl	cnot0	killed	suite:test_random	killed	suite:test_random
110	engine_ctrl	inv	killed	suite:test_legacy	killed	suite:test_legacy
111	engine_ctrl	const1	killed	suite:test_legacy	killed	suite:test_legacy
112	engine_ctrl	inv	killed	suite:test_random	killed	suite:test_random
113	engine_ctrl	const0	survived		survived	
114	engine_ctrl	const1	killed	suite:test_smoke	killed	suite:test_smoke
115	engine_ctrl	const1	killed	suite:test_protocols	killed	suite:test_protocols
116	engine_ctrl	const0	killed	suite:test_counters	killed	suite:test_counters
117	engine_ctrl	const1	killed	suite:test_random	killed	suite:test_random
118	engine_ctrl	const1	survived		survived	
119	engine_ctrl	cnot1	equivalent	equiv_induct	equivalent	equiv_induct
120	engine_ctrl	cnot1	killed	suite:test_random	killed	suite:test_random
121	engine_ctrl	const1	killed	suite:test_protocols	killed	suite:test_protocols
122	engine_ctrl	inv	killed	suite:test_random	killed	suite:test_random
123	engine_ctrl	cnot0	killed	suite:test_random	killed	suite:test_random
124	engine_ctrl	const0	killed	suite:test_directed	killed	suite:test_directed
125	engine_ctrl	cnot0	killed	suite:test_random	killed	suite:test_random
126	engine_ctrl	cnot1	survived		survived	
127	engine_ctrl	const0	killed	suite:test_random	killed	suite:test_random
128	engine_ctrl	const1	killed	suite:test_random	killed	suite:test_random
129	engine_ctrl	inv	killed	suite:test_random	killed	suite:test_random
130	engine_ctrl	const1	killed	suite:test_random	killed	suite:test_random
131	engine_ctrl	cnot0	killed	suite:test_protocols	killed	suite:test_protocols
132	engine_ctrl	const1	killed	suite:test_kill_blocked	killed	suite:test_kill_blocked
133	engine_ctrl	inv	killed	suite:test_random	killed	suite:test_random
134	engine_ctrl	const1	killed	suite:test_random	killed	suite:test_random
135	engine_ctrl	inv	killed	suite:test_random	killed	suite:test_random
136	engine_ctrl	const1	killed	suite:test_random	killed	suite:test_random
137	engine_ctrl	const0	killed	suite:test_random	killed	suite:test_random
138	engine_ctrl	cnot1	killed	suite:test_timewarp	killed	suite:test_timewarp
139	engine_ctrl	const0	killed	suite:test_directed	killed	suite:test_directed
140	engine_ctrl	const0	killed	suite:test_counters	killed	suite:test_counters
141	engine_ctrl	const0	killed	suite:test_timewarp	killed	suite:test_timewarp
142	engine_ctrl	inv	killed	suite:test_random	killed	suite:test_random
143	engine_ctrl	const1	survived		equivalent	miter-abc-900s
144	engine_ctrl	cnot1	killed	suite:test_legacy	killed	suite:test_legacy
145	engine_ctrl	const0	killed	suite:test_directed	killed	suite:test_directed
146	engine_ctrl	const1	killed	suite:test_protocols	killed	suite:test_protocols
147	engine_ctrl	const0	killed	suite:test_random	killed	suite:test_random
148	engine_ctrl	inv	killed	suite:test_legacy	killed	suite:test_legacy
149	engine_ctrl	const0	killed	suite:test_kill_blocked	killed	suite:test_kill_blocked
150	engine_ctrl	const1	killed	suite:test_random	killed	suite:test_random
151	engine_ctrl	cnot0	killed	suite:test_smoke	killed	suite:test_smoke
152	engine_ctrl	const1	killed	suite:test_smoke	killed	suite:test_smoke
153	engine_ctrl	cnot0	killed	suite:test_smoke	killed	suite:test_smoke
154	engine_ctrl	cnot0	killed	suite:test_random	killed	suite:test_random
155	engine_ctrl	cnot1	equivalent	equiv_induct	equivalent	equiv_induct
156	engine_ctrl	const1	killed	suite:test_legacy	killed	suite:test_legacy
157	engine_ctrl	cnot1	killed	suite:test_timewarp	killed	suite:test_timewarp
158	engine_ctrl	const0	killed	suite:test_smoke	killed	suite:test_smoke
159	engine_ctrl	cnot1	killed	suite:test_timewarp	killed	suite:test_timewarp
160	engine_ctrl	const0	killed	suite:test_timewarp	killed	suite:test_timewarp
161	engine_ctrl	const0	killed	suite:test_smoke	killed	suite:test_smoke
162	engine_ctrl	inv	killed	suite:test_smoke	killed	suite:test_smoke
163	engine_ctrl	const1	killed	suite:test_random	killed	suite:test_random
164	engine_ctrl	const1	killed	suite:test_legacy	killed	suite:test_legacy
165	engine_ctrl	cnot1	killed	suite:test_random	killed	suite:test_random
166	engine_ctrl	cnot0	killed	suite:test_random	killed	suite:test_random
167	engine_ctrl	cnot0	killed	suite:test_random	killed	suite:test_random
168	engine_ctrl	const1	killed	suite:test_random	killed	suite:test_random
169	engine_ctrl	const0	killed	suite:test_directed	killed	suite:test_directed
170	engine_ctrl	const0	killed	suite:test_counters	killed	suite:test_counters
171	engine_ctrl	cnot1	killed	suite:test_directed	killed	suite:test_directed
172	engine_ctrl	const1	killed	suite:test_random	killed	suite:test_random
173	engine_ctrl	const0	killed	suite:test_timewarp	killed	suite:test_timewarp
174	engine_ctrl	cnot1	killed	suite:test_directed	killed	suite:test_directed
175	engine_ctrl	cnot1	killed	suite:test_timewarp	killed	suite:test_timewarp
176	engine_ctrl	cnot0	killed	suite:test_legacy	killed	suite:test_legacy
177	engine_ctrl	const1	killed	suite:test_smoke	killed	suite:test_smoke
178	engine_ctrl	inv	killed	suite:test_protocols	killed	suite:test_protocols
179	engine_ctrl	inv	killed	suite:test_protocols	killed	suite:test_protocols
180	engine_ctrl	inv	killed	suite:test_smoke	killed	suite:test_smoke
181	engine_ctrl	cnot0	killed	suite:test_legacy	killed	suite:test_legacy
182	engine_ctrl	const0	killed	suite:test_timewarp	killed	suite:test_timewarp
183	engine_ctrl	const1	killed	suite:test_random	killed	suite:test_random
184	engine_ctrl	const1	killed	suite:test_random	killed	suite:test_random
185	engine_ctrl	cnot1	killed	suite:test_timewarp	killed	suite:test_timewarp
186	engine_ctrl	const0	equivalent	equiv_induct	equivalent	equiv_induct
187	engine_ctrl	cnot0	killed	suite:test_protocols	killed	suite:test_protocols
188	engine_ctrl	const1	killed	suite:test_kill_blocked	killed	suite:test_kill_blocked
189	engine_ctrl	inv	survived		equivalent	miter-abc-900s
190	engine_ctrl	inv	killed	suite:test_smoke	killed	suite:test_smoke
191	engine_ctrl	inv	survived		survived	
192	engine_ctrl	cnot1	survived		survived	
193	engine_ctrl	cnot0	killed	suite:test_random	killed	suite:test_random
194	engine_ctrl	const0	killed	suite:test_random	killed	suite:test_random
195	engine_ctrl	cnot1	killed	suite:test_directed	killed	suite:test_directed
196	engine_ctrl	inv	killed	suite:test_kill_blocked	killed	suite:test_kill_blocked
197	engine_ctrl	cnot1	killed	suite:test_random	killed	suite:test_random
198	engine_ctrl	cnot0	killed	suite:test_smoke	killed	suite:test_smoke
199	engine_ctrl	inv	killed	suite:test_legacy	killed	suite:test_legacy
200	engine_ctrl	const1	killed	suite:test_protocols	killed	suite:test_protocols
201	engine_ctrl	cnot0	killed	suite:test_random	killed	suite:test_random
202	engine_ctrl	const1	killed	suite:test_smoke	killed	suite:test_smoke
203	engine_ctrl	cnot1	killed	suite:test_timewarp	killed	suite:test_timewarp
204	engine_ctrl	const0	killed	suite:test_counters	killed	suite:test_counters
205	engine_ctrl	cnot0	killed	suite:test_protocols	killed	suite:test_protocols
206	engine_ctrl	cnot0	killed	suite:test_legacy	killed	suite:test_legacy
207	engine_ctrl	const0	killed	suite:test_random	killed	suite:test_random
208	engine_ctrl	cnot0	killed	suite:test_random	killed	suite:test_random
209	engine_ctrl	const0	equivalent	equiv_induct	equivalent	equiv_induct
210	engine_ctrl	inv	killed	suite:test_protocols	killed	suite:test_protocols
211	engine_ctrl	const0	survived		survived	
212	engine_ctrl	const0	killed	suite:test_protocols	killed	suite:test_protocols
213	engine_ctrl	cnot0	killed	suite:test_protocols	killed	suite:test_protocols
214	engine_ctrl	const0	killed	suite:test_random	killed	suite:test_random
215	engine_ctrl	cnot1	killed	suite:test_timewarp	killed	suite:test_timewarp
216	engine_ctrl	const1	killed	suite:test_random	killed	suite:test_random
217	engine_ctrl	const0	killed	suite:test_timewarp	killed	suite:test_timewarp
218	engine_ctrl	const1	killed	suite:test_random	killed	suite:test_random
219	engine_ctrl	const1	killed	suite:test_smoke	killed	suite:test_smoke
220	engine_ctrl	inv	killed	suite:test_legacy	killed	suite:test_legacy
221	engine_ctrl	cnot1	killed	suite:test_kill_decode	killed	suite:test_kill_decode
222	engine_ctrl	const1	killed	suite:test_smoke	killed	suite:test_smoke
223	engine_ctrl	const0	killed	suite:test_smoke	killed	suite:test_smoke
224	engine_ctrl	const0	killed	suite:test_timewarp	killed	suite:test_timewarp
225	engine_ctrl	const0	killed	suite:test_kill_blocked	killed	suite:test_kill_blocked
226	engine_ctrl	const0	equivalent	miter-abc	equivalent	miter-abc
227	engine_ctrl	cnot1	killed	suite:test_random	killed	suite:test_random
228	engine_ctrl	const1	killed	suite:test_random	killed	suite:test_random
229	engine_ctrl	const1	killed	suite:test_random	killed	suite:test_random
230	engine_ctrl	cnot0	killed	suite:test_smoke	killed	suite:test_smoke
231	engine_ctrl	const0	killed	suite:test_directed	killed	suite:test_directed
232	engine_ctrl	cnot1	killed	suite:test_random	killed	suite:test_random
233	engine_ctrl	cnot1	survived		survived	
234	engine_ctrl	const0	killed	suite:test_counters	killed	suite:test_counters
235	engine_ctrl	const1	killed	suite:test_random	killed	suite:test_random
236	engine_ctrl	inv	killed	suite:test_protocols	killed	suite:test_protocols
237	engine_ctrl	const1	killed	suite:test_protocols	killed	suite:test_protocols
238	engine_ctrl	const0	killed	suite:test_random	killed	suite:test_random
239	engine_ctrl	const1	killed	suite:test_legacy	killed	suite:test_legacy
240	engine_ctrl	const1	killed	suite:test_timewarp	killed	suite:test_timewarp
241	engine_ctrl	const1	killed	suite:test_kill_blocked	killed	suite:test_kill_blocked
242	engine_ctrl	inv	killed	suite:test_random	killed	suite:test_random
243	engine_ctrl	cnot0	killed	suite:test_random	killed	suite:test_random
244	engine_ctrl	const0	killed	suite:test_random	killed	suite:test_random
245	engine_ctrl	const1	killed	suite:test_random	killed	suite:test_random
246	engine_ctrl	const1	killed	suite:test_directed	killed	suite:test_directed
247	engine_ctrl	inv	killed	suite:test_legacy	killed	suite:test_legacy
248	engine_ctrl	inv	killed	suite:test_random	killed	suite:test_random
249	engine_ctrl	const1	killed	suite:test_smoke	killed	suite:test_smoke
250	engine_ctrl	cnot0	killed	suite:test_smoke	killed	suite:test_smoke
251	engine_ctrl	const0	survived		equivalent	miter-abc-900s
252	engine_ctrl	const1	killed	suite:test_random	killed	suite:test_random
253	engine_ctrl	const0	killed	suite:test_smoke	killed	suite:test_smoke
254	engine_ctrl	cnot1	killed	suite:test_timewarp	killed	suite:test_timewarp
255	engine_ctrl	cnot1	killed	suite:test_random	killed	suite:test_random
256	engine_ctrl	const1	killed	suite:test_random	killed	suite:test_random
257	engine_ctrl	const0	killed	suite:test_timewarp	killed	suite:test_timewarp
258	engine_ctrl	cnot1	killed	suite:test_random	killed	suite:test_random
259	engine_ctrl	inv	killed	suite:test_smoke	killed	suite:test_smoke
260	engine_ctrl	cnot1	killed	suite:test_legacy	killed	suite:test_legacy
261	engine_ctrl	cnot1	survived		survived	
262	engine_ctrl	const0	equivalent	equiv_induct	equivalent	equiv_induct
263	engine_ctrl	const0	killed	suite:test_random	killed	suite:test_random
264	engine_ctrl	inv	killed	suite:test_legacy	killed	suite:test_legacy
265	engine_ctrl	const0	equivalent	equiv_induct	equivalent	equiv_induct
266	engine_ctrl	cnot1	killed	suite:test_kill_blocked	killed	suite:test_kill_blocked
267	engine_ctrl	cnot0	killed	suite:test_protocols	killed	suite:test_protocols
268	engine_ctrl	cnot1	killed	suite:test_directed	killed	suite:test_directed
269	engine_ctrl	const1	killed	suite:test_smoke	killed	suite:test_smoke
270	engine_ctrl	const1	killed	suite:test_smoke	killed	suite:test_smoke
271	engine_ctrl	const0	killed	suite:test_directed	killed	suite:test_directed
272	engine_ctrl	cnot0	killed	suite:test_legacy	killed	suite:test_legacy
273	engine_ctrl	cnot0	killed	suite:test_protocols	killed	suite:test_protocols
274	engine_ctrl	inv	killed	suite:test_protocols	killed	suite:test_protocols
275	engine_ctrl	const1	killed	suite:test_kill_blocked	killed	suite:test_kill_blocked
276	engine_ctrl	cnot1	killed	suite:test_timewarp	killed	suite:test_timewarp
277	engine_ctrl	const0	equivalent	equiv_induct	equivalent	equiv_induct
278	engine_ctrl	cnot0	killed	suite:test_protocols	killed	suite:test_protocols
279	engine_ctrl	const0	survived		survived	
280	engine_ctrl	inv	killed	suite:test_random	killed	suite:test_random
281	engine_ctrl	cnot1	killed	suite:test_random	killed	suite:test_random
282	engine_ctrl	const0	killed	suite:test_timewarp	killed	suite:test_timewarp
283	engine_ctrl	const0	killed	suite:test_random	killed	suite:test_random
284	engine_ctrl	const0	killed	suite:test_timewarp	killed	suite:test_timewarp
285	engine_ctrl	const0	survived		survived	
286	engine_ctrl	inv	killed	suite:test_legacy	killed	suite:test_legacy
287	engine_ctrl	cnot1	killed	suite:test_timewarp	killed	suite:test_timewarp
288	engine_ctrl	cnot0	killed	suite:test_random	killed	suite:test_random
289	engine_ctrl	cnot1	killed	suite:test_random	killed	suite:test_random
290	engine_ctrl	const1	killed	suite:test_random	killed	suite:test_random
291	engine_ctrl	const1	killed	suite:test_random	killed	suite:test_random
292	engine_ctrl	const1	killed	suite:test_random	killed	suite:test_random
293	engine_ctrl	cnot1	killed	suite:test_timewarp	killed	suite:test_timewarp
294	engine_ctrl	inv	killed	suite:test_random	killed	suite:test_random
295	engine_ctrl	cnot0	killed	suite:test_random	killed	suite:test_random
296	engine_ctrl	cnot0	killed	suite:test_smoke	killed	suite:test_smoke
297	engine_ctrl	cnot1	killed	suite:test_timewarp	killed	suite:test_timewarp
298	engine_ctrl	cnot0	killed	suite:test_smoke	killed	suite:test_smoke
299	engine_ctrl	const1	killed	suite:test_legacy	killed	suite:test_legacy
300	engine_ctrl	const1	killed	suite:test_random	killed	suite:test_random
301	engine_ctrl	inv	killed	suite:test_protocols	killed	suite:test_protocols
302	engine_ctrl	const0	killed	suite:test_directed	killed	suite:test_directed
303	engine_ctrl	const0	survived		survived	
304	engine_ctrl	inv	killed	suite:test_smoke	killed	suite:test_smoke
305	engine_ctrl	cnot1	killed	suite:test_random	killed	suite:test_random
306	engine_ctrl	inv	killed	suite:test_smoke	killed	suite:test_smoke
307	engine_ctrl	inv	killed	suite:test_protocols	killed	suite:test_protocols
308	engine_ctrl	const0	killed	suite:test_timewarp	killed	suite:test_timewarp
309	engine_ctrl	cnot1	killed	suite:test_directed	killed	suite:test_directed
310	engine_ctrl	cnot1	killed	suite:test_random	killed	suite:test_random
311	engine_ctrl	cnot1	killed	suite:test_kill_blocked	killed	suite:test_kill_blocked
312	engine_ctrl	const0	killed	suite:test_timewarp	killed	suite:test_timewarp
313	engine_ctrl	cnot1	killed	suite:test_timewarp	killed	suite:test_timewarp
314	engine_ctrl	const1	killed	suite:test_smoke	killed	suite:test_smoke
315	engine_ctrl	const0	killed	suite:test_timewarp	killed	suite:test_timewarp
316	engine_ctrl	cnot1	killed	suite:test_legacy	killed	suite:test_legacy
317	engine_ctrl	const0	killed	suite:test_counters	killed	suite:test_counters
318	engine_ctrl	const0	killed	suite:test_kill_regs	killed	suite:test_kill_regs
319	engine_ctrl	const1	killed	suite:test_random	killed	suite:test_random
320	engine_ctrl	const1	killed	suite:test_legacy	killed	suite:test_legacy
321	engine_ctrl	inv	killed	suite:test_smoke	killed	suite:test_smoke
322	engine_ctrl	const0	killed	suite:test_timewarp	killed	suite:test_timewarp
323	engine_ctrl	cnot1	killed	suite:test_timewarp	killed	suite:test_timewarp
324	engine_ctrl	cnot0	killed	suite:test_legacy	killed	suite:test_legacy
325	engine_ctrl	inv	survived		equivalent	miter-abc-900s
326	engine_ctrl	const0	killed	suite:test_timewarp	killed	suite:test_timewarp
327	engine_ctrl	const0	survived		survived	
328	engine_ctrl	inv	killed	suite:test_timewarp	killed	suite:test_timewarp
329	engine_ctrl	cnot1	killed	suite:test_directed	killed	suite:test_directed
330	engine_ctrl	cnot1	killed	suite:test_random	killed	suite:test_random
331	engine_ctrl	const1	killed	suite:test_protocols	killed	suite:test_protocols
332	engine_ctrl	const1	killed	suite:test_smoke	killed	suite:test_smoke
333	engine_ctrl	cnot1	killed	suite:test_random	killed	suite:test_random
334	engine_ctrl	const1	killed	suite:test_smoke	killed	suite:test_smoke
335	engine_ctrl	inv	killed	suite:test_random	killed	suite:test_random
336	engine_ctrl	const1	killed	suite:test_directed	killed	suite:test_directed
337	engine_ctrl	inv	killed	suite:test_protocols	killed	suite:test_protocols
338	engine_ctrl	cnot1	killed	suite:test_kill_blocked	killed	suite:test_kill_blocked
339	engine_ctrl	cnot0	killed	suite:test_smoke	killed	suite:test_smoke
340	engine_ctrl	inv	killed	suite:test_legacy	killed	suite:test_legacy
341	engine_ctrl	cnot0	killed	suite:test_directed	killed	suite:test_directed
342	engine_ctrl	cnot0	killed	suite:test_random	killed	suite:test_random
343	engine_ctrl	cnot0	killed	suite:test_smoke	killed	suite:test_smoke
344	engine_ctrl	cnot1	equivalent	equiv_induct	equivalent	equiv_induct
345	engine_ctrl	const1	killed	suite:test_smoke	killed	suite:test_smoke
346	engine_ctrl	const1	killed	suite:test_legacy	killed	suite:test_legacy
347	engine_ctrl	const1	killed	suite:test_kill_blocked	killed	suite:test_kill_blocked
348	engine_ctrl	const0	killed	suite:test_kill_blocked	killed	suite:test_kill_blocked
349	engine_ctrl	const0	killed	suite:test_timewarp	killed	suite:test_timewarp
350	engine_ctrl	const1	killed	suite:test_random	killed	suite:test_random
351	engine_ctrl	const1	killed	suite:test_smoke	killed	suite:test_smoke
352	engine_ctrl	cnot1	killed	suite:test_smoke	killed	suite:test_smoke
353	engine_ctrl	const1	killed	suite:test_random	killed	suite:test_random
354	engine_ctrl	inv	killed	suite:test_protocols	killed	suite:test_protocols
355	engine_ctrl	cnot1	killed	suite:test_random	killed	suite:test_random
356	engine_ctrl	cnot0	killed	suite:test_random	killed	suite:test_random
357	engine_ctrl	const0	survived		survived	
358	engine_ctrl	cnot0	killed	suite:test_smoke	killed	suite:test_smoke
359	engine_ctrl	const1	killed	suite:test_protocols	killed	suite:test_protocols
360	engine_ctrl	const1	killed	suite:test_smoke	killed	suite:test_smoke
361	engine_ctrl	const0	killed	suite:test_timewarp	killed	suite:test_timewarp
362	engine_ctrl	const0	killed	suite:test_directed	killed	suite:test_directed
363	engine_ctrl	const0	equivalent	miter-abc	equivalent	miter-abc
364	engine_ctrl	const0	killed	suite:test_timewarp	killed	suite:test_timewarp
365	engine_ctrl	const1	killed	suite:test_legacy	killed	suite:test_legacy
366	engine_ctrl	const1	killed	suite:test_random	killed	suite:test_random
367	engine_ctrl	cnot1	killed	suite:test_timewarp	killed	suite:test_timewarp
368	engine_ctrl	const0	killed	suite:test_kill_blocked	killed	suite:test_kill_blocked
369	engine_ctrl	inv	killed	suite:test_kill_blocked	killed	suite:test_kill_blocked
370	engine_ctrl	cnot0	killed	suite:test_random	killed	suite:test_random
371	engine_ctrl	const1	killed	suite:test_random	killed	suite:test_random
372	engine_ctrl	cnot0	killed	suite:test_random	killed	suite:test_random
373	engine_ctrl	const1	killed	suite:test_protocols	killed	suite:test_protocols
374	engine_ctrl	cnot0	killed	suite:test_random	killed	suite:test_random
375	engine_ctrl	const0	killed	suite:test_random	killed	suite:test_random
376	engine_ctrl	cnot0	killed	suite:test_legacy	killed	suite:test_legacy
377	engine_ctrl	inv	killed	suite:test_legacy	killed	suite:test_legacy
378	engine_ctrl	cnot1	killed	suite:test_random	killed	suite:test_random
379	engine_ctrl	const0	killed	suite:test_timewarp	killed	suite:test_timewarp
380	engine_ctrl	cnot0	killed	suite:test_protocols	killed	suite:test_protocols
381	engine_ctrl	const1	killed	suite:test_protocols	killed	suite:test_protocols
382	engine_ctrl	cnot0	killed	suite:test_random	killed	suite:test_random
383	engine_ctrl	const1	killed	suite:test_legacy	killed	suite:test_legacy
384	engine_ctrl	inv	killed	suite:test_smoke	killed	suite:test_smoke
385	engine_ctrl	const1	killed	suite:test_protocols	killed	suite:test_protocols
386	engine_ctrl	inv	killed	suite:test_random	killed	suite:test_random
387	engine_ctrl	cnot1	killed	suite:test_directed	killed	suite:test_directed
388	engine_ctrl	cnot0	killed	suite:test_kill_blocked	killed	suite:test_kill_blocked
389	engine_ctrl	const0	killed	suite:test_random	killed	suite:test_random
390	engine_ctrl	cnot1	survived		survived	
391	engine_ctrl	cnot1	equivalent	equiv_induct	equivalent	equiv_induct
392	engine_ctrl	inv	killed	suite:test_legacy	killed	suite:test_legacy
393	engine_ctrl	const1	killed	suite:test_directed	killed	suite:test_directed
394	engine_ctrl	inv	killed	suite:test_random	killed	suite:test_random
395	engine_ctrl	const0	killed	suite:test_random	killed	suite:test_random
396	engine_ctrl	const0	killed	suite:test_timewarp	killed	suite:test_timewarp
397	engine_ctrl	inv	killed	suite:test_protocols	killed	suite:test_protocols
398	engine_ctrl	cnot1	killed	suite:test_kill_host	killed	suite:test_kill_host
399	engine_ctrl	const1	killed	suite:test_timewarp	killed	suite:test_timewarp
400	engine_ctrl	const1	killed	suite:test_smoke	killed	suite:test_smoke
401	engine_ctrl	inv	killed	suite:test_smoke	killed	suite:test_smoke
402	engine_ctrl	inv	killed	suite:test_protocols	killed	suite:test_protocols
403	engine_ctrl	const1	killed	suite:test_smoke	killed	suite:test_smoke
404	engine_ctrl	inv	killed	suite:test_random	killed	suite:test_random
405	engine_ctrl	cnot1	killed	suite:test_protocols	killed	suite:test_protocols
406	engine_ctrl	const0	killed	suite:test_counters	killed	suite:test_counters
407	engine_ctrl	const0	killed	suite:test_random	killed	suite:test_random
408	engine_ctrl	const0	killed	suite:test_legacy	killed	suite:test_legacy
409	engine_ctrl	const0	killed	suite:test_smoke	killed	suite:test_smoke
410	engine_ctrl	const0	killed	suite:test_random	killed	suite:test_random
411	engine_ctrl	cnot0	killed	suite:test_random	killed	suite:test_random
412	engine_ctrl	cnot1	killed	suite:test_random	killed	suite:test_random
413	engine_ctrl	cnot0	killed	suite:test_legacy	killed	suite:test_legacy
414	engine_ctrl	cnot0	killed	suite:test_random	killed	suite:test_random
415	engine_ctrl	cnot0	killed	suite:test_protocols	killed	suite:test_protocols
416	engine_ctrl	const1	killed	suite:test_legacy	killed	suite:test_legacy
417	engine_ctrl	cnot0	killed	suite:test_kill_blocked	killed	suite:test_kill_blocked
418	engine_ctrl	cnot0	killed	suite:test_random	killed	suite:test_random
419	engine_ctrl	cnot1	killed	suite:test_kill_decode	killed	suite:test_kill_decode
420	engine_ctrl	const0	killed	suite:test_kill_blocked	killed	suite:test_kill_blocked
421	engine_ctrl	const0	survived		survived	
422	engine_ctrl	const1	killed	suite:test_random	killed	suite:test_random
423	engine_ctrl	const0	killed	suite:test_directed	killed	suite:test_directed
424	engine_ctrl	const0	killed	suite:test_timewarp	killed	suite:test_timewarp
425	engine_ctrl	inv	survived		equivalent	miter-abc-900s
426	engine_ctrl	cnot1	killed	suite:test_random	killed	suite:test_random
427	engine_ctrl	const0	equivalent	equiv_induct	equivalent	equiv_induct
428	engine_ctrl	inv	killed	suite:test_random	killed	suite:test_random
429	engine_ctrl	const0	killed	suite:test_timewarp	killed	suite:test_timewarp
430	engine_ctrl	cnot0	killed	suite:test_smoke	killed	suite:test_smoke
431	engine_ctrl	cnot0	killed	suite:test_smoke	killed	suite:test_smoke
432	engine_ctrl	inv	killed	suite:test_protocols	killed	suite:test_protocols
433	engine_ctrl	inv	killed	suite:test_random	killed	suite:test_random
434	engine_ctrl	cnot1	killed	suite:test_random	killed	suite:test_random
435	engine_ctrl	cnot0	killed	suite:test_legacy	killed	suite:test_legacy
436	engine_ctrl	cnot0	killed	suite:test_directed	killed	suite:test_directed
437	engine_ctrl	const0	killed	suite:test_kill_blocked	killed	suite:test_kill_blocked
438	engine_ctrl	cnot1	killed	suite:test_counters	killed	suite:test_counters
439	engine_ctrl	const0	equivalent	equiv_induct	equivalent	equiv_induct
440	engine_ctrl	const0	killed	suite:test_random	killed	suite:test_random
441	engine_ctrl	const1	killed	suite:test_protocols	killed	suite:test_protocols
442	engine_ctrl	cnot1	killed	suite:test_timewarp	killed	suite:test_timewarp
443	engine_ctrl	cnot1	killed	suite:test_protocols	killed	suite:test_protocols
444	engine_ctrl	cnot0	killed	suite:test_random	killed	suite:test_random
445	engine_ctrl	cnot0	killed	suite:test_smoke	killed	suite:test_smoke
446	engine_ctrl	cnot1	killed	suite:test_kill_blocked	killed	suite:test_kill_blocked
447	engine_ctrl	cnot1	killed	suite:test_timewarp	killed	suite:test_timewarp
448	engine_ctrl	const1	killed	suite:test_random	killed	suite:test_random
449	engine_ctrl	const0	killed	suite:test_timewarp	killed	suite:test_timewarp
450	engine_ctrl	cnot1	killed	suite:test_directed	killed	suite:test_directed
451	engine_ctrl	cnot1	killed	suite:test_directed	killed	suite:test_directed
452	engine_ctrl	inv	killed	suite:test_random	killed	suite:test_random
453	engine_ctrl	cnot1	killed	suite:test_timewarp	killed	suite:test_timewarp
454	engine_ctrl	const1	killed	suite:test_random	killed	suite:test_random
455	engine_ctrl	inv	killed	suite:test_smoke	killed	suite:test_smoke
456	engine_ctrl	inv	killed	suite:test_random	killed	suite:test_random
457	engine_ctrl	const0	killed	suite:test_timewarp	killed	suite:test_timewarp
458	engine_ctrl	cnot1	killed	suite:test_timewarp	killed	suite:test_timewarp
459	engine_ctrl	const1	killed	suite:test_random	killed	suite:test_random
460	engine_ctrl	const0	killed	suite:test_random	killed	suite:test_random
461	engine_ctrl	cnot0	killed	suite:test_random	killed	suite:test_random
462	engine_ctrl	cnot0	killed	suite:test_random	killed	suite:test_random
463	engine_ctrl	cnot1	killed	suite:test_directed	killed	suite:test_directed
464	engine_ctrl	cnot1	killed	suite:test_random	killed	suite:test_random
465	engine_ctrl	cnot1	killed	suite:test_protocols	killed	suite:test_protocols
466	engine_ctrl	inv	killed	suite:test_kill_blocked	killed	suite:test_kill_blocked
467	engine_ctrl	const0	killed	suite:test_timewarp	killed	suite:test_timewarp
468	engine_ctrl	cnot0	killed	suite:test_random	killed	suite:test_random
469	engine_ctrl	cnot1	killed	suite:test_directed	killed	suite:test_directed
470	engine_ctrl	cnot0	killed	suite:test_protocols	killed	suite:test_protocols
471	engine_ctrl	cnot0	killed	suite:test_directed	killed	suite:test_directed
472	engine_ctrl	const1	killed	suite:test_smoke	killed	suite:test_smoke
473	engine_ctrl	cnot0	killed	suite:test_smoke	killed	suite:test_smoke
474	engine_ctrl	const1	killed	suite:test_random	killed	suite:test_random
475	engine_ctrl	cnot1	killed	suite:test_timewarp	killed	suite:test_timewarp
476	engine_ctrl	cnot1	killed	suite:test_timewarp	killed	suite:test_timewarp
477	engine_ctrl	inv	killed	suite:test_random	killed	suite:test_random
478	engine_ctrl	cnot0	killed	suite:test_directed	killed	suite:test_directed
479	engine_ctrl	const1	killed	suite:test_protocols	killed	suite:test_protocols
480	engine_ctrl	inv	killed	suite:test_legacy	killed	suite:test_legacy
481	engine_ctrl	cnot1	killed	suite:test_directed	killed	suite:test_directed
482	engine_ctrl	inv	killed	suite:test_smoke	killed	suite:test_smoke
483	engine_ctrl	cnot1	killed	suite:test_kill_blocked	killed	suite:test_kill_blocked
484	engine_ctrl	cnot1	killed	suite:test_timewarp	killed	suite:test_timewarp
485	engine_ctrl	const1	killed	suite:test_protocols	killed	suite:test_protocols
486	engine_ctrl	cnot1	killed	suite:test_directed	killed	suite:test_directed
487	engine_ctrl	const1	killed	suite:test_random	killed	suite:test_random
488	engine_ctrl	const0	survived		equivalent	miter-abc-900s
489	engine_ctrl	const1	killed	suite:test_kill_blocked	killed	suite:test_kill_blocked
490	engine_ctrl	const0	killed	suite:test_random	killed	suite:test_random
491	engine_ctrl	const1	equivalent	equiv_induct	equivalent	equiv_induct
492	engine_ctrl	const1	killed	suite:test_smoke	killed	suite:test_smoke
493	engine_ctrl	inv	killed	suite:test_legacy	killed	suite:test_legacy
494	engine_ctrl	cnot1	equivalent	equiv_induct	equivalent	equiv_induct
495	engine_ctrl	cnot1	survived		equivalent	miter-abc-900s
496	engine_ctrl	cnot1	killed	suite:test_timewarp	killed	suite:test_timewarp
497	engine_ctrl	inv	killed	suite:test_smoke	killed	suite:test_smoke
498	engine_ctrl	const1	killed	suite:test_protocols	killed	suite:test_protocols
499	engine_ctrl	const1	killed	suite:test_random	killed	suite:test_random
500	engine_ctrl	const1	killed	suite:test_protocols	killed	suite:test_protocols
501	engine_ctrl	inv	killed	suite:test_smoke	killed	suite:test_smoke
502	engine_ctrl	cnot0	killed	suite:test_protocols	killed	suite:test_protocols
503	engine_ctrl	const1	killed	suite:test_random	killed	suite:test_random
504	engine_ctrl	const1	killed	suite:test_random	killed	suite:test_random
505	engine_ctrl	inv	killed	suite:test_protocols	killed	suite:test_protocols
506	engine_ctrl	const0	killed	suite:test_timewarp	killed	suite:test_timewarp
507	engine_ctrl	cnot0	killed	suite:test_random	killed	suite:test_random
508	engine_ctrl	const0	survived		survived	
509	engine_ctrl	cnot0	killed	suite:test_random	killed	suite:test_random
510	engine_ctrl	inv	killed	suite:test_protocols	killed	suite:test_protocols
511	engine_ctrl	inv	killed	suite:test_random	killed	suite:test_random
512	engine_ctrl	inv	killed	suite:test_kill_blocked	killed	suite:test_kill_blocked
513	engine_ctrl	cnot1	equivalent	equiv_induct	equivalent	equiv_induct
514	engine_ctrl	cnot1	killed	suite:test_directed	killed	suite:test_directed
515	engine_ctrl	const0	equivalent	equiv_induct	equivalent	equiv_induct
516	engine_ctrl	const0	killed	suite:test_timewarp	killed	suite:test_timewarp
517	engine_ctrl	inv	killed	suite:test_smoke	killed	suite:test_smoke
518	engine_ctrl	cnot1	killed	suite:test_random	killed	suite:test_random
519	engine_ctrl	const0	killed	suite:test_smoke	killed	suite:test_smoke
520	engine_ctrl	cnot0	killed	suite:test_random	killed	suite:test_random
521	engine_ctrl	cnot1	killed	suite:test_smoke	killed	suite:test_smoke
522	engine_ctrl	const1	equivalent	equiv_induct	equivalent	equiv_induct
523	engine_ctrl	cnot1	killed	suite:test_timewarp	killed	suite:test_timewarp
524	engine_ctrl	inv	killed	suite:test_random	killed	suite:test_random
525	engine_ctrl	const0	killed	suite:test_directed	killed	suite:test_directed
526	engine_ctrl	const1	killed	suite:test_random	killed	suite:test_random
527	engine_ctrl	const1	killed	suite:test_random	killed	suite:test_random
528	engine_ctrl	const0	survived		survived	
529	engine_ctrl	const0	killed	suite:test_random	killed	suite:test_random
530	engine_ctrl	inv	killed	suite:test_directed	killed	suite:test_directed
531	engine_ctrl	cnot0	survived		survived	
532	engine_ctrl	cnot1	survived		survived	
533	engine_ctrl	const1	killed	suite:test_smoke	killed	suite:test_smoke
534	engine_ctrl	cnot0	killed	suite:test_smoke	killed	suite:test_smoke
535	engine_ctrl	cnot0	killed	suite:test_protocols	killed	suite:test_protocols
536	engine_ctrl	const1	killed	suite:test_random	killed	suite:test_random
537	engine_ctrl	const0	killed	suite:test_directed	killed	suite:test_directed
538	engine_ctrl	const0	killed	suite:test_timewarp	killed	suite:test_timewarp
539	engine_ctrl	cnot1	killed	suite:test_kill_blocked	killed	suite:test_kill_blocked
540	engine_ctrl	cnot0	killed	suite:test_legacy	killed	suite:test_legacy
541	engine_ctrl	const0	killed	suite:test_protocols	killed	suite:test_protocols
542	engine_ctrl	const1	killed	suite:test_random	killed	suite:test_random
543	engine_ctrl	const0	killed	suite:test_timewarp	killed	suite:test_timewarp
544	engine_ctrl	const1	killed	suite:test_protocols	killed	suite:test_protocols
545	engine_ctrl	cnot1	killed	suite:test_random	killed	suite:test_random
546	engine_ctrl	cnot0	killed	suite:test_smoke	killed	suite:test_smoke
547	engine_ctrl	cnot1	killed	suite:test_legacy	killed	suite:test_legacy
548	engine_ctrl	inv	killed	suite:test_legacy	killed	suite:test_legacy
549	engine_ctrl	cnot1	killed	suite:test_random	killed	suite:test_random
550	engine_ctrl	cnot0	killed	suite:test_random	killed	suite:test_random
551	host	inv	killed	suite:test_smoke	killed	suite:test_smoke
552	host	cnot1	equivalent	equiv_induct	equivalent	equiv_induct
553	host	inv	killed	suite:test_smoke	killed	suite:test_smoke
554	host	const1	killed	suite:test_kill_host	killed	suite:test_kill_host
555	host	const1	killed	suite:test_random	killed	suite:test_random
556	host	const0	killed	suite:test_smoke	killed	suite:test_smoke
557	host	inv	killed	suite:test_smoke	killed	suite:test_smoke
558	host	cnot1	equivalent	equiv_induct	equivalent	equiv_induct
559	host	cnot0	killed	suite:test_smoke	killed	suite:test_smoke
560	host	const0	equivalent	equiv_induct	equivalent	equiv_induct
561	host	cnot1	equivalent	equiv_induct	equivalent	equiv_induct
562	host	const0	killed	suite:test_smoke	killed	suite:test_smoke
563	host	inv	killed	suite:test_smoke	killed	suite:test_smoke
564	host	cnot1	killed	suite:test_protocols	killed	suite:test_protocols
565	host	inv	survived		survived	
566	host	const1	killed	suite:test_random	killed	suite:test_random
567	host	cnot1	killed	suite:test_random	killed	suite:test_random
568	host	cnot0	killed	suite:test_random	killed	suite:test_random
569	host	const0	killed	suite:test_smoke	killed	suite:test_smoke
570	host	inv	survived		survived	
571	host	inv	killed	suite:test_smoke	killed	suite:test_smoke
572	host	const1	killed	suite:test_smoke	killed	suite:test_smoke
573	host	inv	killed	suite:test_legacy	killed	suite:test_legacy
574	host	inv	killed	suite:test_smoke	killed	suite:test_smoke
575	host	inv	killed	suite:test_random	killed	suite:test_random
576	host	inv	killed	suite:test_smoke	killed	suite:test_smoke
577	host	const0	killed	suite:test_smoke	killed	suite:test_smoke
578	host	const1	killed	suite:test_smoke	killed	suite:test_smoke
579	host	const0	killed	suite:test_smoke	killed	suite:test_smoke
580	host	cnot1	killed	suite:test_timewarp	killed	suite:test_timewarp
581	host	const1	killed	suite:test_random	killed	suite:test_random
582	host	const1	killed	suite:test_smoke	killed	suite:test_smoke
583	host	inv	killed	suite:test_legacy	killed	suite:test_legacy
584	host	inv	killed	suite:test_smoke	killed	suite:test_smoke
585	host	inv	killed	suite:test_smoke	killed	suite:test_smoke
586	host	const1	killed	suite:test_smoke	killed	suite:test_smoke
587	host	inv	killed	suite:test_smoke	killed	suite:test_smoke
588	host	cnot1	killed	suite:test_legacy	killed	suite:test_legacy
589	host	const1	killed	suite:test_smoke	killed	suite:test_smoke
590	host	inv	killed	suite:test_smoke	killed	suite:test_smoke
591	host	cnot0	killed	suite:test_smoke	killed	suite:test_smoke
592	host	const1	killed	suite:test_smoke	killed	suite:test_smoke
593	host	const1	killed	suite:test_random	killed	suite:test_random
594	host	const0	killed	suite:test_smoke	killed	suite:test_smoke
595	host	const0	killed	suite:test_smoke	killed	suite:test_smoke
596	host	cnot0	killed	suite:test_smoke	killed	suite:test_smoke
597	host	const1	killed	suite:test_smoke	killed	suite:test_smoke
598	host	const0	equivalent	equiv_induct	equivalent	equiv_induct
599	host	const1	killed	suite:test_smoke	killed	suite:test_smoke
600	host	cnot1	equivalent	equiv_induct	equivalent	equiv_induct
601	host	cnot1	killed	suite:test_smoke	killed	suite:test_smoke
602	host	const1	killed	suite:test_smoke	killed	suite:test_smoke
603	host	const1	killed	suite:test_smoke	killed	suite:test_smoke
604	host	inv	killed	suite:test_random	killed	suite:test_random
605	host	const0	killed	suite:test_legacy	killed	suite:test_legacy
606	host	inv	killed	suite:test_smoke	killed	suite:test_smoke
607	host	inv	killed	suite:test_random	killed	suite:test_random
608	host	const0	killed	suite:test_kill_host	killed	suite:test_kill_host
609	host	const0	killed	suite:test_smoke	killed	suite:test_smoke
610	host	inv	killed	suite:test_smoke	killed	suite:test_smoke
611	host	cnot0	killed	suite:test_smoke	killed	suite:test_smoke
612	host	cnot0	killed	suite:test_smoke	killed	suite:test_smoke
613	host	cnot0	killed	suite:test_smoke	killed	suite:test_smoke
614	host	const0	killed	suite:test_timewarp	killed	suite:test_timewarp
615	host	const1	killed	suite:test_protocols	killed	suite:test_protocols
616	host	const1	equivalent	equiv_induct	equivalent	equiv_induct
617	host	inv	killed	suite:test_smoke	killed	suite:test_smoke
618	host	inv	survived		survived	
619	host	const0	killed	suite:test_smoke	killed	suite:test_smoke
620	host	const1	killed	suite:test_smoke	killed	suite:test_smoke
621	host	const1	killed	suite:test_random	killed	suite:test_random
622	host	cnot1	equivalent	equiv_induct	equivalent	equiv_induct
623	host	cnot0	killed	suite:test_smoke	killed	suite:test_smoke
624	host	const1	killed	suite:test_smoke	killed	suite:test_smoke
625	host	const0	equivalent	equiv_induct	equivalent	equiv_induct
626	host	cnot1	killed	suite:test_legacy	killed	suite:test_legacy
627	host	cnot1	killed	suite:test_protocols	killed	suite:test_protocols
628	host	const1	killed	suite:test_smoke	killed	suite:test_smoke
629	host	const0	killed	suite:test_smoke	killed	suite:test_smoke
630	host	const1	killed	suite:test_smoke	killed	suite:test_smoke
631	host	const1	killed	suite:test_random	killed	suite:test_random
632	host	inv	killed	suite:test_smoke	killed	suite:test_smoke
633	host	inv	killed	suite:test_random	killed	suite:test_random
634	host	const0	killed	suite:test_smoke	killed	suite:test_smoke
635	host	const0	killed	suite:test_legacy	killed	suite:test_legacy
636	host	const1	killed	suite:test_smoke	killed	suite:test_smoke
637	host	inv	killed	suite:test_legacy	killed	suite:test_legacy
638	host	inv	killed	suite:test_smoke	killed	suite:test_smoke
639	host	cnot0	killed	suite:test_flagship	killed	suite:test_flagship
640	host	const1	killed	suite:test_smoke	killed	suite:test_smoke
641	host	const0	killed	suite:test_smoke	killed	suite:test_smoke
642	host	cnot1	killed	suite:test_kill_host	killed	suite:test_kill_host
643	host	const1	killed	suite:test_smoke	killed	suite:test_smoke
644	host	inv	killed	suite:test_smoke	killed	suite:test_smoke
645	host	cnot1	equivalent	equiv_induct	equivalent	equiv_induct
646	host	cnot0	killed	suite:test_smoke	killed	suite:test_smoke
647	host	const0	killed	suite:test_smoke	killed	suite:test_smoke
648	host	const0	killed	suite:test_smoke	killed	suite:test_smoke
649	host	const1	killed	suite:test_smoke	killed	suite:test_smoke
650	host	cnot0	killed	suite:test_smoke	killed	suite:test_smoke
651	host	const1	killed	suite:test_smoke	killed	suite:test_smoke
652	host	const1	killed	suite:test_smoke	killed	suite:test_smoke
653	host	inv	killed	suite:test_smoke	killed	suite:test_smoke
654	host	const1	killed	suite:test_smoke	killed	suite:test_smoke
655	host	cnot0	killed	suite:test_smoke	killed	suite:test_smoke
656	host	const1	killed	suite:test_smoke	killed	suite:test_smoke
657	host	cnot0	killed	suite:test_random	killed	suite:test_random
658	host	inv	killed	suite:test_smoke	killed	suite:test_smoke
659	host	cnot1	killed	suite:test_legacy	killed	suite:test_legacy
660	host	inv	killed	suite:test_smoke	killed	suite:test_smoke
661	host	cnot1	killed	suite:test_legacy	killed	suite:test_legacy
662	host	const0	killed	suite:test_legacy	killed	suite:test_legacy
663	host	const0	equivalent	miter-abc	equivalent	miter-abc
664	host	cnot0	killed	suite:test_legacy	killed	suite:test_legacy
665	host	const0	equivalent	equiv_induct	equivalent	equiv_induct
666	host	inv	killed	suite:test_smoke	killed	suite:test_smoke
667	host	const1	killed	suite:test_smoke	killed	suite:test_smoke
668	host	inv	killed	suite:test_smoke	killed	suite:test_smoke
669	host	inv	killed	suite:test_smoke	killed	suite:test_smoke
670	host	cnot0	killed	suite:test_smoke	killed	suite:test_smoke
671	host	inv	killed	suite:test_smoke	killed	suite:test_smoke
672	host	const1	killed	suite:test_smoke	killed	suite:test_smoke
673	host	inv	killed	suite:test_smoke	killed	suite:test_smoke
674	host	inv	survived		survived	
675	host	const0	equivalent	equiv_induct	equivalent	equiv_induct
676	host	inv	killed	suite:test_random	killed	suite:test_random
677	host	inv	killed	suite:test_smoke	killed	suite:test_smoke
678	host	cnot1	killed	suite:test_smoke	killed	suite:test_smoke
679	host	cnot1	killed	suite:test_protocols	killed	suite:test_protocols
680	host	const0	killed	suite:test_smoke	killed	suite:test_smoke
681	host	const1	killed	suite:test_smoke	killed	suite:test_smoke
682	host	cnot1	equivalent	equiv_induct	equivalent	equiv_induct
683	host	const1	killed	suite:test_smoke	killed	suite:test_smoke
684	host	inv	killed	suite:test_smoke	killed	suite:test_smoke
685	host	inv	killed	suite:test_smoke	killed	suite:test_smoke
686	host	inv	killed	suite:test_smoke	killed	suite:test_smoke
687	host	inv	killed	suite:test_smoke	killed	suite:test_smoke
688	host	inv	killed	suite:test_smoke	killed	suite:test_smoke
689	host	const1	killed	suite:test_smoke	killed	suite:test_smoke
690	host	inv	killed	suite:test_smoke	killed	suite:test_smoke
691	host	const1	killed	suite:test_random	killed	suite:test_random
692	host	const1	killed	suite:test_smoke	killed	suite:test_smoke
693	host	const0	killed	suite:test_smoke	killed	suite:test_smoke
694	host	const1	killed	suite:test_smoke	killed	suite:test_smoke
695	host	const0	killed	suite:test_smoke	killed	suite:test_smoke
696	host	const0	killed	suite:test_directed	killed	suite:test_directed
697	host	cnot1	equivalent	equiv_induct	equivalent	equiv_induct
698	host	inv	killed	suite:test_smoke	killed	suite:test_smoke
699	host	const1	killed	suite:test_smoke	killed	suite:test_smoke
700	host	inv	killed	suite:test_smoke	killed	suite:test_smoke
701	host	const1	killed	suite:test_smoke	killed	suite:test_smoke
702	host	const1	killed	suite:test_smoke	killed	suite:test_smoke
703	host	cnot1	killed	suite:test_random	killed	suite:test_random
704	host	cnot1	equivalent	equiv_induct	equivalent	equiv_induct
705	host	cnot1	killed	suite:test_kill_host	killed	suite:test_kill_host
706	host	const0	killed	suite:test_smoke	killed	suite:test_smoke
707	host	const1	killed	suite:test_random	killed	suite:test_random
708	host	const1	killed	suite:test_smoke	killed	suite:test_smoke
709	host	cnot0	killed	suite:test_protocols	killed	suite:test_protocols
710	host	cnot0	killed	suite:test_smoke	killed	suite:test_smoke
711	host	const0	equivalent	equiv_induct	equivalent	equiv_induct
712	host	const0	killed	suite:test_smoke	killed	suite:test_smoke
713	host	const0	killed	suite:test_smoke	killed	suite:test_smoke
714	host	inv	killed	suite:test_smoke	killed	suite:test_smoke
715	host	cnot1	killed	suite:test_protocols	killed	suite:test_protocols
716	host	cnot0	killed	suite:test_smoke	killed	suite:test_smoke
717	host	inv	survived		survived	
718	host	inv	killed	suite:test_random	killed	suite:test_random
719	host	const0	killed	suite:test_smoke	killed	suite:test_smoke
720	host	const1	killed	suite:test_smoke	killed	suite:test_smoke
721	host	inv	killed	suite:test_smoke	killed	suite:test_smoke
722	host	cnot1	equivalent	equiv_induct	equivalent	equiv_induct
723	host	inv	killed	suite:test_smoke	killed	suite:test_smoke
724	host	inv	killed	suite:test_smoke	killed	suite:test_smoke
725	host	const0	killed	suite:test_smoke	killed	suite:test_smoke
726	host	inv	killed	suite:test_random	killed	suite:test_random
727	host	cnot1	killed	suite:test_kill_host	killed	suite:test_kill_host
728	host	const1	killed	suite:test_smoke	killed	suite:test_smoke
729	host	const0	killed	suite:test_kill_host	killed	suite:test_kill_host
730	host	inv	killed	suite:test_smoke	killed	suite:test_smoke
731	host	cnot0	killed	suite:test_smoke	killed	suite:test_smoke
732	host	const1	killed	suite:test_random	killed	suite:test_random
733	host	inv	killed	suite:test_smoke	killed	suite:test_smoke
734	host	const1	killed	suite:test_random	killed	suite:test_random
735	host	const1	killed	suite:test_smoke	killed	suite:test_smoke
736	host	cnot1	equivalent	equiv_induct	equivalent	equiv_induct
737	host	inv	killed	suite:test_smoke	killed	suite:test_smoke
738	host	const1	killed	suite:test_random	killed	suite:test_random
739	host	const1	killed	suite:test_random	killed	suite:test_random
740	host	const1	killed	suite:test_random	killed	suite:test_random
741	host	inv	killed	suite:test_smoke	killed	suite:test_smoke
742	host	const1	killed	suite:test_random	killed	suite:test_random
743	host	const0	killed	suite:test_smoke	killed	suite:test_smoke
744	host	inv	killed	suite:test_random	killed	suite:test_random
745	host	inv	killed	suite:test_smoke	killed	suite:test_smoke
746	host	const1	killed	suite:test_random	killed	suite:test_random
747	host	cnot1	equivalent	equiv_induct	equivalent	equiv_induct
748	host	inv	killed	suite:test_smoke	killed	suite:test_smoke
749	host	cnot1	equivalent	equiv_induct	equivalent	equiv_induct
750	host	inv	killed	suite:test_legacy	killed	suite:test_legacy
751	host	const1	killed	suite:test_legacy	killed	suite:test_legacy
752	host	const0	equivalent	equiv_induct	equivalent	equiv_induct
753	host	inv	killed	suite:test_smoke	killed	suite:test_smoke
754	host	const1	killed	suite:test_random	killed	suite:test_random
755	host	cnot1	killed	suite:test_random	killed	suite:test_random
756	host	inv	killed	suite:test_smoke	killed	suite:test_smoke
757	host	const1	killed	suite:test_random	killed	suite:test_random
758	host	const1	killed	suite:test_smoke	killed	suite:test_smoke
759	host	inv	killed	suite:test_smoke	killed	suite:test_smoke
760	host	const1	killed	suite:test_random	killed	suite:test_random
761	host	inv	killed	suite:test_smoke	killed	suite:test_smoke
762	host	const0	killed	suite:test_smoke	killed	suite:test_smoke
763	host	cnot1	killed	suite:test_smoke	killed	suite:test_smoke
764	host	const0	killed	suite:test_smoke	killed	suite:test_smoke
765	host	cnot0	killed	suite:test_protocols	killed	suite:test_protocols
766	host	const0	killed	suite:test_smoke	killed	suite:test_smoke
767	host	cnot1	killed	suite:test_legacy	killed	suite:test_legacy
768	host	inv	killed	suite:test_legacy	killed	suite:test_legacy
769	host	const0	killed	suite:test_smoke	killed	suite:test_smoke
770	host	inv	killed	suite:test_legacy	killed	suite:test_legacy
771	host	inv	killed	suite:test_smoke	killed	suite:test_smoke
772	host	cnot1	killed	suite:test_legacy	killed	suite:test_legacy
773	host	inv	killed	suite:test_smoke	killed	suite:test_smoke
774	host	inv	killed	suite:test_smoke	killed	suite:test_smoke
775	host	const0	killed	suite:test_smoke	killed	suite:test_smoke
776	host	inv	killed	suite:test_smoke	killed	suite:test_smoke
777	host	cnot0	killed	suite:test_smoke	killed	suite:test_smoke
778	host	inv	killed	suite:test_smoke	killed	suite:test_smoke
779	host	inv	killed	suite:test_random	killed	suite:test_random
780	host	const1	equivalent	equiv_induct	equivalent	equiv_induct
781	host	const0	killed	suite:test_legacy	killed	suite:test_legacy
782	host	const1	killed	suite:test_smoke	killed	suite:test_smoke
783	host	const1	killed	suite:test_smoke	killed	suite:test_smoke
784	host	const0	killed	suite:test_random	killed	suite:test_random
785	host	inv	killed	suite:test_legacy	killed	suite:test_legacy
786	host	inv	killed	suite:test_smoke	killed	suite:test_smoke
787	host	cnot0	killed	suite:test_smoke	killed	suite:test_smoke
788	host	inv	killed	suite:test_smoke	killed	suite:test_smoke
789	host	const0	killed	suite:test_smoke	killed	suite:test_smoke
790	host	inv	killed	suite:test_smoke	killed	suite:test_smoke
791	host	const1	killed	suite:test_smoke	killed	suite:test_smoke
792	host	const0	killed	suite:test_smoke	killed	suite:test_smoke
793	host	inv	killed	suite:test_smoke	killed	suite:test_smoke
794	host	inv	killed	suite:test_smoke	killed	suite:test_smoke
795	host	const0	killed	suite:test_random	killed	suite:test_random
796	host	inv	killed	suite:test_random	killed	suite:test_random
797	host	const0	killed	suite:test_random	killed	suite:test_random
798	host	cnot1	killed	suite:test_legacy	killed	suite:test_legacy
799	host	const1	killed	suite:test_smoke	killed	suite:test_smoke
800	host	const0	killed	suite:test_smoke	killed	suite:test_smoke
801	host	inv	killed	suite:test_smoke	killed	suite:test_smoke
802	host	inv	killed	suite:test_smoke	killed	suite:test_smoke
803	host	const1	killed	suite:test_smoke	killed	suite:test_smoke
804	host	const0	killed	suite:test_random	killed	suite:test_random
805	host	inv	killed	suite:test_smoke	killed	suite:test_smoke
806	host	const0	killed	suite:test_smoke	killed	suite:test_smoke
807	host	const0	killed	suite:test_smoke	killed	suite:test_smoke
808	host	cnot0	killed	suite:test_smoke	killed	suite:test_smoke
809	host	inv	killed	suite:test_smoke	killed	suite:test_smoke
810	host	inv	killed	suite:test_smoke	killed	suite:test_smoke
811	host	const0	killed	suite:test_smoke	killed	suite:test_smoke
812	host	const0	killed	suite:test_protocols	killed	suite:test_protocols
813	host	const1	killed	suite:test_smoke	killed	suite:test_smoke
814	host	inv	killed	suite:test_smoke	killed	suite:test_smoke
815	host	const1	killed	suite:test_random	killed	suite:test_random
816	host	const0	killed	suite:test_random	killed	suite:test_random
817	host	const1	killed	suite:test_smoke	killed	suite:test_smoke
818	host	const0	killed	suite:test_kill_host	killed	suite:test_kill_host
819	host	const1	killed	suite:test_smoke	killed	suite:test_smoke
820	host	const0	killed	suite:test_smoke	killed	suite:test_smoke
821	host	inv	killed	suite:test_smoke	killed	suite:test_smoke
822	host	cnot0	killed	suite:test_smoke	killed	suite:test_smoke
823	host	inv	killed	suite:test_smoke	killed	suite:test_smoke
824	host	const1	killed	suite:test_smoke	killed	suite:test_smoke
825	host	const1	killed	suite:test_kill_edges	killed	suite:test_kill_edges
826	host	const0	killed	suite:test_smoke	killed	suite:test_smoke
827	host	inv	killed	suite:test_smoke	killed	suite:test_smoke
828	host	inv	killed	suite:test_smoke	killed	suite:test_smoke
829	host	cnot1	equivalent	equiv_induct	equivalent	equiv_induct
830	host	inv	killed	suite:test_smoke	killed	suite:test_smoke
831	host	const1	killed	suite:test_smoke	killed	suite:test_smoke
832	host	const0	equivalent	equiv_induct	equivalent	equiv_induct
833	host	const1	killed	suite:test_mover	killed	suite:test_mover
834	host	const0	killed	suite:test_smoke	killed	suite:test_smoke
835	host	const0	killed	suite:test_legacy	killed	suite:test_legacy
836	host	const0	killed	suite:test_smoke	killed	suite:test_smoke
837	host	const0	killed	suite:test_smoke	killed	suite:test_smoke
838	host	cnot1	killed	suite:test_smoke	killed	suite:test_smoke
839	host	inv	killed	suite:test_smoke	killed	suite:test_smoke
840	host	inv	killed	suite:test_smoke	killed	suite:test_smoke
841	host	const0	killed	suite:test_smoke	killed	suite:test_smoke
842	host	const0	killed	suite:test_legacy	killed	suite:test_legacy
843	host	const0	killed	suite:test_legacy	killed	suite:test_legacy
844	host	const0	killed	suite:test_legacy	killed	suite:test_legacy
845	host	inv	killed	suite:test_legacy	killed	suite:test_legacy
846	host	const1	killed	suite:test_random	killed	suite:test_random
847	host	const1	killed	suite:test_smoke	killed	suite:test_smoke
848	host	const1	killed	suite:test_legacy	killed	suite:test_legacy
849	host	const1	killed	suite:test_smoke	killed	suite:test_smoke
850	host	inv	killed	suite:test_smoke	killed	suite:test_smoke
851	host	cnot0	equivalent	equiv_induct	equivalent	equiv_induct
852	host	cnot1	killed	suite:test_directed	killed	suite:test_directed
853	host	const0	killed	suite:test_smoke	killed	suite:test_smoke
854	host	const1	killed	suite:test_smoke	killed	suite:test_smoke
855	host	cnot1	equivalent	equiv_induct	equivalent	equiv_induct
856	host	const0	killed	suite:test_kill_blocked	killed	suite:test_kill_blocked
857	host	const0	killed	suite:test_smoke	killed	suite:test_smoke
858	host	inv	killed	suite:test_smoke	killed	suite:test_smoke
859	host	inv	killed	suite:test_smoke	killed	suite:test_smoke
860	host	const0	killed	suite:test_protocols	killed	suite:test_protocols
861	host	const0	equivalent	equiv_induct	equivalent	equiv_induct
862	host	inv	killed	suite:test_smoke	killed	suite:test_smoke
863	host	inv	killed	suite:test_random	killed	suite:test_random
864	host	inv	killed	suite:test_smoke	killed	suite:test_smoke
865	host	inv	killed	suite:test_smoke	killed	suite:test_smoke
866	host	inv	killed	suite:test_smoke	killed	suite:test_smoke
867	host	const1	killed	suite:test_kill_host	killed	suite:test_kill_host
868	host	inv	killed	suite:test_smoke	killed	suite:test_smoke
869	host	inv	killed	suite:test_smoke	killed	suite:test_smoke
870	host	inv	killed	suite:test_smoke	killed	suite:test_smoke
871	host	const0	killed	suite:test_smoke	killed	suite:test_smoke
872	host	const0	killed	suite:test_smoke	killed	suite:test_smoke
873	host	const1	killed	suite:test_random	killed	suite:test_random
874	host	inv	killed	suite:test_random	killed	suite:test_random
875	host	inv	killed	suite:test_smoke	killed	suite:test_smoke
876	host	inv	killed	suite:test_smoke	killed	suite:test_smoke
877	host	const1	killed	suite:test_smoke	killed	suite:test_smoke
878	host	const0	killed	suite:test_smoke	killed	suite:test_smoke
879	host	const1	killed	suite:test_smoke	killed	suite:test_smoke
880	host	inv	killed	suite:test_smoke	killed	suite:test_smoke
881	host	inv	killed	suite:test_smoke	killed	suite:test_smoke
882	host	const0	killed	suite:test_protocols	killed	suite:test_protocols
883	host	const1	killed	suite:test_smoke	killed	suite:test_smoke
884	host	cnot0	killed	suite:test_smoke	killed	suite:test_smoke
885	host	const0	killed	suite:test_smoke	killed	suite:test_smoke
886	host	const1	killed	suite:test_smoke	killed	suite:test_smoke
887	host	cnot1	killed	suite:test_smoke	killed	suite:test_smoke
888	host	const0	killed	suite:test_smoke	killed	suite:test_smoke
889	host	const0	killed	suite:test_smoke	killed	suite:test_smoke
890	host	const0	killed	suite:test_random	killed	suite:test_random
891	host	const1	killed	suite:test_smoke	killed	suite:test_smoke
892	host	const1	killed	suite:test_smoke	killed	suite:test_smoke
893	host	const0	killed	suite:test_smoke	killed	suite:test_smoke
894	host	cnot0	killed	suite:test_smoke	killed	suite:test_smoke
895	host	const1	killed	suite:test_smoke	killed	suite:test_smoke
896	host	const1	killed	suite:test_smoke	killed	suite:test_smoke
897	host	inv	killed	suite:test_smoke	killed	suite:test_smoke
898	host	const1	killed	suite:test_smoke	killed	suite:test_smoke
899	host	const0	killed	suite:test_random	killed	suite:test_random
900	host	inv	killed	suite:test_smoke	killed	suite:test_smoke
901	host	const0	killed	suite:test_smoke	killed	suite:test_smoke
902	host	inv	killed	suite:test_legacy	killed	suite:test_legacy
903	host	inv	killed	suite:test_smoke	killed	suite:test_smoke
904	host	inv	killed	suite:test_smoke	killed	suite:test_smoke
905	host	const0	killed	suite:test_smoke	killed	suite:test_smoke
906	host	const0	killed	suite:test_legacy	killed	suite:test_legacy
907	host	inv	killed	suite:test_smoke	killed	suite:test_smoke
908	host	inv	killed	suite:test_random	killed	suite:test_random
909	host	inv	killed	suite:test_smoke	killed	suite:test_smoke
910	host	inv	killed	suite:test_legacy	killed	suite:test_legacy
911	host	inv	killed	suite:test_smoke	killed	suite:test_smoke
912	host	const1	killed	suite:test_smoke	killed	suite:test_smoke
913	host	inv	killed	suite:test_smoke	killed	suite:test_smoke
914	host	const1	killed	suite:test_smoke	killed	suite:test_smoke
915	host	cnot1	equivalent	equiv_induct	equivalent	equiv_induct
916	host	const1	killed	suite:test_random	killed	suite:test_random
917	host	inv	killed	suite:test_smoke	killed	suite:test_smoke
918	host	inv	killed	suite:test_smoke	killed	suite:test_smoke
919	host	inv	killed	suite:test_smoke	killed	suite:test_smoke
920	host	const0	killed	suite:test_smoke	killed	suite:test_smoke
921	host	const1	killed	suite:test_random	killed	suite:test_random
922	host	const1	killed	suite:test_random	killed	suite:test_random
923	host	inv	killed	suite:test_smoke	killed	suite:test_smoke
924	host	const0	killed	suite:test_smoke	killed	suite:test_smoke
925	host	const0	killed	suite:test_smoke	killed	suite:test_smoke
926	host	inv	killed	suite:test_smoke	killed	suite:test_smoke
927	host	const1	killed	suite:test_smoke	killed	suite:test_smoke
928	host	const0	killed	suite:test_random	killed	suite:test_random
929	host	inv	killed	suite:test_smoke	killed	suite:test_smoke
930	host	const0	killed	suite:test_smoke	killed	suite:test_smoke
931	host	const0	killed	suite:test_protocols	killed	suite:test_protocols
932	host	const0	killed	suite:test_directed	killed	suite:test_directed
933	host	inv	killed	suite:test_smoke	killed	suite:test_smoke
934	host	const0	killed	suite:test_smoke	killed	suite:test_smoke
935	host	const1	killed	suite:test_smoke	killed	suite:test_smoke
936	host	inv	killed	suite:test_smoke	killed	suite:test_smoke
937	host	const1	killed	suite:test_random	killed	suite:test_random
938	host	inv	killed	suite:test_smoke	killed	suite:test_smoke
939	host	inv	killed	suite:test_smoke	killed	suite:test_smoke
940	host	const1	killed	suite:test_smoke	killed	suite:test_smoke
941	host	inv	killed	suite:test_random	killed	suite:test_random
942	host	const1	killed	suite:test_smoke	killed	suite:test_smoke
943	host	const1	killed	suite:test_smoke	killed	suite:test_smoke
944	host	const1	killed	suite:test_smoke	killed	suite:test_smoke
945	host	inv	killed	suite:test_smoke	killed	suite:test_smoke
946	host	const1	killed	suite:test_random	killed	suite:test_random
947	host	const0	killed	suite:test_random	killed	suite:test_random
948	host	const0	killed	suite:test_smoke	killed	suite:test_smoke
949	host	inv	killed	suite:test_smoke	killed	suite:test_smoke
950	host	inv	killed	suite:test_legacy	killed	suite:test_legacy
951	mover	inv	killed	suite:test_protocols	killed	suite:test_protocols
952	mover	const0	killed	suite:test_directed	killed	suite:test_directed
953	mover	cnot0	killed	suite:test_random	killed	suite:test_random
954	mover	cnot0	killed	suite:test_protocols	killed	suite:test_protocols
955	mover	cnot1	killed	suite:test_counters	killed	suite:test_counters
956	mover	const1	equivalent	equiv_induct	equivalent	equiv_induct
957	mover	inv	killed	suite:test_legacy	killed	suite:test_legacy
958	mover	cnot0	killed	suite:test_legacy	killed	suite:test_legacy
959	mover	cnot1	killed	suite:test_timewarp	killed	suite:test_timewarp
960	mover	const0	killed	suite:test_random	killed	suite:test_random
961	mover	cnot0	killed	suite:test_smoke	killed	suite:test_smoke
962	mover	const0	killed	suite:test_counters	killed	suite:test_counters
963	mover	inv	killed	suite:test_random	killed	suite:test_random
964	mover	const1	killed	suite:test_mover	killed	suite:test_mover
965	mover	inv	killed	suite:test_smoke	killed	suite:test_smoke
966	mover	const0	killed	suite:test_random	killed	suite:test_random
967	mover	inv	killed	suite:test_random	killed	suite:test_random
968	mover	const1	killed	suite:test_mover	killed	suite:test_mover
969	mover	const0	killed	suite:test_flagship	killed	suite:test_flagship
970	mover	const1	killed	suite:test_mover	killed	suite:test_mover
971	mover	const1	killed	suite:test_protocols	killed	suite:test_protocols
972	mover	const1	killed	suite:test_smoke	killed	suite:test_smoke
973	mover	const0	killed	suite:test_protocols	killed	suite:test_protocols
974	mover	inv	killed	suite:test_legacy	killed	suite:test_legacy
975	mover	cnot0	killed	suite:test_legacy	killed	suite:test_legacy
976	mover	inv	killed	suite:test_legacy	killed	suite:test_legacy
977	mover	cnot1	killed	suite:test_random	killed	suite:test_random
978	mover	cnot0	killed	suite:test_random	killed	suite:test_random
979	mover	const1	killed	suite:test_mover	killed	suite:test_mover
980	mover	const0	killed	suite:test_legacy	killed	suite:test_legacy
981	mover	const0	killed	suite:test_timewarp	killed	suite:test_timewarp
982	mover	const1	killed	suite:test_flagship	killed	suite:test_flagship
983	mover	const0	killed	suite:test_random	killed	suite:test_random
984	mover	const1	killed	suite:test_legacy	killed	suite:test_legacy
985	mover	cnot1	killed	suite:test_kill_mover	killed	suite:test_kill_mover
986	mover	const1	killed	suite:test_protocols	killed	suite:test_protocols
987	mover	cnot0	killed	suite:test_smoke	killed	suite:test_smoke
988	mover	const1	killed	suite:test_protocols	killed	suite:test_protocols
989	mover	cnot1	killed	suite:test_kill_mover	killed	suite:test_kill_mover
990	mover	const0	killed	suite:test_kill_mover	killed	suite:test_kill_mover
991	mover	inv	killed	suite:test_legacy	killed	suite:test_legacy
992	mover	cnot0	killed	suite:test_protocols	killed	suite:test_protocols
993	mover	const1	killed	suite:test_legacy	killed	suite:test_legacy
994	mover	inv	killed	suite:test_smoke	killed	suite:test_smoke
995	mover	const1	killed	suite:test_mover	killed	suite:test_mover
996	mover	cnot0	killed	suite:test_mover	killed	suite:test_mover
997	mover	const0	killed	suite:test_timewarp	killed	suite:test_timewarp
998	mover	inv	killed	suite:test_mover	killed	suite:test_mover
999	mover	const1	killed	suite:test_smoke	killed	suite:test_smoke
1000	mover	const0	killed	suite:test_timewarp	killed	suite:test_timewarp
1001	mover	inv	killed	suite:test_legacy	killed	suite:test_legacy
1002	mover	inv	killed	suite:test_protocols	killed	suite:test_protocols
1003	mover	const0	killed	suite:test_random	killed	suite:test_random
1004	mover	inv	killed	suite:test_smoke	killed	suite:test_smoke
1005	mover	cnot1	killed	suite:test_kill_mover	killed	suite:test_kill_mover
1006	mover	const1	killed	suite:test_legacy	killed	suite:test_legacy
1007	mover	const1	killed	suite:test_flagship	killed	suite:test_flagship
1008	mover	const0	killed	suite:test_mover	killed	suite:test_mover
1009	mover	cnot0	killed	suite:test_protocols	killed	suite:test_protocols
1010	mover	inv	killed	suite:test_smoke	killed	suite:test_smoke
1011	mover	inv	killed	suite:test_random	killed	suite:test_random
1012	mover	cnot0	killed	suite:test_random	killed	suite:test_random
1013	mover	inv	killed	suite:test_smoke	killed	suite:test_smoke
1014	mover	const0	killed	suite:test_legacy	killed	suite:test_legacy
1015	mover	cnot0	killed	suite:test_protocols	killed	suite:test_protocols
1016	mover	cnot1	equivalent	equiv_induct	equivalent	equiv_induct
1017	mover	const0	killed	suite:test_flagship	killed	suite:test_flagship
1018	mover	inv	killed	suite:test_legacy	killed	suite:test_legacy
1019	mover	const1	killed	suite:test_random	killed	suite:test_random
1020	mover	const1	killed	suite:test_random	killed	suite:test_random
1021	mover	inv	killed	suite:test_smoke	killed	suite:test_smoke
1022	mover	inv	killed	suite:test_mover	killed	suite:test_mover
1023	mover	cnot0	killed	suite:test_protocols	killed	suite:test_protocols
1024	mover	const1	killed	suite:test_kill_mover	killed	suite:test_kill_mover
1025	mover	inv	killed	suite:test_random	killed	suite:test_random
1026	mover	const0	killed	suite:test_random	killed	suite:test_random
1027	mover	cnot0	killed	suite:test_random	killed	suite:test_random
1028	mover	inv	killed	suite:test_legacy	killed	suite:test_legacy
1029	mover	const0	killed	suite:test_random	killed	suite:test_random
1030	mover	inv	killed	suite:test_legacy	killed	suite:test_legacy
1031	mover	const1	killed	suite:test_random	killed	suite:test_random
1032	mover	cnot1	killed	suite:test_counters	killed	suite:test_counters
1033	mover	const1	killed	suite:test_random	killed	suite:test_random
1034	mover	inv	killed	suite:test_random	killed	suite:test_random
1035	mover	const0	killed	suite:test_random	killed	suite:test_random
1036	mover	cnot1	killed	suite:test_counters	killed	suite:test_counters
1037	mover	const1	killed	suite:test_kill_mover	killed	suite:test_kill_mover
1038	mover	const0	killed	suite:test_timewarp	killed	suite:test_timewarp
1039	mover	const1	killed	suite:test_random	killed	suite:test_random
1040	mover	const0	equivalent	equiv_induct	equivalent	equiv_induct
1041	mover	const0	killed	suite:test_timewarp	killed	suite:test_timewarp
1042	mover	const1	killed	suite:test_kill_mover	killed	suite:test_kill_mover
1043	mover	const0	killed	suite:test_random	killed	suite:test_random
1044	mover	const1	killed	suite:test_legacy	killed	suite:test_legacy
1045	mover	const0	killed	suite:test_kill_mover	killed	suite:test_kill_mover
1046	mover	const0	killed	suite:test_legacy	killed	suite:test_legacy
1047	mover	inv	killed	suite:test_smoke	killed	suite:test_smoke
1048	mover	inv	killed	suite:test_random	killed	suite:test_random
1049	mover	const1	killed	suite:test_random	killed	suite:test_random
1050	mover	inv	killed	suite:test_legacy	killed	suite:test_legacy
1051	mover	const1	killed	suite:test_smoke	killed	suite:test_smoke
1052	mover	const1	killed	suite:test_random	killed	suite:test_random
1053	mover	inv	killed	suite:test_legacy	killed	suite:test_legacy
1054	mover	const0	killed	suite:test_kill_mover	killed	suite:test_kill_mover
1055	mover	inv	killed	suite:test_random	killed	suite:test_random
1056	mover	const0	killed	suite:test_flagship	killed	suite:test_flagship
1057	mover	const1	killed	suite:test_random	killed	suite:test_random
1058	mover	const1	killed	suite:test_random	killed	suite:test_random
1059	mover	const0	killed	suite:test_kill_mover	killed	suite:test_kill_mover
1060	mover	inv	killed	suite:test_flagship	killed	suite:test_flagship
1061	mover	const1	killed	suite:test_random	killed	suite:test_random
1062	mover	inv	killed	suite:test_flagship	killed	suite:test_flagship
1063	mover	inv	killed	suite:test_mover	killed	suite:test_mover
1064	mover	const1	killed	suite:test_flagship	killed	suite:test_flagship
1065	mover	inv	killed	suite:test_smoke	killed	suite:test_smoke
1066	mover	const1	killed	suite:test_random	killed	suite:test_random
1067	mover	inv	killed	suite:test_legacy	killed	suite:test_legacy
1068	mover	const1	killed	suite:test_legacy	killed	suite:test_legacy
1069	mover	inv	killed	suite:test_flagship	killed	suite:test_flagship
1070	mover	const0	killed	suite:test_random	killed	suite:test_random
1071	mover	const0	killed	suite:test_counters	killed	suite:test_counters
1072	mover	inv	killed	suite:test_random	killed	suite:test_random
1073	mover	const0	killed	suite:test_flagship	killed	suite:test_flagship
1074	mover	inv	killed	suite:test_random	killed	suite:test_random
1075	mover	const0	killed	suite:test_legacy	killed	suite:test_legacy
1076	mover	inv	killed	suite:test_random	killed	suite:test_random
1077	mover	inv	killed	suite:test_protocols	killed	suite:test_protocols
1078	mover	const0	killed	suite:test_flagship	killed	suite:test_flagship
1079	mover	inv	killed	suite:test_smoke	killed	suite:test_smoke
1080	mover	inv	killed	suite:test_flagship	killed	suite:test_flagship
1081	mover	const0	killed	suite:test_legacy	killed	suite:test_legacy
1082	mover	inv	killed	suite:test_legacy	killed	suite:test_legacy
1083	mover	inv	killed	suite:test_smoke	killed	suite:test_smoke
1084	mover	const1	killed	suite:test_kill_mover	killed	suite:test_kill_mover
1085	mover	inv	killed	suite:test_legacy	killed	suite:test_legacy
1086	mover	const0	killed	suite:test_random	killed	suite:test_random
1087	mover	const0	killed	suite:test_random	killed	suite:test_random
1088	mover	inv	killed	suite:test_smoke	killed	suite:test_smoke
1089	mover	inv	killed	suite:test_smoke	killed	suite:test_smoke
1090	mover	const1	killed	suite:test_legacy	killed	suite:test_legacy
1091	mover	inv	killed	suite:test_flagship	killed	suite:test_flagship
1092	mover	inv	killed	suite:test_random	killed	suite:test_random
1093	mover	const0	killed	suite:test_kill_mover	killed	suite:test_kill_mover
1094	mover	const1	killed	suite:test_random	killed	suite:test_random
1095	mover	const1	killed	suite:test_smoke	killed	suite:test_smoke
1096	mover	const1	killed	suite:test_legacy	killed	suite:test_legacy
1097	mover	inv	killed	suite:test_protocols	killed	suite:test_protocols
1098	mover	const1	killed	suite:test_mover	killed	suite:test_mover
1099	mover	const1	killed	suite:test_smoke	killed	suite:test_smoke
1100	mover	const0	killed	suite:test_random	killed	suite:test_random
1101	mover	const0	killed	suite:test_mover	killed	suite:test_mover
1102	mover	const1	killed	suite:test_random	killed	suite:test_random
1103	mover	const1	killed	suite:test_kill_mover	killed	suite:test_kill_mover
1104	mover	cnot1	killed	suite:test_timewarp	killed	suite:test_timewarp
1105	mover	const0	killed	suite:test_mover	killed	suite:test_mover
1106	mover	inv	killed	suite:test_random	killed	suite:test_random
1107	mover	const1	killed	suite:test_legacy	killed	suite:test_legacy
1108	mover	const1	killed	suite:test_random	killed	suite:test_random
1109	mover	const0	killed	suite:test_random	killed	suite:test_random
1110	mover	const0	killed	suite:test_legacy	killed	suite:test_legacy
1111	mover	inv	killed	suite:test_mover	killed	suite:test_mover
1112	mover	const0	killed	suite:test_mover	killed	suite:test_mover
1113	mover	const1	killed	suite:test_kill_mover	killed	suite:test_kill_mover
1114	mover	const0	killed	suite:test_mover	killed	suite:test_mover
1115	mover	const1	killed	suite:test_smoke	killed	suite:test_smoke
1116	mover	const1	killed	suite:test_kill_mover	killed	suite:test_kill_mover
1117	mover	const1	killed	suite:test_smoke	killed	suite:test_smoke
1118	mover	cnot1	killed	suite:test_legacy	killed	suite:test_legacy
1119	mover	inv	killed	suite:test_random	killed	suite:test_random
1120	mover	inv	killed	suite:test_smoke	killed	suite:test_smoke
1121	mover	const0	killed	suite:test_legacy	killed	suite:test_legacy
1122	mover	const1	killed	suite:test_protocols	killed	suite:test_protocols
1123	mover	inv	killed	suite:test_random	killed	suite:test_random
1124	mover	const1	equivalent	equiv_induct	equivalent	equiv_induct
1125	mover	const1	killed	suite:test_legacy	killed	suite:test_legacy
1126	mover	cnot1	killed	suite:test_counters	killed	suite:test_counters
1127	mover	const0	killed	suite:test_kill_mover	killed	suite:test_kill_mover
1128	mover	cnot0	killed	suite:test_smoke	killed	suite:test_smoke
1129	mover	inv	killed	suite:test_flagship	killed	suite:test_flagship
1130	mover	const1	killed	suite:test_kill_mover	killed	suite:test_kill_mover
1131	mover	const1	killed	suite:test_kill_mover	killed	suite:test_kill_mover
1132	mover	inv	killed	suite:test_random	killed	suite:test_random
1133	mover	const0	killed	suite:test_timewarp	killed	suite:test_timewarp
1134	mover	const0	killed	suite:test_random	killed	suite:test_random
1135	mover	const1	killed	suite:test_smoke	killed	suite:test_smoke
1136	mover	inv	killed	suite:test_random	killed	suite:test_random
1137	mover	cnot1	equivalent	equiv_induct	equivalent	equiv_induct
1138	mover	const0	killed	suite:test_mover	killed	suite:test_mover
1139	mover	const1	killed	suite:test_smoke	killed	suite:test_smoke
1140	mover	const0	killed	suite:test_flagship	killed	suite:test_flagship
1141	mover	inv	killed	suite:test_smoke	killed	suite:test_smoke
1142	mover	const1	killed	suite:test_smoke	killed	suite:test_smoke
1143	mover	const0	killed	suite:test_random	killed	suite:test_random
1144	mover	const1	killed	suite:test_random	killed	suite:test_random
1145	mover	inv	killed	suite:test_legacy	killed	suite:test_legacy
1146	mover	inv	killed	suite:test_legacy	killed	suite:test_legacy
1147	mover	inv	killed	suite:test_flagship	killed	suite:test_flagship
1148	mover	const1	killed	suite:test_smoke	killed	suite:test_smoke
1149	mover	inv	killed	suite:test_legacy	killed	suite:test_legacy
1150	mover	const0	killed	suite:test_random	killed	suite:test_random
1151	mover	const0	killed	suite:test_random	killed	suite:test_random
1152	mover	const0	killed	suite:test_directed	killed	suite:test_directed
1153	mover	const1	killed	suite:test_protocols	killed	suite:test_protocols
1154	mover	const1	killed	suite:test_legacy	killed	suite:test_legacy
1155	mover	const1	killed	suite:test_kill_mover	killed	suite:test_kill_mover
1156	mover	const0	killed	suite:test_legacy	killed	suite:test_legacy
1157	mover	const0	killed	suite:test_random	killed	suite:test_random
1158	mover	const0	killed	suite:test_kill_mover	killed	suite:test_kill_mover
1159	mover	const0	killed	suite:test_kill_mover	killed	suite:test_kill_mover
1160	mover	inv	killed	suite:test_protocols	killed	suite:test_protocols
1161	mover	const1	killed	suite:test_mover	killed	suite:test_mover
1162	mover	const1	killed	suite:test_flagship	killed	suite:test_flagship
1163	mover	const0	killed	suite:test_kill_mover	killed	suite:test_kill_mover
1164	mover	const1	killed	suite:test_smoke	killed	suite:test_smoke
1165	mover	const0	killed	suite:test_mover	killed	suite:test_mover
1166	mover	inv	killed	suite:test_random	killed	suite:test_random
1167	mover	inv	killed	suite:test_smoke	killed	suite:test_smoke
1168	mover	inv	killed	suite:test_flagship	killed	suite:test_flagship
1169	mover	const1	killed	suite:test_random	killed	suite:test_random
1170	mover	const0	killed	suite:test_flagship	killed	suite:test_flagship
1171	mover	const1	killed	suite:test_mover	killed	suite:test_mover
1172	mover	const1	killed	suite:test_smoke	killed	suite:test_smoke
1173	mover	cnot1	killed	suite:test_timewarp	killed	suite:test_timewarp
1174	mover	inv	killed	suite:test_random	killed	suite:test_random
1175	mover	const0	killed	suite:test_mover	killed	suite:test_mover
1176	mover	const0	equivalent	equiv_induct	equivalent	equiv_induct
1177	mover	const1	killed	suite:test_legacy	killed	suite:test_legacy
1178	mover	const0	killed	suite:test_flagship	killed	suite:test_flagship
1179	mover	inv	killed	suite:test_mover	killed	suite:test_mover
1180	mover	const0	killed	suite:test_random	killed	suite:test_random
1181	mover	const1	killed	suite:test_smoke	killed	suite:test_smoke
1182	mover	const0	killed	suite:test_flagship	killed	suite:test_flagship
1183	mover	const0	killed	suite:test_mover	killed	suite:test_mover
1184	mover	inv	killed	suite:test_flagship	killed	suite:test_flagship
1185	mover	const1	killed	suite:test_smoke	killed	suite:test_smoke
1186	mover	inv	killed	suite:test_random	killed	suite:test_random
1187	mover	inv	killed	suite:test_legacy	killed	suite:test_legacy
1188	mover	inv	killed	suite:test_flagship	killed	suite:test_flagship
1189	mover	const1	killed	suite:test_legacy	killed	suite:test_legacy
1190	mover	inv	killed	suite:test_legacy	killed	suite:test_legacy
1191	mover	const0	killed	suite:test_kill_mover	killed	suite:test_kill_mover
1192	mover	const1	killed	suite:test_mover	killed	suite:test_mover
1193	mover	const1	killed	suite:test_random	killed	suite:test_random
1194	mover	const1	killed	suite:test_legacy	killed	suite:test_legacy
1195	mover	inv	killed	suite:test_protocols	killed	suite:test_protocols
1196	mover	const0	killed	suite:test_flagship	killed	suite:test_flagship
1197	mover	inv	killed	suite:test_smoke	killed	suite:test_smoke
1198	mover	const0	killed	suite:test_random	killed	suite:test_random
1199	mover	const0	killed	suite:test_random	killed	suite:test_random
1200	mover	inv	killed	suite:test_random	killed	suite:test_random
1201	events	const0	killed	suite:test_legacy	killed	suite:test_legacy
1202	events	const0	killed	suite:test_random	killed	suite:test_random
1203	events	cnot1	killed	suite:test_directed	killed	suite:test_directed
1204	events	const1	killed	suite:test_kill_decode	killed	suite:test_kill_decode
1205	events	inv	killed	suite:test_protocols	killed	suite:test_protocols
1206	events	const1	killed	suite:test_random	killed	suite:test_random
1207	events	const1	killed	suite:test_protocols	killed	suite:test_protocols
1208	events	inv	killed	suite:test_protocols	killed	suite:test_protocols
1209	events	const1	killed	suite:test_smoke	killed	suite:test_smoke
1210	events	const0	killed	suite:test_kill_decode	killed	suite:test_kill_decode
1211	events	const1	killed	suite:test_random	killed	suite:test_random
1212	events	const1	killed	suite:test_random	killed	suite:test_random
1213	events	cnot0	killed	suite:test_random	killed	suite:test_random
1214	events	const0	killed	suite:test_legacy	killed	suite:test_legacy
1215	events	inv	killed	suite:test_protocols	killed	suite:test_protocols
1216	events	inv	killed	suite:test_directed	killed	suite:test_directed
1217	events	cnot0	killed	suite:test_random	killed	suite:test_random
1218	events	const0	killed	suite:test_kill_decode	killed	suite:test_kill_decode
1219	events	cnot1	equivalent	equiv_induct	equivalent	equiv_induct
1220	events	const1	killed	suite:test_kill_decode	killed	suite:test_kill_decode
1221	events	inv	killed	suite:test_random	killed	suite:test_random
1222	events	cnot1	equivalent	equiv_induct	equivalent	equiv_induct
1223	events	cnot1	killed	suite:test_smoke	killed	suite:test_smoke
1224	events	const1	killed	suite:test_protocols	killed	suite:test_protocols
1225	events	const1	killed	suite:test_kill_decode	killed	suite:test_kill_decode
1226	events	const0	killed	suite:test_random	killed	suite:test_random
1227	events	const1	killed	suite:test_random	killed	suite:test_random
1228	events	cnot1	equivalent	equiv_induct	equivalent	equiv_induct
1229	events	inv	killed	suite:test_protocols	killed	suite:test_protocols
1230	events	const1	killed	suite:test_legacy	killed	suite:test_legacy
1231	events	cnot0	killed	suite:test_legacy	killed	suite:test_legacy
1232	events	const1	killed	suite:test_legacy	killed	suite:test_legacy
1233	events	const0	killed	suite:test_kill_decode	killed	suite:test_kill_decode
1234	events	const1	killed	suite:test_smoke	killed	suite:test_smoke
1235	events	const1	killed	suite:test_smoke	killed	suite:test_smoke
1236	events	const0	killed	suite:test_legacy	killed	suite:test_legacy
1237	events	const1	killed	suite:test_smoke	killed	suite:test_smoke
1238	events	cnot1	killed	suite:test_kill_events	killed	suite:test_kill_events
1239	events	const1	killed	suite:test_protocols	killed	suite:test_protocols
1240	events	inv	killed	suite:test_smoke	killed	suite:test_smoke
1241	events	const0	killed	suite:test_kill_decode	killed	suite:test_kill_decode
1242	events	const1	killed	suite:test_smoke	killed	suite:test_smoke
1243	events	const0	killed	suite:test_protocols	killed	suite:test_protocols
1244	events	const0	killed	suite:test_kill_events	killed	suite:test_kill_events
1245	events	inv	equivalent	equiv_induct	equivalent	equiv_induct
1246	events	const0	killed	suite:test_random	killed	suite:test_random
1247	events	inv	killed	suite:test_random	killed	suite:test_random
1248	events	cnot1	equivalent	equiv_induct	equivalent	equiv_induct
1249	events	inv	killed	suite:test_smoke	killed	suite:test_smoke
1250	events	const0	killed	suite:test_legacy	killed	suite:test_legacy
1251	events	const0	killed	suite:test_protocols	killed	suite:test_protocols
1252	events	cnot0	equivalent	equiv_induct	equivalent	equiv_induct
1253	events	const0	killed	suite:test_legacy	killed	suite:test_legacy
1254	events	inv	killed	suite:test_protocols	killed	suite:test_protocols
1255	events	inv	killed	suite:test_random	killed	suite:test_random
1256	events	cnot0	killed	suite:test_random	killed	suite:test_random
1257	events	cnot1	equivalent	equiv_induct	equivalent	equiv_induct
1258	events	const0	killed	suite:test_random	killed	suite:test_random
1259	events	cnot1	killed	suite:test_random	killed	suite:test_random
1260	events	inv	killed	suite:test_random	killed	suite:test_random
1261	events	cnot1	equivalent	equiv_induct	equivalent	equiv_induct
1262	events	inv	killed	suite:test_legacy	killed	suite:test_legacy
1263	events	inv	killed	suite:test_smoke	killed	suite:test_smoke
1264	events	const1	killed	suite:test_random	killed	suite:test_random
1265	events	inv	killed	suite:test_protocols	killed	suite:test_protocols
1266	events	inv	killed	suite:test_directed	killed	suite:test_directed
1267	events	cnot1	equivalent	equiv_induct	equivalent	equiv_induct
1268	events	inv	killed	suite:test_protocols	killed	suite:test_protocols
1269	events	const0	killed	suite:test_random	killed	suite:test_random
1270	events	inv	killed	suite:test_smoke	killed	suite:test_smoke
1271	events	cnot0	killed	suite:test_directed	killed	suite:test_directed
1272	events	const0	killed	suite:test_protocols	killed	suite:test_protocols
1273	events	inv	killed	suite:test_protocols	killed	suite:test_protocols
1274	events	inv	killed	suite:test_protocols	killed	suite:test_protocols
1275	events	const1	killed	suite:test_smoke	killed	suite:test_smoke
1276	events	inv	killed	suite:test_random	killed	suite:test_random
1277	events	inv	killed	suite:test_protocols	killed	suite:test_protocols
1278	events	cnot0	killed	suite:test_legacy	killed	suite:test_legacy
1279	events	cnot0	killed	suite:test_random	killed	suite:test_random
1280	events	cnot0	equivalent	equiv_induct	equivalent	equiv_induct
1281	events	cnot1	equivalent	equiv_induct	equivalent	equiv_induct
1282	events	const1	killed	suite:test_kill_decode	killed	suite:test_kill_decode
1283	events	const0	killed	suite:test_random	killed	suite:test_random
1284	events	inv	killed	suite:test_legacy	killed	suite:test_legacy
1285	events	const1	killed	suite:test_protocols	killed	suite:test_protocols
1286	events	cnot0	killed	suite:test_random	killed	suite:test_random
1287	events	const0	killed	suite:test_timewarp	killed	suite:test_timewarp
1288	events	cnot0	killed	suite:test_legacy	killed	suite:test_legacy
1289	events	const0	killed	suite:test_legacy	killed	suite:test_legacy
1290	events	const1	killed	suite:test_directed	killed	suite:test_directed
1291	events	cnot0	killed	suite:test_kill_decode	killed	suite:test_kill_decode
1292	events	inv	killed	suite:test_legacy	killed	suite:test_legacy
1293	events	const0	killed	suite:test_random	killed	suite:test_random
1294	events	const1	killed	suite:test_legacy	killed	suite:test_legacy
1295	events	const0	killed	suite:test_kill_regs	killed	suite:test_kill_regs
1296	events	const0	killed	suite:test_random	killed	suite:test_random
1297	events	inv	killed	suite:test_smoke	killed	suite:test_smoke
1298	events	inv	killed	suite:test_legacy	killed	suite:test_legacy
1299	events	const1	killed	suite:test_random	killed	suite:test_random
1300	events	const0	killed	suite:test_random	killed	suite:test_random
1301	events	const0	killed	suite:test_protocols	killed	suite:test_protocols
1302	events	const1	killed	suite:test_kill_decode	killed	suite:test_kill_decode
1303	events	cnot0	killed	suite:test_smoke	killed	suite:test_smoke
1304	events	cnot0	killed	suite:test_random	killed	suite:test_random
1305	events	const0	killed	suite:test_legacy	killed	suite:test_legacy
1306	events	const0	killed	suite:test_random	killed	suite:test_random
1307	events	cnot0	killed	suite:test_protocols	killed	suite:test_protocols
1308	events	inv	killed	suite:test_legacy	killed	suite:test_legacy
1309	events	const0	killed	suite:test_random	killed	suite:test_random
1310	events	const1	killed	suite:test_smoke	killed	suite:test_smoke
1311	events	cnot0	equivalent	equiv_induct	equivalent	equiv_induct
1312	events	const1	killed	suite:test_smoke	killed	suite:test_smoke
1313	events	const0	killed	suite:test_legacy	killed	suite:test_legacy
1314	events	const0	killed	suite:test_kill_decode	killed	suite:test_kill_decode
1315	events	inv	killed	suite:test_smoke	killed	suite:test_smoke
1316	events	inv	killed	suite:test_random	killed	suite:test_random
1317	events	cnot1	equivalent	equiv_induct	equivalent	equiv_induct
1318	events	inv	killed	suite:test_protocols	killed	suite:test_protocols
1319	events	const0	killed	suite:test_legacy	killed	suite:test_legacy
1320	events	const1	killed	suite:test_random	killed	suite:test_random
1321	events	inv	killed	suite:test_protocols	killed	suite:test_protocols
1322	events	const1	killed	suite:test_protocols	killed	suite:test_protocols
1323	events	const1	killed	suite:test_random	killed	suite:test_random
1324	events	const1	killed	suite:test_random	killed	suite:test_random
1325	events	inv	killed	suite:test_legacy	killed	suite:test_legacy
1326	events	const0	killed	suite:test_smoke	killed	suite:test_smoke
1327	events	cnot1	equivalent	equiv_induct	equivalent	equiv_induct
1328	events	const1	killed	suite:test_smoke	killed	suite:test_smoke
1329	events	inv	killed	suite:test_protocols	killed	suite:test_protocols
1330	events	inv	killed	suite:test_random	killed	suite:test_random
1331	events	inv	killed	suite:test_random	killed	suite:test_random
1332	events	const1	equivalent	equiv_induct	equivalent	equiv_induct
1333	events	const1	killed	suite:test_kill_decode	killed	suite:test_kill_decode
1334	events	const0	killed	suite:test_random	killed	suite:test_random
1335	events	const0	killed	suite:test_random	killed	suite:test_random
1336	events	const0	killed	suite:test_random	killed	suite:test_random
1337	events	const1	killed	suite:test_directed	killed	suite:test_directed
1338	events	inv	killed	suite:test_legacy	killed	suite:test_legacy
1339	events	cnot0	killed	suite:test_legacy	killed	suite:test_legacy
1340	events	const0	killed	suite:test_protocols	killed	suite:test_protocols
1341	events	inv	killed	suite:test_protocols	killed	suite:test_protocols
1342	events	const1	equivalent	equiv_induct	equivalent	equiv_induct
1343	events	const0	killed	suite:test_kill_decode	killed	suite:test_kill_decode
1344	events	const0	equivalent	equiv_induct	equivalent	equiv_induct
1345	events	const1	equivalent	equiv_induct	equivalent	equiv_induct
1346	events	const1	killed	suite:test_random	killed	suite:test_random
1347	events	inv	killed	suite:test_protocols	killed	suite:test_protocols
1348	events	const0	killed	suite:test_kill_decode	killed	suite:test_kill_decode
1349	events	const0	equivalent	equiv_induct	equivalent	equiv_induct
1350	events	inv	killed	suite:test_legacy	killed	suite:test_legacy
1351	events	cnot0	killed	suite:test_directed	killed	suite:test_directed
1352	events	inv	killed	suite:test_legacy	killed	suite:test_legacy
1353	events	inv	killed	suite:test_random	killed	suite:test_random
1354	events	const1	killed	suite:test_random	killed	suite:test_random
1355	events	inv	killed	suite:test_protocols	killed	suite:test_protocols
1356	events	cnot1	killed	suite:test_kill_decode	killed	suite:test_kill_decode
1357	events	inv	killed	suite:test_smoke	killed	suite:test_smoke
1358	events	cnot1	killed	suite:test_kill_events	killed	suite:test_kill_events
1359	events	cnot0	killed	suite:test_smoke	killed	suite:test_smoke
1360	events	inv	killed	suite:test_kill_decode	killed	suite:test_kill_decode
1361	events	const0	killed	suite:test_kill_events	killed	suite:test_kill_events
1362	events	const1	killed	suite:test_protocols	killed	suite:test_protocols
1363	events	inv	killed	suite:test_protocols	killed	suite:test_protocols
1364	events	inv	killed	suite:test_random	killed	suite:test_random
1365	events	inv	killed	suite:test_smoke	killed	suite:test_smoke
1366	events	inv	killed	suite:test_protocols	killed	suite:test_protocols
1367	events	inv	killed	suite:test_random	killed	suite:test_random
1368	events	const1	killed	suite:test_kill_decode	killed	suite:test_kill_decode
1369	events	const0	killed	suite:test_protocols	killed	suite:test_protocols
1370	events	const1	killed	suite:test_smoke	killed	suite:test_smoke
1371	events	const0	equivalent	equiv_induct	equivalent	equiv_induct
1372	events	const1	killed	suite:test_protocols	killed	suite:test_protocols
1373	events	inv	killed	suite:test_protocols	killed	suite:test_protocols
1374	events	cnot0	killed	suite:test_smoke	killed	suite:test_smoke
1375	events	const0	killed	suite:test_random	killed	suite:test_random
1376	events	const1	killed	suite:test_legacy	killed	suite:test_legacy
1377	events	const0	killed	suite:test_legacy	killed	suite:test_legacy
1378	events	const0	killed	suite:test_protocols	killed	suite:test_protocols
1379	events	const1	killed	suite:test_kill_decode	killed	suite:test_kill_decode
1380	events	const0	killed	suite:test_protocols	killed	suite:test_protocols
1381	events	const0	killed	suite:test_random	killed	suite:test_random
1382	events	const1	killed	suite:test_protocols	killed	suite:test_protocols
1383	events	const0	killed	suite:test_protocols	killed	suite:test_protocols
1384	events	const1	killed	suite:test_random	killed	suite:test_random
1385	events	const1	killed	suite:test_smoke	killed	suite:test_smoke
1386	events	inv	killed	suite:test_protocols	killed	suite:test_protocols
1387	events	const1	killed	suite:test_random	killed	suite:test_random
1388	events	inv	killed	suite:test_protocols	killed	suite:test_protocols
1389	events	cnot0	killed	suite:test_protocols	killed	suite:test_protocols
1390	events	inv	killed	suite:test_legacy	killed	suite:test_legacy
1391	events	const1	killed	suite:test_kill_decode	killed	suite:test_kill_decode
1392	events	const1	killed	suite:test_directed	killed	suite:test_directed
1393	events	const1	killed	suite:test_random	killed	suite:test_random
1394	events	cnot1	equivalent	equiv_induct	equivalent	equiv_induct
1395	events	cnot1	equivalent	equiv_induct	equivalent	equiv_induct
1396	events	const1	killed	suite:test_smoke	killed	suite:test_smoke
1397	events	const1	killed	suite:test_smoke	killed	suite:test_smoke
1398	events	const0	equivalent	equiv_induct	equivalent	equiv_induct
1399	events	const1	killed	suite:test_random	killed	suite:test_random
1400	events	cnot0	killed	suite:test_smoke	killed	suite:test_smoke
1401	events	inv	killed	suite:test_random	killed	suite:test_random
1402	events	const0	killed	suite:test_protocols	killed	suite:test_protocols
1403	events	inv	killed	suite:test_directed	killed	suite:test_directed
1404	events	const0	killed	suite:test_legacy	killed	suite:test_legacy
1405	events	cnot1	killed	suite:test_random	killed	suite:test_random
1406	events	const1	killed	suite:test_smoke	killed	suite:test_smoke
1407	events	const0	equivalent	equiv_induct	equivalent	equiv_induct
1408	events	cnot1	equivalent	equiv_induct	equivalent	equiv_induct
1409	events	inv	killed	suite:test_random	killed	suite:test_random
1410	events	const1	killed	suite:test_smoke	killed	suite:test_smoke
1411	events	const1	killed	suite:test_directed	killed	suite:test_directed
1412	events	inv	killed	suite:test_smoke	killed	suite:test_smoke
1413	events	inv	killed	suite:test_legacy	killed	suite:test_legacy
1414	events	const1	killed	suite:test_legacy	killed	suite:test_legacy
1415	events	inv	killed	suite:test_random	killed	suite:test_random
1416	events	const1	killed	suite:test_directed	killed	suite:test_directed
1417	events	const1	killed	suite:test_smoke	killed	suite:test_smoke
1418	events	const1	killed	suite:test_random	killed	suite:test_random
1419	events	cnot0	killed	suite:test_random	killed	suite:test_random
1420	events	const1	killed	suite:test_protocols	killed	suite:test_protocols
1421	events	inv	killed	suite:test_smoke	killed	suite:test_smoke
1422	events	inv	killed	suite:test_protocols	killed	suite:test_protocols
1423	events	cnot1	equivalent	equiv_induct	equivalent	equiv_induct
1424	events	const0	killed	suite:test_random	killed	suite:test_random
1425	events	inv	killed	suite:test_random	killed	suite:test_random
1426	events	inv	killed	suite:test_legacy	killed	suite:test_legacy
1427	events	inv	killed	suite:test_random	killed	suite:test_random
1428	events	const1	killed	suite:test_legacy	killed	suite:test_legacy
1429	events	inv	killed	suite:test_protocols	killed	suite:test_protocols
1430	events	inv	killed	suite:test_smoke	killed	suite:test_smoke
1431	events	cnot1	killed	suite:test_protocols	killed	suite:test_protocols
1432	events	const1	equivalent	equiv_induct	equivalent	equiv_induct
1433	events	const1	equivalent	equiv_induct	equivalent	equiv_induct
1434	events	inv	equivalent	equiv_induct	equivalent	equiv_induct
1435	events	cnot0	killed	suite:test_smoke	killed	suite:test_smoke
1436	events	const0	killed	suite:test_kill_decode	killed	suite:test_kill_decode
1437	events	cnot0	killed	suite:test_kill_decode	killed	suite:test_kill_decode
1438	events	const0	killed	suite:test_protocols	killed	suite:test_protocols
1439	events	inv	killed	suite:test_protocols	killed	suite:test_protocols
1440	events	const1	killed	suite:test_protocols	killed	suite:test_protocols
1441	events	const1	killed	suite:test_smoke	killed	suite:test_smoke
1442	events	const0	killed	suite:test_random	killed	suite:test_random
1443	events	cnot0	killed	suite:test_random	killed	suite:test_random
1444	events	inv	killed	suite:test_smoke	killed	suite:test_smoke
1445	events	const0	killed	suite:test_random	killed	suite:test_random
1446	events	const1	killed	suite:test_protocols	killed	suite:test_protocols
1447	events	const0	killed	suite:test_random	killed	suite:test_random
1448	events	cnot0	killed	suite:test_smoke	killed	suite:test_smoke
1449	events	const1	killed	suite:test_smoke	killed	suite:test_smoke
1450	events	cnot0	killed	suite:test_legacy	killed	suite:test_legacy
1451	events	cnot1	equivalent	equiv_induct	equivalent	equiv_induct
1452	events	const1	killed	suite:test_protocols	killed	suite:test_protocols
1453	events	inv	killed	suite:test_smoke	killed	suite:test_smoke
1454	events	const0	killed	suite:test_smoke	killed	suite:test_smoke
1455	events	const0	killed	suite:test_random	killed	suite:test_random
1456	events	inv	killed	suite:test_random	killed	suite:test_random
1457	events	const1	killed	suite:test_random	killed	suite:test_random
1458	events	inv	killed	suite:test_protocols	killed	suite:test_protocols
1459	events	const0	killed	suite:test_random	killed	suite:test_random
1460	events	const1	killed	suite:test_random	killed	suite:test_random
1461	events	inv	killed	suite:test_smoke	killed	suite:test_smoke
1462	events	const1	killed	suite:test_random	killed	suite:test_random
1463	events	const1	killed	suite:test_random	killed	suite:test_random
1464	events	const0	killed	suite:test_legacy	killed	suite:test_legacy
1465	events	inv	killed	suite:test_random	killed	suite:test_random
1466	events	const1	killed	suite:test_smoke	killed	suite:test_smoke
1467	events	cnot0	killed	suite:test_random	killed	suite:test_random
1468	events	inv	killed	suite:test_random	killed	suite:test_random
1469	events	const1	killed	suite:test_kill_decode	killed	suite:test_kill_decode
1470	events	inv	killed	suite:test_smoke	killed	suite:test_smoke
1471	events	const0	equivalent	equiv_induct	equivalent	equiv_induct
1472	events	const1	killed	suite:test_smoke	killed	suite:test_smoke
1473	events	inv	killed	suite:test_legacy	killed	suite:test_legacy
1474	events	inv	killed	suite:test_kill_decode	killed	suite:test_kill_decode
1475	events	const0	killed	suite:test_legacy	killed	suite:test_legacy
1476	events	const0	killed	suite:test_random	killed	suite:test_random
1477	events	inv	killed	suite:test_random	killed	suite:test_random
1478	events	cnot0	killed	suite:test_directed	killed	suite:test_directed
1479	events	const1	killed	suite:test_legacy	killed	suite:test_legacy
1480	events	const0	killed	suite:test_kill_decode	killed	suite:test_kill_decode
1481	events	cnot1	equivalent	equiv_induct	equivalent	equiv_induct
1482	events	cnot0	killed	suite:test_smoke	killed	suite:test_smoke
1483	events	const0	killed	suite:test_random	killed	suite:test_random
1484	events	cnot0	killed	suite:test_random	killed	suite:test_random
1485	events	inv	killed	suite:test_smoke	killed	suite:test_smoke
1486	events	cnot0	killed	suite:test_kill_decode	killed	suite:test_kill_decode
1487	events	const0	killed	suite:test_protocols	killed	suite:test_protocols
1488	events	const0	killed	suite:test_random	killed	suite:test_random
1489	events	const0	killed	suite:test_smoke	killed	suite:test_smoke
1490	events	inv	killed	suite:test_random	killed	suite:test_random
1491	events	const0	killed	suite:test_kill_decode	killed	suite:test_kill_decode
1492	events	const1	killed	suite:test_smoke	killed	suite:test_smoke
1493	events	cnot0	killed	suite:test_smoke	killed	suite:test_smoke
1494	events	const1	survived		equivalent	miter-abc-900s
1495	events	const0	killed	suite:test_random	killed	suite:test_random
1496	events	inv	killed	suite:test_legacy	killed	suite:test_legacy
1497	events	cnot0	killed	suite:test_protocols	killed	suite:test_protocols
1498	events	const0	killed	suite:test_random	killed	suite:test_random
1499	events	const0	killed	suite:test_timewarp	killed	suite:test_timewarp
1500	events	cnot0	killed	suite:test_protocols	killed	suite:test_protocols
1501	pins	inv	killed	suite:test_kill_pins	killed	suite:test_kill_pins
1502	pins	inv	killed	suite:test_random	killed	suite:test_random
1503	pins	inv	killed	suite:test_random	killed	suite:test_random
1504	pins	inv	killed	suite:test_legacy	killed	suite:test_legacy
1505	pins	const1	killed	suite:test_protocols	killed	suite:test_protocols
1506	pins	const0	killed	suite:test_random	killed	suite:test_random
1507	pins	cnot0	killed	suite:test_random	killed	suite:test_random
1508	pins	const0	killed	suite:test_random	killed	suite:test_random
1509	pins	cnot1	killed	suite:test_random	killed	suite:test_random
1510	pins	inv	killed	suite:test_random	killed	suite:test_random
1511	pins	const1	killed	suite:test_smoke	killed	suite:test_smoke
1512	pins	const1	killed	suite:test_kill_pins	killed	suite:test_kill_pins
1513	pins	const1	survived		equivalent	miter-abc-900s
1514	pins	inv	killed	suite:test_random	killed	suite:test_random
1515	pins	cnot0	killed	suite:test_random	killed	suite:test_random
1516	pins	inv	killed	suite:test_legacy	killed	suite:test_legacy
1517	pins	inv	killed	suite:test_random	killed	suite:test_random
1518	pins	inv	killed	suite:test_legacy	killed	suite:test_legacy
1519	pins	const1	killed	suite:test_random	killed	suite:test_random
1520	pins	inv	killed	suite:test_protocols	killed	suite:test_protocols
1521	pins	cnot1	killed	suite:test_kill_pins	killed	suite:test_kill_pins
1522	pins	inv	killed	suite:test_random	killed	suite:test_random
1523	pins	cnot1	killed	suite:test_directed	killed	suite:test_directed
1524	pins	const1	equivalent	equiv_induct	equivalent	equiv_induct
1525	pins	cnot0	killed	suite:test_protocols	killed	suite:test_protocols
1526	pins	const0	killed	suite:test_random	killed	suite:test_random
1527	pins	const1	killed	suite:test_smoke	killed	suite:test_smoke
1528	pins	cnot1	killed	suite:test_random	killed	suite:test_random
1529	pins	cnot1	killed	suite:test_directed	killed	suite:test_directed
1530	pins	inv	killed	suite:test_legacy	killed	suite:test_legacy
1531	pins	cnot1	killed	suite:test_smoke	killed	suite:test_smoke
1532	pins	const1	killed	suite:test_protocols	killed	suite:test_protocols
1533	pins	cnot0	killed	suite:test_random	killed	suite:test_random
1534	pins	inv	killed	suite:test_random	killed	suite:test_random
1535	pins	const1	killed	suite:test_smoke	killed	suite:test_smoke
1536	pins	const0	killed	suite:test_kill_xfer	killed	suite:test_kill_xfer
1537	pins	const0	killed	suite:test_random	killed	suite:test_random
1538	pins	cnot0	killed	suite:test_random	killed	suite:test_random
1539	pins	inv	killed	suite:test_protocols	killed	suite:test_protocols
1540	pins	cnot1	killed	suite:test_random	killed	suite:test_random
1541	pins	cnot0	killed	suite:test_random	killed	suite:test_random
1542	pins	cnot1	killed	suite:test_random	killed	suite:test_random
1543	pins	cnot0	killed	suite:test_legacy	killed	suite:test_legacy
1544	pins	inv	killed	suite:test_random	killed	suite:test_random
1545	pins	cnot0	equivalent	equiv_induct	equivalent	equiv_induct
1546	pins	const1	killed	suite:test_smoke	killed	suite:test_smoke
1547	pins	inv	killed	suite:test_random	killed	suite:test_random
1548	pins	inv	killed	suite:test_random	killed	suite:test_random
1549	pins	inv	equivalent	equiv_induct	equivalent	equiv_induct
1550	pins	const0	equivalent	equiv_induct	equivalent	equiv_induct
1551	pins	const1	killed	suite:test_random	killed	suite:test_random
1552	pins	const0	killed	suite:test_kill_pins	killed	suite:test_kill_pins
1553	pins	cnot0	killed	suite:test_smoke	killed	suite:test_smoke
1554	pins	cnot0	killed	suite:test_random	killed	suite:test_random
1555	pins	const1	killed	suite:test_directed	killed	suite:test_directed
1556	pins	const1	killed	suite:test_directed	killed	suite:test_directed
1557	pins	inv	killed	suite:test_random	killed	suite:test_random
1558	pins	const1	killed	suite:test_random	killed	suite:test_random
1559	pins	const1	equivalent	equiv_induct	equivalent	equiv_induct
1560	pins	const0	killed	suite:test_legacy	killed	suite:test_legacy
1561	pins	const1	killed	suite:test_random	killed	suite:test_random
1562	pins	cnot0	killed	suite:test_random	killed	suite:test_random
1563	pins	const0	killed	suite:test_random	killed	suite:test_random
1564	pins	const1	killed	suite:test_random	killed	suite:test_random
1565	pins	const0	killed	suite:test_random	killed	suite:test_random
1566	pins	inv	killed	suite:test_random	killed	suite:test_random
1567	pins	cnot1	killed	suite:test_random	killed	suite:test_random
1568	pins	const0	killed	suite:test_random	killed	suite:test_random
1569	pins	const1	killed	suite:test_random	killed	suite:test_random
1570	pins	const1	killed	suite:test_kill_pins	killed	suite:test_kill_pins
1571	pins	cnot0	killed	suite:test_random	killed	suite:test_random
1572	pins	const0	equivalent	equiv_induct	equivalent	equiv_induct
1573	pins	inv	killed	suite:test_random	killed	suite:test_random
1574	pins	const1	killed	suite:test_random	killed	suite:test_random
1575	pins	const0	killed	suite:test_random	killed	suite:test_random
1576	pins	cnot0	killed	suite:test_kill_pins	killed	suite:test_kill_pins
1577	pins	inv	survived		equivalent	miter-abc-900s
1578	pins	inv	survived		equivalent	miter-abc-900s
1579	pins	const0	killed	suite:test_random	killed	suite:test_random
1580	pins	const1	survived		equivalent	miter-abc-900s
1581	pins	const1	killed	suite:test_random	killed	suite:test_random
1582	pins	cnot1	killed	suite:test_directed	killed	suite:test_directed
1583	pins	const0	killed	suite:test_random	killed	suite:test_random
1584	pins	cnot1	killed	suite:test_directed	killed	suite:test_directed
1585	pins	inv	killed	suite:test_protocols	killed	suite:test_protocols
1586	pins	inv	killed	suite:test_random	killed	suite:test_random
1587	pins	const1	killed	suite:test_legacy	killed	suite:test_legacy
1588	pins	const0	killed	suite:test_random	killed	suite:test_random
1589	pins	inv	killed	suite:test_legacy	killed	suite:test_legacy
1590	pins	const1	killed	suite:test_protocols	killed	suite:test_protocols
1591	pins	inv	killed	suite:test_smoke	killed	suite:test_smoke
1592	pins	cnot1	killed	suite:test_random	killed	suite:test_random
1593	pins	cnot0	killed	suite:test_random	killed	suite:test_random
1594	pins	cnot0	killed	suite:test_random	killed	suite:test_random
1595	pins	const0	killed	suite:test_directed	killed	suite:test_directed
1596	pins	const1	killed	suite:test_smoke	killed	suite:test_smoke
1597	pins	const1	killed	suite:test_random	killed	suite:test_random
1598	pins	inv	killed	suite:test_smoke	killed	suite:test_smoke
1599	pins	cnot0	killed	suite:test_random	killed	suite:test_random
1600	pins	const0	killed	suite:test_legacy	killed	suite:test_legacy
1601	pins	const0	killed	suite:test_legacy	killed	suite:test_legacy
1602	pins	const1	killed	suite:test_protocols	killed	suite:test_protocols
1603	pins	cnot0	killed	suite:test_flagship	killed	suite:test_flagship
1604	pins	const1	killed	suite:test_directed	killed	suite:test_directed
1605	pins	inv	killed	suite:test_protocols	killed	suite:test_protocols
1606	pins	const0	killed	suite:test_protocols	killed	suite:test_protocols
1607	pins	const1	killed	suite:test_smoke	killed	suite:test_smoke
1608	pins	const1	killed	suite:test_smoke	killed	suite:test_smoke
1609	pins	const1	killed	suite:test_protocols	killed	suite:test_protocols
1610	pins	const1	killed	suite:test_protocols	killed	suite:test_protocols
1611	pins	cnot0	killed	suite:test_random	killed	suite:test_random
1612	pins	cnot1	killed	suite:test_directed	killed	suite:test_directed
1613	pins	const1	killed	suite:test_smoke	killed	suite:test_smoke
1614	pins	inv	killed	suite:test_legacy	killed	suite:test_legacy
1615	pins	cnot1	killed	suite:test_directed	killed	suite:test_directed
1616	pins	const1	killed	suite:test_random	killed	suite:test_random
1617	pins	const0	killed	suite:test_random	killed	suite:test_random
1618	pins	cnot1	killed	suite:test_random	killed	suite:test_random
1619	pins	const0	killed	suite:test_legacy	killed	suite:test_legacy
1620	pins	const0	survived		equivalent	miter-abc-900s
1621	pins	cnot0	killed	suite:test_protocols	killed	suite:test_protocols
1622	pins	inv	killed	suite:test_random	killed	suite:test_random
1623	pins	inv	killed	suite:test_protocols	killed	suite:test_protocols
1624	pins	const1	killed	suite:test_random	killed	suite:test_random
1625	pins	const0	killed	suite:test_kill_pins	killed	suite:test_kill_pins
1626	pins	const0	killed	suite:test_random	killed	suite:test_random
1627	pins	inv	killed	suite:test_legacy	killed	suite:test_legacy
1628	pins	const1	killed	suite:test_random	killed	suite:test_random
1629	pins	cnot0	killed	suite:test_legacy	killed	suite:test_legacy
1630	pins	const0	killed	suite:test_random	killed	suite:test_random
1631	pins	inv	killed	suite:test_random	killed	suite:test_random
1632	pins	inv	killed	suite:test_random	killed	suite:test_random
1633	pins	cnot1	killed	suite:test_random	killed	suite:test_random
1634	pins	inv	survived		equivalent	miter-abc-900s
1635	pins	cnot1	killed	suite:test_random	killed	suite:test_random
1636	pins	cnot0	killed	suite:test_directed	killed	suite:test_directed
1637	pins	cnot0	killed	suite:test_protocols	killed	suite:test_protocols
1638	pins	const1	killed	suite:test_protocols	killed	suite:test_protocols
1639	pins	inv	killed	suite:test_protocols	killed	suite:test_protocols
1640	pins	const0	killed	suite:test_random	killed	suite:test_random
1641	pins	cnot0	killed	suite:test_smoke	killed	suite:test_smoke
1642	pins	cnot0	killed	suite:test_random	killed	suite:test_random
1643	pins	const1	killed	suite:test_random	killed	suite:test_random
1644	pins	cnot1	killed	suite:test_random	killed	suite:test_random
1645	pins	const0	killed	suite:test_random	killed	suite:test_random
1646	pins	cnot0	killed	suite:test_random	killed	suite:test_random
1647	pins	const0	killed	suite:test_legacy	killed	suite:test_legacy
1648	pins	cnot0	killed	suite:test_kill_pins	killed	suite:test_kill_pins
1649	pins	cnot1	killed	suite:test_random	killed	suite:test_random
1650	pins	cnot0	killed	suite:test_random	killed	suite:test_random
1651	pins	const1	killed	suite:test_protocols	killed	suite:test_protocols
1652	pins	inv	killed	suite:test_random	killed	suite:test_random
1653	pins	const1	killed	suite:test_protocols	killed	suite:test_protocols
1654	pins	const1	killed	suite:test_smoke	killed	suite:test_smoke
1655	pins	inv	killed	suite:test_protocols	killed	suite:test_protocols
1656	pins	const1	killed	suite:test_random	killed	suite:test_random
1657	pins	inv	killed	suite:test_random	killed	suite:test_random
1658	pins	cnot0	killed	suite:test_random	killed	suite:test_random
1659	pins	cnot0	killed	suite:test_protocols	killed	suite:test_protocols
1660	pins	cnot1	killed	suite:test_directed	killed	suite:test_directed
1661	pins	const0	killed	suite:test_random	killed	suite:test_random
1662	pins	const1	killed	suite:test_legacy	killed	suite:test_legacy
1663	pins	const1	killed	suite:test_random	killed	suite:test_random
1664	pins	cnot0	killed	suite:test_random	killed	suite:test_random
1665	pins	inv	killed	suite:test_random	killed	suite:test_random
1666	pins	cnot0	killed	suite:test_random	killed	suite:test_random
1667	pins	cnot1	killed	suite:test_directed	killed	suite:test_directed
1668	pins	cnot1	killed	suite:test_random	killed	suite:test_random
1669	pins	inv	killed	suite:test_random	killed	suite:test_random
1670	pins	inv	killed	suite:test_smoke	killed	suite:test_smoke
1671	pins	cnot0	killed	suite:test_random	killed	suite:test_random
1672	pins	const1	killed	suite:test_random	killed	suite:test_random
1673	pins	cnot1	killed	suite:test_smoke	killed	suite:test_smoke
1674	pins	const0	killed	suite:test_counters	killed	suite:test_counters
1675	pins	const0	killed	suite:test_directed	killed	suite:test_directed
1676	pins	cnot0	killed	suite:test_protocols	killed	suite:test_protocols
1677	pins	const0	killed	suite:test_legacy	killed	suite:test_legacy
1678	pins	const1	killed	suite:test_protocols	killed	suite:test_protocols
1679	pins	const1	killed	suite:test_protocols	killed	suite:test_protocols
1680	pins	const0	killed	suite:test_random	killed	suite:test_random
1681	pins	const1	killed	suite:test_random	killed	suite:test_random
1682	pins	const0	killed	suite:test_smoke	killed	suite:test_smoke
1683	pins	inv	killed	suite:test_random	killed	suite:test_random
1684	pins	const1	killed	suite:test_random	killed	suite:test_random
1685	pins	inv	killed	suite:test_kill_decode	killed	suite:test_kill_decode
1686	pins	cnot0	killed	suite:test_random	killed	suite:test_random
1687	pins	cnot0	killed	suite:test_directed	killed	suite:test_directed
1688	pins	inv	killed	suite:test_smoke	killed	suite:test_smoke
1689	pins	cnot1	killed	suite:test_directed	killed	suite:test_directed
1690	pins	cnot1	killed	suite:test_random	killed	suite:test_random
1691	pins	cnot0	killed	suite:test_protocols	killed	suite:test_protocols
1692	pins	cnot1	killed	suite:test_random	killed	suite:test_random
1693	pins	inv	killed	suite:test_random	killed	suite:test_random
1694	pins	cnot1	killed	suite:test_directed	killed	suite:test_directed
1695	pins	cnot1	killed	suite:test_random	killed	suite:test_random
1696	pins	const0	killed	suite:test_random	killed	suite:test_random
1697	pins	const1	killed	suite:test_random	killed	suite:test_random
1698	pins	const1	killed	suite:test_directed	killed	suite:test_directed
1699	pins	cnot0	killed	suite:test_directed	killed	suite:test_directed
1700	pins	cnot1	killed	suite:test_random	killed	suite:test_random
1701	pins	const1	killed	suite:test_legacy	killed	suite:test_legacy
1702	pins	cnot0	killed	suite:test_random	killed	suite:test_random
1703	pins	const1	killed	suite:test_legacy	killed	suite:test_legacy
1704	pins	cnot0	killed	suite:test_random	killed	suite:test_random
1705	pins	const1	killed	suite:test_random	killed	suite:test_random
1706	pins	cnot0	killed	suite:test_protocols	killed	suite:test_protocols
1707	pins	cnot0	killed	suite:test_random	killed	suite:test_random
1708	pins	const0	killed	suite:test_kill_pins	killed	suite:test_kill_pins
1709	pins	cnot0	killed	suite:test_random	killed	suite:test_random
1710	pins	inv	killed	suite:test_random	killed	suite:test_random
1711	pins	const1	killed	suite:test_smoke	killed	suite:test_smoke
1712	pins	cnot0	killed	suite:test_random	killed	suite:test_random
1713	pins	const0	killed	suite:test_legacy	killed	suite:test_legacy
1714	pins	const0	killed	suite:test_directed	killed	suite:test_directed
1715	pins	inv	killed	suite:test_smoke	killed	suite:test_smoke
1716	pins	const0	killed	suite:test_random	killed	suite:test_random
1717	pins	cnot1	killed	suite:test_directed	killed	suite:test_directed
1718	pins	inv	killed	suite:test_smoke	killed	suite:test_smoke
1719	pins	const0	killed	suite:test_random	killed	suite:test_random
1720	pins	cnot1	killed	suite:test_random	killed	suite:test_random
1721	pins	cnot0	killed	suite:test_protocols	killed	suite:test_protocols
1722	pins	inv	killed	suite:test_random	killed	suite:test_random
1723	pins	const1	killed	suite:test_kill_pins	killed	suite:test_kill_pins
1724	pins	const0	killed	suite:test_random	killed	suite:test_random
1725	pins	cnot1	killed	suite:test_kill_pins	killed	suite:test_kill_pins
1726	pins	const1	equivalent	equiv_induct	equivalent	equiv_induct
1727	pins	cnot1	killed	suite:test_directed	killed	suite:test_directed
1728	pins	cnot0	killed	suite:test_random	killed	suite:test_random
1729	pins	inv	killed	suite:test_random	killed	suite:test_random
1730	pins	cnot1	killed	suite:test_directed	killed	suite:test_directed
1731	pins	inv	killed	suite:test_random	killed	suite:test_random
1732	pins	inv	killed	suite:test_protocols	killed	suite:test_protocols
1733	pins	cnot0	killed	suite:test_random	killed	suite:test_random
1734	pins	cnot1	killed	suite:test_random	killed	suite:test_random
1735	pins	const1	killed	suite:test_smoke	killed	suite:test_smoke
1736	pins	cnot0	killed	suite:test_random	killed	suite:test_random
1737	pins	cnot0	killed	suite:test_kill_pins	killed	suite:test_kill_pins
1738	pins	const0	killed	suite:test_random	killed	suite:test_random
1739	pins	const0	killed	suite:test_smoke	killed	suite:test_smoke
1740	pins	inv	killed	suite:test_random	killed	suite:test_random
1741	pins	const1	killed	suite:test_protocols	killed	suite:test_protocols
1742	pins	cnot1	killed	suite:test_random	killed	suite:test_random
1743	pins	cnot1	killed	suite:test_random	killed	suite:test_random
1744	pins	inv	killed	suite:test_random	killed	suite:test_random
1745	pins	const0	killed	suite:test_kill_pins	killed	suite:test_kill_pins
1746	pins	inv	killed	suite:test_random	killed	suite:test_random
1747	pins	cnot1	killed	suite:test_random	killed	suite:test_random
1748	pins	const0	killed	suite:test_directed	killed	suite:test_directed
1749	pins	cnot0	killed	suite:test_kill_pins	killed	suite:test_kill_pins
1750	pins	cnot1	killed	suite:test_legacy	killed	suite:test_legacy
1751	engine_xfer	inv	survived		equivalent	miter-abc-900s
1752	engine_xfer	const1	killed	suite:test_smoke	killed	suite:test_smoke
1753	engine_xfer	cnot1	killed	suite:test_directed	killed	suite:test_directed
1754	engine_xfer	const0	killed	suite:test_kill_xfer	killed	suite:test_kill_xfer
1755	engine_xfer	cnot0	killed	suite:test_random	killed	suite:test_random
1756	engine_xfer	inv	killed	suite:test_random	killed	suite:test_random
1757	engine_xfer	cnot0	killed	suite:test_random	killed	suite:test_random
1758	engine_xfer	const0	killed	suite:test_directed	killed	suite:test_directed
1759	engine_xfer	inv	killed	suite:test_legacy	killed	suite:test_legacy
1760	engine_xfer	cnot0	killed	suite:test_random	killed	suite:test_random
1761	engine_xfer	const0	survived		equivalent	miter-abc-900s
1762	engine_xfer	cnot0	killed	suite:test_protocols	killed	suite:test_protocols
1763	engine_xfer	inv	killed	suite:test_legacy	killed	suite:test_legacy
1764	engine_xfer	inv	killed	suite:test_legacy	killed	suite:test_legacy
1765	engine_xfer	const0	equivalent	equiv_induct	equivalent	equiv_induct
1766	engine_xfer	const1	killed	suite:test_random	killed	suite:test_random
1767	engine_xfer	const0	killed	suite:test_kill_xfer	killed	suite:test_kill_xfer
1768	engine_xfer	cnot1	survived		equivalent	miter-abc-900s
1769	engine_xfer	const1	killed	suite:test_protocols	killed	suite:test_protocols
1770	engine_xfer	inv	killed	suite:test_smoke	killed	suite:test_smoke
1771	engine_xfer	cnot0	killed	suite:test_legacy	killed	suite:test_legacy
1772	engine_xfer	inv	killed	suite:test_random	killed	suite:test_random
1773	engine_xfer	inv	killed	suite:test_random	killed	suite:test_random
1774	engine_xfer	const0	killed	suite:test_protocols	killed	suite:test_protocols
1775	engine_xfer	cnot1	killed	suite:test_random	killed	suite:test_random
1776	engine_xfer	inv	killed	suite:test_random	killed	suite:test_random
1777	engine_xfer	const0	killed	suite:test_random	killed	suite:test_random
1778	engine_xfer	const0	killed	suite:test_kill_xfer	killed	suite:test_kill_xfer
1779	engine_xfer	const1	killed	suite:test_legacy	killed	suite:test_legacy
1780	engine_xfer	const0	killed	suite:test_random	killed	suite:test_random
1781	engine_xfer	const1	killed	suite:test_legacy	killed	suite:test_legacy
1782	engine_xfer	cnot1	killed	suite:test_kill_xfer	killed	suite:test_kill_xfer
1783	engine_xfer	const1	killed	suite:test_protocols	killed	suite:test_protocols
1784	engine_xfer	cnot1	killed	suite:test_random	killed	suite:test_random
1785	engine_xfer	cnot1	killed	suite:test_random	killed	suite:test_random
1786	engine_xfer	cnot1	killed	suite:test_random	killed	suite:test_random
1787	engine_xfer	inv	survived		survived	
1788	engine_xfer	const1	killed	suite:test_protocols	killed	suite:test_protocols
1789	engine_xfer	inv	killed	suite:test_smoke	killed	suite:test_smoke
1790	engine_xfer	inv	killed	suite:test_random	killed	suite:test_random
1791	engine_xfer	cnot0	killed	suite:test_random	killed	suite:test_random
1792	engine_xfer	inv	killed	suite:test_legacy	killed	suite:test_legacy
1793	engine_xfer	inv	killed	suite:test_random	killed	suite:test_random
1794	engine_xfer	const1	killed	suite:test_legacy	killed	suite:test_legacy
1795	engine_xfer	cnot0	killed	suite:test_legacy	killed	suite:test_legacy
1796	engine_xfer	inv	killed	suite:test_random	killed	suite:test_random
1797	engine_xfer	inv	killed	suite:test_random	killed	suite:test_random
1798	engine_xfer	cnot1	killed	suite:test_kill_xfer	killed	suite:test_kill_xfer
1799	engine_xfer	cnot1	killed	suite:test_random	killed	suite:test_random
1800	engine_xfer	inv	killed	suite:test_legacy	killed	suite:test_legacy
1801	engine_xfer	const1	survived		equivalent	miter-abc-900s
1802	engine_xfer	const0	killed	suite:test_random	killed	suite:test_random
1803	engine_xfer	const1	killed	suite:test_protocols	killed	suite:test_protocols
1804	engine_xfer	const1	killed	suite:test_random	killed	suite:test_random
1805	engine_xfer	cnot1	killed	suite:test_random	killed	suite:test_random
1806	engine_xfer	cnot1	killed	suite:test_random	killed	suite:test_random
1807	engine_xfer	inv	killed	suite:test_smoke	killed	suite:test_smoke
1808	engine_xfer	const0	killed	suite:test_protocols	killed	suite:test_protocols
1809	engine_xfer	const1	killed	suite:test_legacy	killed	suite:test_legacy
1810	engine_xfer	const0	equivalent	equiv_induct	equivalent	equiv_induct
1811	engine_xfer	const1	killed	suite:test_kill_xfer	killed	suite:test_kill_xfer
1812	engine_xfer	cnot1	killed	suite:test_kill_xfer	killed	suite:test_kill_xfer
1813	engine_xfer	const1	killed	suite:test_protocols	killed	suite:test_protocols
1814	engine_xfer	cnot0	killed	suite:test_legacy	killed	suite:test_legacy
1815	engine_xfer	cnot1	killed	suite:test_random	killed	suite:test_random
1816	engine_xfer	const1	killed	suite:test_protocols	killed	suite:test_protocols
1817	engine_xfer	cnot1	killed	suite:test_random	killed	suite:test_random
1818	engine_xfer	const0	killed	suite:test_random	killed	suite:test_random
1819	engine_xfer	inv	killed	suite:test_legacy	killed	suite:test_legacy
1820	engine_xfer	const1	killed	suite:test_random	killed	suite:test_random
1821	engine_xfer	inv	killed	suite:test_smoke	killed	suite:test_smoke
1822	engine_xfer	const1	killed	suite:test_smoke	killed	suite:test_smoke
1823	engine_xfer	cnot0	killed	suite:test_kill_xfer	killed	suite:test_kill_xfer
1824	engine_xfer	const1	killed	suite:test_smoke	killed	suite:test_smoke
1825	engine_xfer	cnot0	killed	suite:test_legacy	killed	suite:test_legacy
1826	engine_xfer	cnot0	killed	suite:test_smoke	killed	suite:test_smoke
1827	engine_xfer	const1	killed	suite:test_random	killed	suite:test_random
1828	engine_xfer	const1	survived		equivalent	miter-abc-900s
1829	engine_xfer	const0	survived		equivalent	miter-abc-900s
1830	engine_xfer	cnot0	killed	suite:test_legacy	killed	suite:test_legacy
1831	engine_xfer	const0	killed	suite:test_kill_xfer	killed	suite:test_kill_xfer
1832	engine_xfer	const1	killed	suite:test_legacy	killed	suite:test_legacy
1833	engine_xfer	cnot0	killed	suite:test_protocols	killed	suite:test_protocols
1834	engine_xfer	inv	killed	suite:test_legacy	killed	suite:test_legacy
1835	engine_xfer	const1	killed	suite:test_random	killed	suite:test_random
1836	engine_xfer	const1	killed	suite:test_random	killed	suite:test_random
1837	engine_xfer	cnot1	equivalent	equiv_induct	equivalent	equiv_induct
1838	engine_xfer	const1	killed	suite:test_random	killed	suite:test_random
1839	engine_xfer	const0	killed	suite:test_random	killed	suite:test_random
1840	engine_xfer	cnot1	survived		equivalent	miter-abc-900s
1841	engine_xfer	inv	survived		equivalent	miter-abc-900s
1842	engine_xfer	const0	killed	suite:test_kill_xfer	killed	suite:test_kill_xfer
1843	engine_xfer	cnot1	killed	suite:test_legacy	killed	suite:test_legacy
1844	engine_xfer	const0	killed	suite:test_legacy	killed	suite:test_legacy
1845	engine_xfer	const1	killed	suite:test_random	killed	suite:test_random
1846	engine_xfer	inv	killed	suite:test_random	killed	suite:test_random
1847	engine_xfer	const0	killed	suite:test_random	killed	suite:test_random
1848	engine_xfer	cnot1	killed	suite:test_random	killed	suite:test_random
1849	engine_xfer	const0	equivalent	equiv_induct	equivalent	equiv_induct
1850	engine_xfer	cnot1	killed	suite:test_directed	killed	suite:test_directed
1851	engine_xfer	cnot1	killed	suite:test_kill_xfer	killed	suite:test_kill_xfer
1852	engine_xfer	const0	killed	suite:test_random	killed	suite:test_random
1853	engine_xfer	cnot0	killed	suite:test_random	killed	suite:test_random
1854	engine_xfer	cnot1	killed	suite:test_random	killed	suite:test_random
1855	engine_xfer	cnot1	killed	suite:test_directed	killed	suite:test_directed
1856	engine_xfer	const0	killed	suite:test_legacy	killed	suite:test_legacy
1857	engine_xfer	const1	killed	suite:test_random	killed	suite:test_random
1858	engine_xfer	const1	killed	suite:test_random	killed	suite:test_random
1859	engine_xfer	inv	survived		equivalent	miter-abc-900s
1860	engine_xfer	inv	killed	suite:test_random	killed	suite:test_random
1861	engine_xfer	const0	killed	suite:test_kill_xfer	killed	suite:test_kill_xfer
1862	engine_xfer	cnot1	equivalent	equiv_induct	equivalent	equiv_induct
1863	engine_xfer	const1	killed	suite:test_random	killed	suite:test_random
1864	engine_xfer	inv	killed	suite:test_legacy	killed	suite:test_legacy
1865	engine_xfer	cnot0	killed	suite:test_random	killed	suite:test_random
1866	engine_xfer	cnot1	equivalent	equiv_induct	equivalent	equiv_induct
1867	engine_xfer	inv	killed	suite:test_legacy	killed	suite:test_legacy
1868	engine_xfer	const1	killed	suite:test_random	killed	suite:test_random
1869	engine_xfer	const0	killed	suite:test_random	killed	suite:test_random
1870	engine_xfer	inv	killed	suite:test_random	killed	suite:test_random
1871	engine_xfer	const0	killed	suite:test_protocols	killed	suite:test_protocols
1872	engine_xfer	const1	killed	suite:test_smoke	killed	suite:test_smoke
1873	engine_xfer	inv	survived		equivalent	miter-abc-900s
1874	engine_xfer	const1	killed	suite:test_legacy	killed	suite:test_legacy
1875	engine_xfer	const1	killed	suite:test_random	killed	suite:test_random
1876	engine_xfer	const0	killed	suite:test_protocols	killed	suite:test_protocols
1877	engine_xfer	inv	killed	suite:test_random	killed	suite:test_random
1878	engine_xfer	const1	killed	suite:test_random	killed	suite:test_random
1879	engine_xfer	cnot1	killed	suite:test_random	killed	suite:test_random
1880	engine_xfer	cnot0	killed	suite:test_legacy	killed	suite:test_legacy
1881	engine_xfer	cnot1	killed	suite:test_random	killed	suite:test_random
1882	engine_xfer	const1	killed	suite:test_smoke	killed	suite:test_smoke
1883	engine_xfer	const0	killed	suite:test_random	killed	suite:test_random
1884	engine_xfer	const0	killed	suite:test_random	killed	suite:test_random
1885	engine_xfer	const1	killed	suite:test_random	killed	suite:test_random
1886	engine_xfer	cnot0	killed	suite:test_random	killed	suite:test_random
1887	engine_xfer	cnot1	killed	suite:test_kill_xfer	killed	suite:test_kill_xfer
1888	engine_xfer	const1	survived		equivalent	miter-abc-900s
1889	engine_xfer	inv	killed	suite:test_smoke	killed	suite:test_smoke
1890	engine_xfer	const1	killed	suite:test_smoke	killed	suite:test_smoke
1891	engine_xfer	cnot1	killed	suite:test_kill_xfer	killed	suite:test_kill_xfer
1892	engine_xfer	const0	killed	suite:test_random	killed	suite:test_random
1893	engine_xfer	const0	killed	suite:test_random	killed	suite:test_random
1894	engine_xfer	const0	killed	suite:test_kill_xfer	killed	suite:test_kill_xfer
1895	engine_xfer	inv	killed	suite:test_random	killed	suite:test_random
1896	engine_xfer	const0	killed	suite:test_random	killed	suite:test_random
1897	engine_xfer	const1	killed	suite:test_random	killed	suite:test_random
1898	engine_xfer	cnot1	killed	suite:test_random	killed	suite:test_random
1899	engine_xfer	const0	killed	suite:test_random	killed	suite:test_random
1900	engine_xfer	cnot0	killed	suite:test_smoke	killed	suite:test_smoke
1901	engine_xfer	const1	killed	suite:test_smoke	killed	suite:test_smoke
1902	engine_xfer	cnot0	killed	suite:test_protocols	killed	suite:test_protocols
1903	engine_xfer	inv	killed	suite:test_random	killed	suite:test_random
1904	engine_xfer	cnot0	killed	suite:test_directed	killed	suite:test_directed
1905	engine_xfer	cnot0	killed	suite:test_smoke	killed	suite:test_smoke
1906	engine_xfer	inv	killed	suite:test_legacy	killed	suite:test_legacy
1907	engine_xfer	inv	killed	suite:test_legacy	killed	suite:test_legacy
1908	engine_xfer	inv	killed	suite:test_random	killed	suite:test_random
1909	engine_xfer	cnot0	killed	suite:test_random	killed	suite:test_random
1910	engine_xfer	const1	killed	suite:test_random	killed	suite:test_random
1911	engine_xfer	inv	killed	suite:test_random	killed	suite:test_random
1912	engine_xfer	const0	killed	suite:test_kill_xfer	killed	suite:test_kill_xfer
1913	engine_xfer	const1	killed	suite:test_smoke	killed	suite:test_smoke
1914	engine_xfer	const0	killed	suite:test_random	killed	suite:test_random
1915	engine_xfer	const0	killed	suite:test_random	killed	suite:test_random
1916	engine_xfer	const1	killed	suite:test_random	killed	suite:test_random
1917	engine_xfer	cnot0	killed	suite:test_protocols	killed	suite:test_protocols
1918	engine_xfer	cnot0	killed	suite:test_random	killed	suite:test_random
1919	engine_xfer	const0	killed	suite:test_random	killed	suite:test_random
1920	engine_xfer	inv	killed	suite:test_random	killed	suite:test_random
1921	engine_xfer	cnot0	killed	suite:test_legacy	killed	suite:test_legacy
1922	engine_xfer	const1	killed	suite:test_legacy	killed	suite:test_legacy
1923	engine_xfer	cnot1	killed	suite:test_random	killed	suite:test_random
1924	engine_xfer	inv	killed	suite:test_random	killed	suite:test_random
1925	engine_xfer	cnot1	killed	suite:test_random	killed	suite:test_random
1926	engine_xfer	cnot0	killed	suite:test_legacy	killed	suite:test_legacy
1927	engine_xfer	inv	killed	suite:test_random	killed	suite:test_random
1928	engine_xfer	const1	killed	suite:test_random	killed	suite:test_random
1929	engine_xfer	inv	killed	suite:test_legacy	killed	suite:test_legacy
1930	engine_xfer	const1	killed	suite:test_protocols	killed	suite:test_protocols
1931	engine_xfer	const1	killed	suite:test_legacy	killed	suite:test_legacy
1932	engine_xfer	const1	killed	suite:test_random	killed	suite:test_random
1933	engine_xfer	const0	killed	suite:test_random	killed	suite:test_random
1934	engine_xfer	cnot1	killed	suite:test_random	killed	suite:test_random
1935	engine_xfer	cnot0	killed	suite:test_random	killed	suite:test_random
1936	engine_xfer	inv	killed	suite:test_protocols	killed	suite:test_protocols
1937	engine_xfer	cnot1	killed	suite:test_random	killed	suite:test_random
1938	engine_xfer	const0	equivalent	equiv_induct	equivalent	equiv_induct
1939	engine_xfer	const0	killed	suite:test_kill_xfer	killed	suite:test_kill_xfer
1940	engine_xfer	const1	killed	suite:test_legacy	killed	suite:test_legacy
1941	engine_xfer	const0	killed	suite:test_random	killed	suite:test_random
1942	engine_xfer	inv	killed	suite:test_random	killed	suite:test_random
1943	engine_xfer	cnot1	equivalent	equiv_induct	equivalent	equiv_induct
1944	engine_xfer	inv	killed	suite:test_legacy	killed	suite:test_legacy
1945	engine_xfer	cnot0	killed	suite:test_random	killed	suite:test_random
1946	engine_xfer	cnot0	killed	suite:test_random	killed	suite:test_random
1947	engine_xfer	cnot0	killed	suite:test_random	killed	suite:test_random
1948	engine_xfer	cnot1	equivalent	equiv_induct	equivalent	equiv_induct
1949	engine_xfer	cnot1	survived		equivalent	miter-abc-900s
1950	engine_xfer	inv	killed	suite:test_legacy	killed	suite:test_legacy
1951	imem	inv	killed	suite:test_smoke	killed	suite:test_smoke
1952	imem	const0	killed	suite:test_smoke	killed	suite:test_smoke
1953	imem	inv	killed	suite:test_smoke	killed	suite:test_smoke
1954	imem	cnot0	killed	suite:test_smoke	killed	suite:test_smoke
1955	imem	const1	killed	suite:test_smoke	killed	suite:test_smoke
1956	imem	const0	killed	suite:test_random	killed	suite:test_random
1957	imem	const0	killed	suite:test_kill_fifo	killed	suite:test_kill_fifo
1958	imem	const0	killed	suite:test_protocols	killed	suite:test_protocols
1959	imem	const0	killed	suite:test_protocols	killed	suite:test_protocols
1960	imem	const0	killed	suite:test_smoke	killed	suite:test_smoke
1961	imem	const0	killed	suite:test_protocols	killed	suite:test_protocols
1962	imem	cnot1	survived		survived	
1963	imem	const1	killed	suite:test_random	killed	suite:test_random
1964	imem	cnot1	killed	suite:test_smoke	killed	suite:test_smoke
1965	imem	cnot1	killed	suite:test_smoke	killed	suite:test_smoke
1966	imem	const0	killed	suite:test_smoke	killed	suite:test_smoke
1967	imem	cnot1	survived		survived	
1968	imem	const1	killed	suite:test_smoke	killed	suite:test_smoke
1969	imem	const1	survived		survived	
1970	imem	const0	killed	suite:test_smoke	killed	suite:test_smoke
1971	imem	const1	killed	suite:test_smoke	killed	suite:test_smoke
1972	imem	const1	killed	suite:test_smoke	killed	suite:test_smoke
1973	imem	const0	killed	suite:test_random	killed	suite:test_random
1974	imem	cnot1	killed	suite:test_directed	killed	suite:test_directed
1975	imem	const1	killed	suite:test_smoke	killed	suite:test_smoke
1976	imem	cnot1	killed	suite:test_random	killed	suite:test_random
1977	imem	const1	killed	suite:test_smoke	killed	suite:test_smoke
1978	imem	const1	equivalent	miter-abc	equivalent	miter-abc
1979	imem	const1	killed	suite:test_smoke	killed	suite:test_smoke
1980	imem	inv	killed	suite:test_smoke	killed	suite:test_smoke
1981	imem	cnot1	killed	suite:test_directed	killed	suite:test_directed
1982	imem	const1	killed	suite:test_smoke	killed	suite:test_smoke
1983	imem	const1	killed	suite:test_flagship	killed	suite:test_flagship
1984	imem	cnot1	survived		survived	
1985	imem	cnot0	killed	suite:test_smoke	killed	suite:test_smoke
1986	imem	const1	killed	suite:test_smoke	killed	suite:test_smoke
1987	imem	const1	killed	suite:test_smoke	killed	suite:test_smoke
1988	imem	const1	equivalent	equiv_inv	equivalent	equiv_inv
1989	imem	const1	killed	suite:test_smoke	killed	suite:test_smoke
1990	imem	const1	killed	suite:test_smoke	killed	suite:test_smoke
1991	imem	const0	killed	suite:test_smoke	killed	suite:test_smoke
1992	imem	const1	killed	suite:test_protocols	killed	suite:test_protocols
1993	imem	inv	killed	suite:test_smoke	killed	suite:test_smoke
1994	imem	const1	killed	suite:test_smoke	killed	suite:test_smoke
1995	imem	const0	killed	suite:test_smoke	killed	suite:test_smoke
1996	imem	const1	killed	suite:test_smoke	killed	suite:test_smoke
1997	imem	const0	killed	suite:test_smoke	killed	suite:test_smoke
1998	imem	cnot0	killed	suite:test_protocols	killed	suite:test_protocols
1999	imem	inv	killed	suite:test_smoke	killed	suite:test_smoke
2000	imem	const1	killed	suite:test_random	killed	suite:test_random
2001	imem	inv	killed	suite:test_smoke	killed	suite:test_smoke
2002	imem	const1	killed	suite:test_protocols	killed	suite:test_protocols
2003	imem	cnot1	killed	suite:test_random	killed	suite:test_random
2004	imem	inv	killed	suite:test_smoke	killed	suite:test_smoke
2005	imem	const1	killed	suite:test_smoke	killed	suite:test_smoke
2006	imem	const1	killed	suite:test_smoke	killed	suite:test_smoke
2007	imem	inv	killed	suite:test_smoke	killed	suite:test_smoke
2008	imem	const0	killed	suite:test_random	killed	suite:test_random
2009	imem	const1	equivalent	equiv_inv	equivalent	equiv_inv
2010	imem	cnot0	killed	suite:test_smoke	killed	suite:test_smoke
2011	shared	inv	killed	suite:test_smoke	killed	suite:test_smoke
2012	shared	const0	killed	suite:test_kill_pc	killed	suite:test_kill_pc
2013	shared	const0	killed	suite:test_smoke	killed	suite:test_smoke
2014	shared	const0	killed	suite:test_kill_pc	killed	suite:test_kill_pc
2015	shared	const0	killed	suite:test_smoke	killed	suite:test_smoke
2016	shared	cnot0	killed	suite:test_protocols	killed	suite:test_protocols
2017	shared	const0	killed	suite:test_smoke	killed	suite:test_smoke
2018	shared	cnot0	killed	suite:test_smoke	killed	suite:test_smoke
2019	shared	const0	killed	suite:test_smoke	killed	suite:test_smoke
2020	shared	const0	survived		survived	
2021	shared	const0	killed	suite:test_legacy	killed	suite:test_legacy
2022	shared	cnot0	killed	suite:test_legacy	killed	suite:test_legacy
2023	shared	cnot0	killed	suite:test_protocols	killed	suite:test_protocols
2024	shared	const1	killed	suite:test_smoke	killed	suite:test_smoke
2025	shared	const1	killed	suite:test_random	killed	suite:test_random
2026	shared	cnot0	killed	suite:test_smoke	killed	suite:test_smoke
2027	shared	inv	killed	suite:test_smoke	killed	suite:test_smoke
2028	shared	const1	killed	suite:test_smoke	killed	suite:test_smoke
2029	shared	const0	killed	suite:test_random	killed	suite:test_random
2030	shared	const0	killed	suite:test_smoke	killed	suite:test_smoke
2031	shared	const1	killed	suite:test_smoke	killed	suite:test_smoke
2032	shared	const1	killed	suite:test_random	killed	suite:test_random
2033	shared	inv	killed	suite:test_smoke	killed	suite:test_smoke
2034	shared	cnot1	equivalent	equiv_induct	equivalent	equiv_induct
2035	shared	inv	killed	suite:test_smoke	killed	suite:test_smoke
2036	shared	const0	killed	suite:test_legacy	killed	suite:test_legacy
2037	shared	const0	killed	suite:test_smoke	killed	suite:test_smoke
2038	shared	const0	killed	suite:test_smoke	killed	suite:test_smoke
2039	shared	const1	killed	suite:test_smoke	killed	suite:test_smoke
2040	shared	const0	killed	suite:test_smoke	killed	suite:test_smoke
2041	shared	const1	killed	suite:test_random	killed	suite:test_random
2042	shared	inv	killed	suite:test_smoke	killed	suite:test_smoke
2043	shared	const0	killed	suite:test_random	killed	suite:test_random
2044	shared	const0	equivalent	equiv_induct	equivalent	equiv_induct
2045	shared	cnot0	killed	suite:test_smoke	killed	suite:test_smoke
2046	shared	const1	killed	suite:test_smoke	killed	suite:test_smoke
2047	shared	inv	killed	suite:test_smoke	killed	suite:test_smoke
2048	shared	cnot0	killed	suite:test_smoke	killed	suite:test_smoke
2049	shared	inv	killed	suite:test_smoke	killed	suite:test_smoke
2050	shared	const1	killed	suite:test_legacy	killed	suite:test_legacy
2051	shared	cnot0	killed	suite:test_smoke	killed	suite:test_smoke
2052	shared	const0	killed	suite:test_protocols	killed	suite:test_protocols
2053	shared	inv	killed	suite:test_smoke	killed	suite:test_smoke
2054	shared	inv	killed	suite:test_smoke	killed	suite:test_smoke
2055	shared	inv	killed	suite:test_smoke	killed	suite:test_smoke
2056	shared	const1	killed	suite:test_smoke	killed	suite:test_smoke
2057	shared	const1	killed	suite:test_smoke	killed	suite:test_smoke
2058	shared	inv	killed	suite:test_smoke	killed	suite:test_smoke
2059	shared	const1	killed	suite:test_kill_mover	killed	suite:test_kill_mover
2060	shared	inv	killed	suite:test_smoke	killed	suite:test_smoke
2061	shared	const1	killed	suite:test_smoke	killed	suite:test_smoke
2062	shared	const1	killed	suite:test_smoke	killed	suite:test_smoke
2063	shared	const1	killed	suite:test_smoke	killed	suite:test_smoke
2064	shared	const1	killed	suite:test_smoke	killed	suite:test_smoke
2065	shared	const1	killed	suite:test_smoke	killed	suite:test_smoke
2066	shared	inv	killed	suite:test_smoke	killed	suite:test_smoke
2067	shared	const0	killed	suite:test_smoke	killed	suite:test_smoke
2068	shared	const1	killed	suite:test_smoke	killed	suite:test_smoke
2069	shared	inv	killed	suite:test_smoke	killed	suite:test_smoke
2070	shared	const1	killed	suite:test_protocols	killed	suite:test_protocols
2071	shared	const0	killed	suite:test_smoke	killed	suite:test_smoke
2072	shared	inv	killed	suite:test_smoke	killed	suite:test_smoke
2073	shared	const1	killed	suite:test_smoke	killed	suite:test_smoke
2074	shared	const0	killed	suite:test_protocols	killed	suite:test_protocols
2075	shared	const0	killed	suite:test_protocols	killed	suite:test_protocols
2076	shared	const1	killed	suite:test_legacy	killed	suite:test_legacy
2077	shared	const0	killed	suite:test_legacy	killed	suite:test_legacy
2078	shared	inv	killed	suite:test_smoke	killed	suite:test_smoke
2079	shared	const0	killed	suite:test_random	killed	suite:test_random
2080	shared	inv	killed	suite:test_smoke	killed	suite:test_smoke
2081	shared	const0	killed	suite:test_random	killed	suite:test_random
2082	shared	const1	killed	suite:test_kill_edges	killed	suite:test_kill_edges
2083	shared	inv	killed	suite:test_smoke	killed	suite:test_smoke
2084	shared	cnot0	killed	suite:test_smoke	killed	suite:test_smoke
2085	shared	inv	killed	suite:test_smoke	killed	suite:test_smoke
2086	shared	const1	killed	suite:test_smoke	killed	suite:test_smoke
2087	shared	const0	killed	suite:test_smoke	killed	suite:test_smoke
2088	shared	const0	killed	suite:test_smoke	killed	suite:test_smoke
2089	shared	const0	killed	suite:test_random	killed	suite:test_random
2090	shared	const1	killed	suite:test_smoke	killed	suite:test_smoke
2091	shared	const0	killed	suite:test_kill_mover	killed	suite:test_kill_mover
2092	shared	inv	killed	suite:test_smoke	killed	suite:test_smoke
2093	shared	inv	killed	suite:test_smoke	killed	suite:test_smoke
2094	shared	const0	killed	suite:test_smoke	killed	suite:test_smoke
2095	shared	inv	killed	suite:test_smoke	killed	suite:test_smoke
2096	shared	const1	killed	suite:test_smoke	killed	suite:test_smoke
2097	shared	const0	killed	suite:test_legacy	killed	suite:test_legacy
2098	shared	const1	killed	suite:test_kill_edges	killed	suite:test_kill_edges
2099	shared	inv	killed	suite:test_protocols	killed	suite:test_protocols
2100	shared	const1	killed	suite:test_random	killed	suite:test_random
2101	fifo	const1	killed	suite:test_smoke	killed	suite:test_smoke
2102	fifo	cnot1	killed	suite:test_random	killed	suite:test_random
2103	fifo	cnot0	survived		survived	
2104	fifo	cnot0	killed	suite:test_flagship	killed	suite:test_flagship
2105	fifo	inv	killed	suite:test_flagship	killed	suite:test_flagship
2106	fifo	cnot1	killed	suite:test_random	killed	suite:test_random
2107	fifo	cnot1	killed	suite:test_legacy	killed	suite:test_legacy
2108	fifo	const1	killed	suite:test_legacy	killed	suite:test_legacy
2109	fifo	const1	killed	suite:test_smoke	killed	suite:test_smoke
2110	fifo	cnot0	killed	suite:test_mover	killed	suite:test_mover
2111	fifo	const1	killed	suite:test_protocols	killed	suite:test_protocols
2112	fifo	cnot0	killed	suite:test_legacy	killed	suite:test_legacy
2113	fifo	const0	killed	suite:test_legacy	killed	suite:test_legacy
2114	fifo	const1	killed	suite:test_smoke	killed	suite:test_smoke
2115	fifo	const1	killed	suite:test_smoke	killed	suite:test_smoke
2116	fifo	cnot0	killed	suite:test_smoke	killed	suite:test_smoke
2117	fifo	const1	killed	suite:test_smoke	killed	suite:test_smoke
2118	fifo	inv	killed	suite:test_smoke	killed	suite:test_smoke
2119	fifo	const1	killed	suite:test_smoke	killed	suite:test_smoke
2120	fifo	cnot0	killed	suite:test_smoke	killed	suite:test_smoke
2121	fifo	cnot1	killed	suite:test_mover	killed	suite:test_mover
2122	fifo	inv	equivalent	equiv_induct	equivalent	equiv_induct
2123	fifo	inv	killed	suite:test_protocols	killed	suite:test_protocols
2124	fifo	const1	killed	suite:test_random	killed	suite:test_random
2125	fifo	inv	killed	suite:test_legacy	killed	suite:test_legacy
2126	fifo	const0	killed	suite:test_legacy	killed	suite:test_legacy
2127	fifo	inv	killed	suite:test_legacy	killed	suite:test_legacy
2128	fifo	inv	equivalent	equiv_induct	equivalent	equiv_induct
2129	fifo	const1	killed	suite:test_random	killed	suite:test_random
2130	fifo	const1	killed	suite:test_legacy	killed	suite:test_legacy
2131	fifo	inv	killed	suite:test_protocols	killed	suite:test_protocols
2132	fifo	inv	killed	suite:test_smoke	killed	suite:test_smoke
2133	fifo	cnot1	killed	suite:test_legacy	killed	suite:test_legacy
2134	fifo	const1	equivalent	equiv_induct	equivalent	equiv_induct
2135	fifo	const1	killed	suite:test_legacy	killed	suite:test_legacy
2136	fifo	inv	killed	suite:test_smoke	killed	suite:test_smoke
2137	fifo	inv	killed	suite:test_smoke	killed	suite:test_smoke
2138	fifo	const1	killed	suite:test_protocols	killed	suite:test_protocols
2139	fifo	inv	killed	suite:test_protocols	killed	suite:test_protocols
2140	fifo	cnot0	killed	suite:test_protocols	killed	suite:test_protocols
2141	fifo	const0	killed	suite:test_protocols	killed	suite:test_protocols
2142	fifo	cnot1	killed	suite:test_smoke	killed	suite:test_smoke
2143	fifo	cnot1	killed	suite:test_legacy	killed	suite:test_legacy
2144	fifo	const1	equivalent	equiv_induct	equivalent	equiv_induct
2145	fifo	cnot0	killed	suite:test_protocols	killed	suite:test_protocols
2146	fifo	cnot1	killed	suite:test_mover	killed	suite:test_mover
2147	fifo	const1	equivalent	equiv_induct	equivalent	equiv_induct
2148	fifo	const0	killed	suite:test_legacy	killed	suite:test_legacy
2149	fifo	const0	killed	suite:test_protocols	killed	suite:test_protocols
2150	fifo	inv	killed	suite:test_legacy	killed	suite:test_legacy
2151	fifo	cnot0	killed	suite:test_protocols	killed	suite:test_protocols
2152	fifo	const0	killed	suite:test_random	killed	suite:test_random
2153	fifo	const0	killed	suite:test_smoke	killed	suite:test_smoke
2154	fifo	const0	killed	suite:test_legacy	killed	suite:test_legacy
2155	fifo	const1	killed	suite:test_smoke	killed	suite:test_smoke
2156	fifo	const0	killed	suite:test_protocols	killed	suite:test_protocols
2157	fifo	cnot0	killed	suite:test_protocols	killed	suite:test_protocols
2158	fifo	const1	killed	suite:test_protocols	killed	suite:test_protocols
2159	fifo	const0	killed	suite:test_protocols	killed	suite:test_protocols
2160	fifo	inv	killed	suite:test_smoke	killed	suite:test_smoke
2161	fifo	const0	killed	suite:test_random	killed	suite:test_random
2162	fifo	inv	killed	suite:test_smoke	killed	suite:test_smoke
2163	fifo	inv	killed	suite:test_flagship	killed	suite:test_flagship
2164	fifo	const1	killed	suite:test_legacy	killed	suite:test_legacy
2165	fifo	const0	killed	suite:test_protocols	killed	suite:test_protocols
2166	fifo	inv	killed	suite:test_smoke	killed	suite:test_smoke
2167	fifo	const1	killed	suite:test_protocols	killed	suite:test_protocols
2168	fifo	inv	killed	suite:test_random	killed	suite:test_random
2169	fifo	const1	killed	suite:test_smoke	killed	suite:test_smoke
2170	fifo	const0	killed	suite:test_protocols	killed	suite:test_protocols
2171	fifo	const0	killed	suite:test_random	killed	suite:test_random
2172	fifo	inv	killed	suite:test_protocols	killed	suite:test_protocols
2173	fifo	const0	killed	suite:test_timewarp	killed	suite:test_timewarp
2174	fifo	const1	killed	suite:test_smoke	killed	suite:test_smoke
2175	fifo	const0	killed	suite:test_legacy	killed	suite:test_legacy
2176	fifo	inv	killed	suite:test_protocols	killed	suite:test_protocols
2177	fifo	inv	killed	suite:test_smoke	killed	suite:test_smoke
2178	fifo	cnot1	killed	suite:test_random	killed	suite:test_random
2179	fifo	const1	killed	suite:test_legacy	killed	suite:test_legacy
2180	fifo	inv	killed	suite:test_protocols	killed	suite:test_protocols
2181	fifo	const0	killed	suite:test_protocols	killed	suite:test_protocols
2182	fifo	cnot0	killed	suite:test_smoke	killed	suite:test_smoke
2183	fifo	cnot1	killed	suite:test_legacy	killed	suite:test_legacy
2184	fifo	cnot0	killed	suite:test_protocols	killed	suite:test_protocols
2185	fifo	cnot1	killed	suite:test_flagship	killed	suite:test_flagship
2186	fifo	cnot0	killed	suite:test_protocols	killed	suite:test_protocols
2187	fifo	inv	killed	suite:test_protocols	killed	suite:test_protocols
2188	fifo	cnot0	killed	suite:test_legacy	killed	suite:test_legacy
2189	fifo	const0	killed	suite:test_legacy	killed	suite:test_legacy
2190	fifo	const1	killed	suite:test_random	killed	suite:test_random
2191	fifo	const1	killed	suite:test_smoke	killed	suite:test_smoke
2192	fifo	const1	killed	suite:test_protocols	killed	suite:test_protocols
2193	fifo	const1	killed	suite:test_smoke	killed	suite:test_smoke
2194	fifo	const0	killed	suite:test_protocols	killed	suite:test_protocols
2195	fifo	const0	killed	suite:test_protocols	killed	suite:test_protocols
2196	fifo	inv	killed	suite:test_protocols	killed	suite:test_protocols
2197	fifo	const0	killed	suite:test_protocols	killed	suite:test_protocols
2198	fifo	const0	killed	suite:test_legacy	killed	suite:test_legacy
2199	fifo	const0	killed	suite:test_protocols	killed	suite:test_protocols
2200	fifo	const1	killed	suite:test_protocols	killed	suite:test_protocols
2201	fifo	const0	killed	suite:test_protocols	killed	suite:test_protocols
2202	fifo	const0	killed	suite:test_flagship	killed	suite:test_flagship
2203	fifo	cnot0	killed	suite:test_protocols	killed	suite:test_protocols
2204	fifo	const1	killed	suite:test_protocols	killed	suite:test_protocols
2205	fifo	const0	killed	suite:test_random	killed	suite:test_random
2206	fifo	const1	killed	suite:test_smoke	killed	suite:test_smoke
2207	fifo	const1	killed	suite:test_smoke	killed	suite:test_smoke
2208	fifo	const1	killed	suite:test_protocols	killed	suite:test_protocols
2209	fifo	cnot1	killed	suite:test_protocols	killed	suite:test_protocols
2210	fifo	const0	killed	suite:test_legacy	killed	suite:test_legacy
2211	fifo	const0	killed	suite:test_random	killed	suite:test_random
2212	fifo	inv	killed	suite:test_smoke	killed	suite:test_smoke
2213	fifo	const1	killed	suite:test_random	killed	suite:test_random
2214	fifo	const1	killed	suite:test_smoke	killed	suite:test_smoke
2215	fifo	const0	survived		survived	
2216	fifo	cnot1	killed	suite:test_random	killed	suite:test_random
2217	fifo	const0	killed	suite:test_legacy	killed	suite:test_legacy
2218	fifo	const1	killed	suite:test_smoke	killed	suite:test_smoke
2219	fifo	const0	killed	suite:test_legacy	killed	suite:test_legacy
2220	fifo	const1	equivalent	equiv_induct	equivalent	equiv_induct
2221	fifo	const0	killed	suite:test_random	killed	suite:test_random
2222	fifo	const0	killed	suite:test_protocols	killed	suite:test_protocols
2223	fifo	cnot1	killed	suite:test_legacy	killed	suite:test_legacy
2224	fifo	inv	killed	suite:test_smoke	killed	suite:test_smoke
2225	fifo	const1	killed	suite:test_protocols	killed	suite:test_protocols
2226	fifo	const0	killed	suite:test_random	killed	suite:test_random
2227	fifo	cnot0	killed	suite:test_protocols	killed	suite:test_protocols
2228	fifo	cnot0	killed	suite:test_legacy	killed	suite:test_legacy
2229	fifo	const1	equivalent	equiv_induct	equivalent	equiv_induct
2230	fifo	cnot0	killed	suite:test_legacy	killed	suite:test_legacy
2231	engine_data	inv	killed	suite:test_random	killed	suite:test_random
2232	engine_data	cnot1	killed	suite:test_random	killed	suite:test_random
2233	engine_data	inv	killed	suite:test_legacy	killed	suite:test_legacy
2234	engine_data	inv	killed	suite:test_random	killed	suite:test_random
2235	engine_data	cnot0	survived		survived	
2236	engine_data	const1	killed	suite:test_legacy	killed	suite:test_legacy
2237	engine_data	const1	survived		survived	
2238	engine_data	const0	killed	suite:test_kill_regs	killed	suite:test_kill_regs
2239	engine_data	inv	killed	suite:test_protocols	killed	suite:test_protocols
2240	engine_data	inv	killed	suite:test_random	killed	suite:test_random
2241	engine_data	inv	killed	suite:test_random	killed	suite:test_random
2242	engine_data	cnot1	killed	suite:test_random	killed	suite:test_random
2243	engine_data	const0	killed	suite:test_kill_regs	killed	suite:test_kill_regs
2244	engine_data	cnot1	killed	suite:test_kill_regs	killed	suite:test_kill_regs
2245	engine_data	inv	survived		survived	
2246	engine_data	const0	killed	suite:test_random	killed	suite:test_random
2247	engine_data	cnot0	killed	suite:test_random	killed	suite:test_random
2248	engine_data	cnot0	killed	suite:test_legacy	killed	suite:test_legacy
2249	engine_data	const1	killed	suite:test_random	killed	suite:test_random
2250	engine_data	const1	killed	suite:test_random	killed	suite:test_random
2251	engine_data	inv	killed	suite:test_random	killed	suite:test_random
2252	engine_data	inv	killed	suite:test_protocols	killed	suite:test_protocols
2253	engine_data	cnot1	killed	suite:test_random	killed	suite:test_random
2254	engine_data	cnot0	killed	suite:test_random	killed	suite:test_random
2255	engine_data	const1	killed	suite:test_legacy	killed	suite:test_legacy
2256	engine_data	cnot0	killed	suite:test_legacy	killed	suite:test_legacy
2257	engine_data	const1	killed	suite:test_random	killed	suite:test_random
2258	engine_data	const0	killed	suite:test_kill_regs	killed	suite:test_kill_regs
2259	engine_data	cnot0	killed	suite:test_random	killed	suite:test_random
2260	engine_data	const1	killed	suite:test_legacy	killed	suite:test_legacy
2261	engine_data	cnot0	killed	suite:test_random	killed	suite:test_random
2262	engine_data	const0	killed	suite:test_random	killed	suite:test_random
2263	engine_data	cnot0	killed	suite:test_legacy	killed	suite:test_legacy
2264	engine_data	cnot1	killed	suite:test_random	killed	suite:test_random
2265	engine_data	const1	killed	suite:test_random	killed	suite:test_random
2266	engine_data	const1	killed	suite:test_random	killed	suite:test_random
2267	engine_data	const1	killed	suite:test_random	killed	suite:test_random
2268	engine_data	const0	killed	suite:test_kill_regs	killed	suite:test_kill_regs
2269	engine_data	cnot0	killed	suite:test_protocols	killed	suite:test_protocols
2270	engine_data	cnot0	killed	suite:test_random	killed	suite:test_random
2271	engine_data	const0	killed	suite:test_random	killed	suite:test_random
2272	engine_data	inv	killed	suite:test_random	killed	suite:test_random
2273	engine_data	cnot0	killed	suite:test_legacy	killed	suite:test_legacy
2274	engine_data	cnot1	killed	suite:test_random	killed	suite:test_random
2275	engine_data	inv	killed	suite:test_random	killed	suite:test_random
2276	engine_data	cnot0	killed	suite:test_legacy	killed	suite:test_legacy
2277	engine_data	cnot0	killed	suite:test_smoke	killed	suite:test_smoke
2278	engine_data	inv	killed	suite:test_random	killed	suite:test_random
2279	engine_data	const0	killed	suite:test_directed	killed	suite:test_directed
2280	engine_data	const1	killed	suite:test_random	killed	suite:test_random
2281	engine_data	cnot0	killed	suite:test_legacy	killed	suite:test_legacy
2282	engine_data	const0	killed	suite:test_kill_regs	killed	suite:test_kill_regs
2283	engine_data	const1	killed	suite:test_protocols	killed	suite:test_protocols
2284	engine_data	inv	killed	suite:test_legacy	killed	suite:test_legacy
2285	engine_data	inv	killed	suite:test_legacy	killed	suite:test_legacy
2286	engine_data	const0	killed	suite:test_random	killed	suite:test_random
2287	engine_data	cnot1	killed	suite:test_kill_regs	killed	suite:test_kill_regs
2288	engine_data	cnot0	killed	suite:test_random	killed	suite:test_random
2289	engine_data	cnot0	killed	suite:test_random	killed	suite:test_random
2290	engine_data	cnot0	killed	suite:test_legacy	killed	suite:test_legacy
2291	engine_data	const0	killed	suite:test_kill_regs	killed	suite:test_kill_regs
2292	engine_data	inv	killed	suite:test_random	killed	suite:test_random
2293	engine_data	const0	killed	suite:test_legacy	killed	suite:test_legacy
2294	engine_data	cnot0	killed	suite:test_random	killed	suite:test_random
2295	engine_data	inv	killed	suite:test_legacy	killed	suite:test_legacy
2296	engine_data	cnot1	killed	suite:test_kill_regs	killed	suite:test_kill_regs
2297	engine_data	const1	killed	suite:test_legacy	killed	suite:test_legacy
2298	engine_data	const1	killed	suite:test_random	killed	suite:test_random
2299	engine_data	const1	killed	suite:test_legacy	killed	suite:test_legacy
2300	engine_data	const1	killed	suite:test_random	killed	suite:test_random
2301	engine_data	inv	killed	suite:test_random	killed	suite:test_random
2302	engine_data	inv	killed	suite:test_random	killed	suite:test_random
2303	engine_data	const1	killed	suite:test_legacy	killed	suite:test_legacy
2304	engine_data	cnot1	killed	suite:test_legacy	killed	suite:test_legacy
2305	engine_data	cnot1	killed	suite:test_random	killed	suite:test_random
2306	engine_data	cnot0	killed	suite:test_kill_regs	killed	suite:test_kill_regs
2307	engine_data	cnot1	killed	suite:test_random	killed	suite:test_random
2308	engine_data	inv	killed	suite:test_random	killed	suite:test_random
2309	engine_data	inv	killed	suite:test_legacy	killed	suite:test_legacy
2310	engine_data	const0	killed	suite:test_kill_regs	killed	suite:test_kill_regs
2311	engine_data	cnot1	killed	suite:test_kill_regs	killed	suite:test_kill_regs
2312	engine_data	const1	killed	suite:test_legacy	killed	suite:test_legacy
2313	engine_data	cnot1	equivalent	equiv_induct	equivalent	equiv_induct
2314	engine_data	const1	killed	suite:test_random	killed	suite:test_random
2315	engine_data	const1	killed	suite:test_kill_regs	killed	suite:test_kill_regs
2316	engine_data	cnot1	killed	suite:test_kill_regs	killed	suite:test_kill_regs
2317	engine_data	const1	killed	suite:test_random	killed	suite:test_random
2318	engine_data	cnot0	killed	suite:test_random	killed	suite:test_random
2319	engine_data	cnot1	killed	suite:test_random	killed	suite:test_random
2320	engine_data	cnot1	killed	suite:test_kill_regs	killed	suite:test_kill_regs
2321	engine_data	const1	survived		survived	
2322	engine_data	cnot1	killed	suite:test_random	killed	suite:test_random
2323	engine_data	inv	killed	suite:test_protocols	killed	suite:test_protocols
2324	engine_data	cnot1	killed	suite:test_random	killed	suite:test_random
2325	engine_data	inv	killed	suite:test_random	killed	suite:test_random
2326	engine_data	cnot1	killed	suite:test_kill_regs	killed	suite:test_kill_regs
2327	engine_data	cnot0	killed	suite:test_legacy	killed	suite:test_legacy
2328	engine_data	const0	killed	suite:test_random	killed	suite:test_random
2329	engine_data	cnot0	killed	suite:test_legacy	killed	suite:test_legacy
2330	engine_data	const0	killed	suite:test_smoke	killed	suite:test_smoke
2331	engine_data	cnot1	killed	suite:test_random	killed	suite:test_random
2332	engine_data	cnot0	killed	suite:test_random	killed	suite:test_random
2333	engine_data	inv	killed	suite:test_random	killed	suite:test_random
2334	engine_data	cnot1	killed	suite:test_legacy	killed	suite:test_legacy
2335	engine_data	cnot1	killed	suite:test_directed	killed	suite:test_directed
2336	engine_data	inv	killed	suite:test_random	killed	suite:test_random
2337	engine_data	const0	killed	suite:test_random	killed	suite:test_random
2338	engine_data	cnot1	killed	suite:test_random	killed	suite:test_random
2339	engine_data	cnot0	killed	suite:test_random	killed	suite:test_random
2340	engine_data	const0	killed	suite:test_protocols	killed	suite:test_protocols
2341	engine_data	cnot1	killed	suite:test_legacy	killed	suite:test_legacy
2342	engine_data	cnot1	killed	suite:test_random	killed	suite:test_random
2343	engine_data	const0	killed	suite:test_random	killed	suite:test_random
2344	engine_data	const0	survived		survived	
2345	engine_data	cnot1	killed	suite:test_kill_regs	killed	suite:test_kill_regs
2346	engine_data	cnot0	killed	suite:test_legacy	killed	suite:test_legacy
2347	engine_data	const0	killed	suite:test_protocols	killed	suite:test_protocols
2348	engine_data	inv	killed	suite:test_legacy	killed	suite:test_legacy
2349	engine_data	cnot0	killed	suite:test_protocols	killed	suite:test_protocols
2350	engine_data	const1	killed	suite:test_legacy	killed	suite:test_legacy
2351	engine_data	inv	killed	suite:test_flagship	killed	suite:test_flagship
2352	engine_data	const1	killed	suite:test_random	killed	suite:test_random
2353	engine_data	const1	killed	suite:test_protocols	killed	suite:test_protocols
2354	engine_data	const0	killed	suite:test_kill_regs	killed	suite:test_kill_regs
2355	engine_data	cnot1	killed	suite:test_random	killed	suite:test_random
2356	engine_data	inv	killed	suite:test_random	killed	suite:test_random
2357	engine_data	cnot1	killed	suite:test_random	killed	suite:test_random
2358	engine_data	inv	killed	suite:test_random	killed	suite:test_random
2359	engine_data	inv	killed	suite:test_random	killed	suite:test_random
2360	engine_data	cnot0	killed	suite:test_random	killed	suite:test_random
2361	engine_data	cnot1	killed	suite:test_random	killed	suite:test_random
2362	engine_data	const0	killed	suite:test_legacy	killed	suite:test_legacy
2363	engine_data	const0	killed	suite:test_random	killed	suite:test_random
2364	engine_data	const0	killed	suite:test_kill_regs	killed	suite:test_kill_regs
2365	engine_data	const0	killed	suite:test_legacy	killed	suite:test_legacy
2366	engine_data	const0	equivalent	equiv_induct	equivalent	equiv_induct
2367	engine_data	cnot0	killed	suite:test_random	killed	suite:test_random
2368	engine_data	const0	killed	suite:test_kill_regs	killed	suite:test_kill_regs
2369	engine_data	const0	killed	suite:test_random	killed	suite:test_random
2370	engine_data	inv	killed	suite:test_protocols	killed	suite:test_protocols
2371	engine_data	inv	killed	suite:test_random	killed	suite:test_random
2372	engine_data	const1	killed	suite:test_random	killed	suite:test_random
2373	engine_data	const1	killed	suite:test_legacy	killed	suite:test_legacy
2374	engine_data	inv	killed	suite:test_random	killed	suite:test_random
2375	engine_data	const0	killed	suite:test_kill_regs	killed	suite:test_kill_regs
2376	engine_data	cnot1	killed	suite:test_legacy	killed	suite:test_legacy
2377	engine_data	cnot1	killed	suite:test_random	killed	suite:test_random
2378	engine_data	const0	killed	suite:test_kill_regs	killed	suite:test_kill_regs
2379	engine_data	inv	killed	suite:test_random	killed	suite:test_random
2380	engine_data	cnot1	killed	suite:test_legacy	killed	suite:test_legacy
2381	engine_data	cnot0	killed	suite:test_legacy	killed	suite:test_legacy
2382	engine_data	const1	killed	suite:test_legacy	killed	suite:test_legacy
2383	engine_data	const0	killed	suite:test_random	killed	suite:test_random
2384	engine_data	const1	killed	suite:test_protocols	killed	suite:test_protocols
2385	engine_data	const0	killed	suite:test_kill_regs	killed	suite:test_kill_regs
2386	engine_data	cnot0	killed	suite:test_random	killed	suite:test_random
2387	engine_data	cnot0	killed	suite:test_random	killed	suite:test_random
2388	engine_data	cnot0	killed	suite:test_legacy	killed	suite:test_legacy
2389	engine_data	inv	killed	suite:test_legacy	killed	suite:test_legacy
2390	engine_data	const1	killed	suite:test_kill_regs	killed	suite:test_kill_regs
2391	engine_data	cnot1	killed	suite:test_kill_regs	killed	suite:test_kill_regs
2392	engine_data	cnot1	killed	suite:test_random	killed	suite:test_random
2393	engine_data	cnot0	killed	suite:test_random	killed	suite:test_random
2394	engine_data	cnot1	killed	suite:test_kill_regs	killed	suite:test_kill_regs
2395	engine_data	const1	killed	suite:test_protocols	killed	suite:test_protocols
2396	engine_data	const0	killed	suite:test_legacy	killed	suite:test_legacy
2397	engine_data	cnot0	killed	suite:test_smoke	killed	suite:test_smoke
2398	engine_data	const1	killed	suite:test_legacy	killed	suite:test_legacy
2399	engine_data	cnot0	killed	suite:test_protocols	killed	suite:test_protocols
2400	engine_data	const0	killed	suite:test_random	killed	suite:test_random
2401	engine_data	const0	killed	suite:test_random	killed	suite:test_random
2402	engine_data	cnot1	killed	suite:test_random	killed	suite:test_random
2403	engine_data	const0	killed	suite:test_legacy	killed	suite:test_legacy
2404	engine_data	const1	killed	suite:test_random	killed	suite:test_random
2405	engine_data	inv	killed	suite:test_random	killed	suite:test_random
2406	engine_data	cnot1	killed	suite:test_random	killed	suite:test_random
2407	engine_data	inv	survived		survived	
2408	engine_data	cnot1	killed	suite:test_random	killed	suite:test_random
2409	engine_data	const1	killed	suite:test_random	killed	suite:test_random
2410	engine_data	inv	killed	suite:test_random	killed	suite:test_random
2411	timestamp	cnot1	killed	suite:test_smoke	killed	suite:test_smoke
2412	timestamp	cnot1	killed	suite:test_smoke	killed	suite:test_smoke
2413	timestamp	inv	killed	suite:test_random	killed	suite:test_random
2414	timestamp	const1	killed	suite:test_smoke	killed	suite:test_smoke
2415	timestamp	const1	killed	suite:test_smoke	killed	suite:test_smoke
2416	timestamp	const0	killed	suite:test_smoke	killed	suite:test_smoke
2417	timestamp	const0	killed	suite:test_timewarp	killed	suite:test_timewarp
2418	timestamp	const0	killed	suite:test_timewarp	killed	suite:test_timewarp
2419	timestamp	inv	killed	suite:test_random	killed	suite:test_random
2420	timestamp	const0	killed	suite:test_smoke	killed	suite:test_smoke
