id	region	mode	status	how
1	line/out-shared	const0	killed	kill:test_line_spec_every_engine,test_line_spec_bounded_wait,test_line_spec_state_held,test_line_spec_stuffing
2	line/out-shared	cnot0	killed	ordered:test_line_random
3	line/state	const0	survived	
4	line/state	inv	killed	kill:test_line_spec_every_engine,test_line_spec_ticker
5	line/state	const0	killed	ordered:test_line_random
6	line/state	const1	killed	ordered:test_line_random
7	line/state	const0	killed	ordered:test_line_random
8	line/out-engine_xfer	cnot0	killed	ordered:test_line_random
9	line/out-engine_xfer	const1	killed	ordered:test_line_random
10	line/out-engine_xfer	const0	killed	kill:test_line_spec_every_engine
11	line/out-engine_xfer	inv	killed	ordered:test_line_random
12	line/out-shared	const0	killed	ordered:test_line_random
13	line/state	const0	killed	ordered:test_line_random
14	line/out-engine_xfer	inv	killed	ordered:test_line_random
15	line/out-engine_xfer	cnot1	killed	ordered:test_line_random
16	line/out-shared	const0	killed	ordered:test_line_random
17	line/state	inv	killed	ordered:test_line_random
18	line/out-engine_xfer	const0	killed	kill:test_line_spec_every_engine
19	line/out-engine_xfer	inv	killed	ordered:test_line_random
20	line/out-engine_xfer	inv	killed	ordered:test_line_random
21	line/out-engine_xfer	cnot1	killed	ordered:test_line_random
22	line/out-shared	cnot1	killed	ordered:test_line_unit
23	line/state	const0	killed	ordered:test_line_unit
24	line/state	cnot0	killed	ordered:test_line_unit
25	line/state	const0	killed	ordered:test_line_unit
26	line/state	cnot1	killed	ordered:test_line_unit
27	line/state	const0	killed	ordered:test_line_unit
28	line/state	const1	killed	ordered:test_line_unit
29	line/out-engine_xfer	inv	killed	ordered:test_line_unit
30	line/out-engine_xfer	cnot1	killed	ordered:test_line_unit
31	line/out-engine_xfer	const0	killed	ordered:test_line_unit
32	line/out-engine_xfer	cnot1	killed	ordered:test_line_unit
33	line/out-engine_xfer	const0	killed	ordered:test_line_unit
34	line/out-events	inv	killed	ordered:test_line_random
35	line/state	const0	killed	ordered:test_line_random
36	line/state	const0	killed	kill:test_line_spec_crc
37	line/state	const0	killed	ordered:test_line_random
38	line/state	const1	killed	ordered:test_line_random
39	line/state	cnot0	killed	ordered:test_line_random
40	line/state	const1	killed	kill:test_line_spec_crc
41	line/state	const1	killed	kill:test_line_spec_crc,test_line_spec_xfer_crc_bit
42	line/state	cnot0	killed	kill:test_line_spec_crc
43	line/state	cnot1	killed	kill:test_line_spec_crc
44	line/state	cnot1	killed	kill:test_line_spec_crc
45	line/state	cnot1	killed	kill:test_line_spec_crc
46	line/state	inv	killed	ordered:test_line_random
47	line/state	cnot1	killed	kill:test_line_spec_crc
48	line/state	cnot0	killed	ordered:test_line_random
49	line/state	inv	killed	ordered:test_line_random
50	line/state	inv	killed	ordered:test_line_random
51	line/state	const1	killed	ordered:test_line_random
52	line/state	const1	killed	kill:test_line_spec_crc
53	line/state	const1	killed	ordered:test_line_random
54	line/state	const0	killed	kill:test_line_spec_crc
55	line/state	const1	killed	kill:test_line_spec_crc,test_line_spec_xfer_crc_bit
56	line/state	cnot0	killed	ordered:test_line_random
57	line/state	inv	killed	kill:test_line_spec_crc,test_line_spec_xfer_crc_bit
58	line/state	cnot1	killed	kill:test_line_spec_crc
59	line/state	const1	killed	ordered:test_line_random
60	line/state	const1	killed	kill:test_line_spec_every_engine,test_line_spec_crc
61	line/state	const0	killed	kill:test_line_spec_crc
62	line/state	cnot0	killed	kill:test_line_spec_every_engine,test_line_spec_crc
63	line/state	cnot0	killed	kill:test_line_spec_every_engine,test_line_spec_crc
64	line/state	cnot1	killed	kill:test_line_spec_crc
65	line/state	cnot1	killed	kill:test_line_spec_crc
66	line/state	const0	killed	kill:test_line_spec_crc
67	line/state	const0	killed	ordered:test_line_random
68	line/state	inv	killed	ordered:test_line_random
69	line/state	const1	killed	ordered:test_line_random
70	line/state	const1	killed	ordered:test_line_random
71	line/state	const0	killed	ordered:test_line_random
72	line/state	const0	killed	ordered:test_line_random
73	line/state	const0	killed	ordered:test_line_random
74	line/out-shared	const1	killed	ordered:test_line_random
75	line/state	cnot1	killed	kill:test_line_spec_crc
76	line/state	const0	killed	kill:test_line_spec_crc
77	line/state	inv	killed	kill:test_line_spec_crc
78	line/state	cnot0	killed	kill:test_line_spec_crc
79	line/state	inv	killed	kill:test_line_spec_crc
80	line/state	cnot0	killed	kill:test_line_spec_every_engine,test_line_spec_crc,test_line_spec_stuffing,test_line_spec_xfer_crc_bit
81	line/state	const0	killed	kill:test_line_spec_every_engine,test_line_spec_stuffing
82	line/state	const1	killed	kill:test_line_spec_every_engine,test_line_spec_crc,test_line_spec_state_held
83	line/state	inv	killed	kill:test_line_spec_crc
84	line/state	inv	killed	kill:test_line_spec_every_engine,test_line_spec_crc,test_line_spec_state_held,test_line_spec_stuffing
85	line/state	const0	killed	kill:test_line_spec_every_engine,test_line_spec_crc,test_line_spec_xfer_crc_bit
86	line/state	const1	killed	kill:test_line_spec_every_engine,test_line_spec_crc,test_line_spec_xfer_crc_bit
87	line/state	cnot0	killed	kill:test_line_spec_crc,test_line_spec_xfer_crc_bit
88	line/state	const1	killed	kill:test_line_spec_crc
89	line/state	cnot1	killed	kill:test_line_spec_crc
90	line/state	cnot1	killed	kill:test_line_spec_every_engine,test_line_spec_crc,test_line_spec_xfer_crc_bit
91	line/state	inv	killed	kill:test_line_spec_every_engine,test_line_spec_crc,test_line_spec_xfer_crc_bit
92	line/state	const1	killed	kill:test_line_spec_every_engine,test_line_spec_crc,test_line_spec_xfer_crc_bit
93	line/state	inv	killed	kill:test_line_spec_every_engine,test_line_spec_crc
94	line/state	const1	killed	kill:test_line_spec_crc
95	line/state	cnot0	killed	kill:test_line_spec_every_engine,test_line_spec_crc
96	line/state	cnot1	killed	kill:test_line_spec_crc
97	line/state	const0	killed	ordered:test_line_unit
98	line/state	const0	killed	ordered:test_line_demos
99	line/state	cnot0	killed	ordered:test_line_unit
100	line/state	const0	killed	ordered:test_line_unit
101	line/state	cnot1	killed	kill:test_line_spec_crc
102	line/state	const1	killed	ordered:test_line_unit
103	line/state	inv	killed	ordered:test_line_unit
104	line/state	const0	killed	ordered:test_line_unit
105	line/state	cnot0	killed	ordered:test_line_unit
106	line/state	const1	killed	ordered:test_line_unit
107	line/state	const0	killed	ordered:test_line_unit
108	line/state	cnot0	killed	ordered:test_line_unit
109	line/state	inv	killed	ordered:test_line_unit
110	line/state	cnot1	killed	ordered:test_line_unit
111	line/state	cnot1	killed	kill:test_line_spec_crc
112	line/state	const1	killed	ordered:test_line_unit
113	line/state	inv	killed	ordered:test_line_unit
114	line/state	cnot1	killed	kill:test_line_spec_crc
115	line/state	cnot0	killed	kill:test_line_spec_crc
116	line/state	const0	killed	kill:test_line_spec_crc
117	line/state	cnot0	killed	ordered:test_line_unit
118	line/state	const1	killed	ordered:test_line_unit
119	line/state	cnot0	killed	ordered:test_line_unit
120	line/state	inv	killed	ordered:test_line_unit
121	line/state	const1	killed	ordered:test_line_unit
122	line/state	cnot0	killed	ordered:test_line_unit
123	line/state	const0	killed	kill:test_line_spec_crc
124	line/state	const0	killed	kill:test_line_spec_crc
125	line/state	const1	killed	ordered:test_line_unit
126	line/state	const0	killed	kill:test_line_spec_crc
127	line/state	const1	killed	ordered:test_line_unit
128	line/state	const1	killed	ordered:test_line_unit
129	line/state	const0	killed	kill:test_line_spec_crc
130	line/state	cnot1	killed	kill:test_line_spec_crc
131	line/state	const1	killed	kill:test_line_spec_crc,test_line_spec_xfer_crc_bit
132	line/state	const0	killed	kill:test_line_spec_every_engine,test_line_spec_crc,test_line_spec_stuffing
133	line/state	const1	killed	kill:test_line_spec_crc
134	line/state	cnot0	killed	kill:test_line_spec_every_engine,test_line_spec_crc,test_line_spec_stuffing,test_line_spec_xfer_crc_bit
135	line/state	cnot1	killed	kill:test_line_spec_crc
136	line/state	const1	killed	kill:test_line_spec_every_engine,test_line_spec_crc,test_line_spec_stuffing,test_line_spec_xfer_crc_bit
137	line/state	inv	killed	kill:test_line_spec_every_engine,test_line_spec_crc,test_line_spec_state_held,test_line_spec_stuffing
138	line/state	cnot0	killed	kill:test_line_spec_every_engine,test_line_spec_crc,test_line_spec_state_held
139	line/state	const0	killed	kill:test_line_spec_crc
140	line/state	cnot1	killed	kill:test_line_spec_every_engine,test_line_spec_crc
141	line/state	const1	killed	kill:test_line_spec_every_engine,test_line_spec_crc,test_line_spec_state_held,test_line_spec_stuffing
142	line/state	const1	killed	kill:test_line_spec_every_engine,test_line_spec_crc
143	line/state	cnot0	killed	kill:test_line_spec_every_engine,test_line_spec_crc,test_line_spec_state_held,test_line_spec_stuffing
144	line/state	const1	killed	kill:test_line_spec_every_engine,test_line_spec_crc,test_line_spec_state_held,test_line_spec_stuffing
145	line/state	const1	killed	kill:test_line_spec_every_engine,test_line_spec_crc,test_line_spec_state_held,test_line_spec_stuffing
146	line/state	cnot0	killed	kill:test_line_spec_every_engine,test_line_spec_crc,test_line_spec_state_held,test_line_spec_stuffing
147	line/state	const1	killed	kill:test_line_spec_every_engine,test_line_spec_crc,test_line_spec_xfer_crc_bit
148	line/state	inv	killed	kill:test_line_spec_every_engine,test_line_spec_crc,test_line_spec_xfer_crc_bit
149	line/state	const0	killed	kill:test_line_spec_crc
150	line/state	const1	killed	kill:test_line_spec_crc,test_line_spec_xfer_crc_bit
151	line/state	cnot0	killed	kill:test_line_spec_crc,test_line_spec_xfer_crc_bit
152	line/state	inv	killed	kill:test_line_spec_every_engine,test_line_spec_crc,test_line_spec_xfer_crc_bit
153	line/state	const0	killed	kill:test_line_spec_crc
154	line/state	cnot1	killed	kill:test_line_spec_crc
155	line/state	inv	killed	kill:test_line_spec_every_engine,test_line_spec_crc
156	line/state	inv	killed	kill:test_line_spec_every_engine,test_line_spec_crc
157	line/state	const1	killed	kill:test_line_spec_every_engine,test_line_spec_crc
158	line/state	cnot1	killed	kill:test_line_spec_crc
159	line/state	const0	killed	kill:test_line_spec_crc
160	line/state	inv	killed	kill:test_line_spec_every_engine,test_line_spec_crc
161	line/state	cnot1	killed	kill:test_line_spec_crc
162	line/state	inv	killed	kill:test_line_spec_every_engine,test_line_spec_crc,test_line_spec_xfer_crc_bit
163	line/state	inv	killed	kill:test_line_spec_every_engine,test_line_spec_crc,test_line_spec_xfer_crc_bit
164	line/state	const1	killed	ordered:test_line_random
165	line/state	const1	killed	ordered:test_line_random
166	line/state	const0	killed	ordered:test_line_random
167	line/state	const1	killed	kill:test_line_spec_every_engine
168	line/state	inv	killed	ordered:test_line_random
169	line/out-shared	inv	killed	ordered:test_line_random
170	line/state	const1	survived	
171	line/state	const1	killed	ordered:test_line_unit
172	line/state	const0	killed	ordered:test_line_unit
173	line/state	const0	killed	ordered:test_line_unit
174	line/state	const1	killed	ordered:test_line_random
175	line/state	const0	killed	kill:test_line_spec_every_engine,test_line_spec_bounded_wait,test_line_spec_state_held,test_line_spec_stuffing
176	line/state	cnot0	killed	kill:test_line_spec_every_engine,test_line_spec_stuffing
177	line/state	cnot0	killed	ordered:test_line_random
178	line/state	cnot0	killed	ordered:test_line_random
179	line/state	const0	killed	ordered:test_line_random
180	line/state	cnot1	equivalent	equiv_induct
181	line/state	inv	killed	ordered:test_line_random
182	line/state	const0	killed	kill:test_line_spec_every_engine,test_line_spec_crc,test_line_spec_registers,test_line_spec_state_held,test_line_spec_stuffing,test_line_spec_xfer_crc_bit
183	line/state	inv	killed	ordered:test_line_random
184	line/state	cnot1	equivalent	equiv_induct
185	line/state	cnot1	equivalent	equiv_induct
186	line/state	inv	killed	ordered:test_line_random
187	line/state	cnot1	equivalent	equiv_induct
188	line/state	const0	killed	ordered:test_kill_decode
189	line/state	cnot1	equivalent	equiv_induct
190	line/state	const0	killed	ordered:test_line_random
191	line/state	const0	killed	kill:test_line_spec_every_engine,test_line_spec_ticker
192	line/state	const0	killed	ordered:test_kill_decode
193	line/state	const0	killed	ordered:test_line_unit
194	line/state	cnot0	equivalent	equiv_induct
195	line/state	cnot1	equivalent	equiv_induct
196	line/state	inv	equivalent	equiv_induct
197	line/state	const1	killed	ordered:test_line_random
198	line/state	inv	killed	ordered:test_line_random
199	line/state	const0	killed	ordered:test_line_random
200	line/state	const0	equivalent	equiv_induct
201	line/state	inv	killed	ordered:test_line_random
202	line/state	cnot0	killed	ordered:test_kill_xfer
203	line/state	cnot1	killed	ordered:test_line_random
204	line/state	const1	killed	ordered:test_line_random
205	line/state	const1	killed	ordered:test_line_random
206	line/state	inv	killed	ordered:test_line_random
207	line/out-shared	inv	killed	ordered:test_line_random
208	line/state	const1	killed	ordered:test_line_unit
209	line/state	cnot1	killed	kill:test_line_spec_lstat
210	line/state	inv	killed	ordered:test_line_unit
211	line/state	const1	killed	ordered:test_line_unit
212	line/state	inv	killed	ordered:test_line_unit
213	line/state	const1	killed	ordered:test_line_unit
214	line/state	const1	killed	ordered:test_line_unit
215	line/state	inv	killed	ordered:test_line_unit
216	line/state	const0	killed	kill:test_line_spec_every_engine,test_line_spec_lstat,test_line_spec_state_held,test_line_spec_se0_pins
217	line/state	inv	killed	ordered:test_line_demos
218	line/state	const1	killed	ordered:test_line_random
219	line/state	const1	killed	ordered:test_line_random
220	line/state	const1	killed	ordered:test_line_random
221	line/state	const1	killed	ordered:test_line_random
222	line/state	inv	killed	ordered:test_line_random
223	line/state	cnot0	killed	ordered:test_line_random
224	line/state	inv	killed	ordered:test_line_random
225	line/state	inv	killed	ordered:test_line_random
226	line/state	const0	killed	ordered:test_line_random
227	line/state	cnot0	killed	ordered:test_line_random
228	line/state	const0	killed	ordered:test_line_random
229	line/state	inv	killed	ordered:test_line_random
230	line/state	const0	killed	kill:test_line_spec_every_engine,test_line_spec_lstat
231	line/state	inv	killed	kill:test_line_spec_every_engine,test_line_spec_bounded_wait
232	line/state	const1	killed	ordered:test_line_random
233	line/state	const1	killed	ordered:test_line_random
234	line/state	inv	killed	ordered:test_line_random
235	line/state	const0	killed	ordered:test_line_random
236	line/state	cnot1	killed	ordered:test_line_random
237	line/state	cnot1	killed	ordered:test_line_random
238	line/state	const0	killed	ordered:test_line_random
239	line/state	const0	killed	ordered:test_line_random
240	line/state	inv	killed	ordered:test_line_random
241	line/state	cnot0	survived	
242	line/state	const0	killed	ordered:test_line_random
243	line/state	inv	killed	ordered:test_line_random
244	line/state	cnot1	killed	ordered:test_line_random
245	line/state	cnot0	killed	ordered:test_line_random
246	line/state	inv	killed	ordered:test_line_random
247	line/state	const1	killed	ordered:test_line_demos
248	line/state	cnot1	killed	kill:test_line_spec_every_engine,test_line_spec_crc,test_line_spec_state_held,test_line_spec_stuffing,test_line_spec_xfer_crc_bit
249	line/state	const0	killed	kill:test_line_spec_every_engine,test_line_spec_crc,test_line_spec_registers,test_line_spec_state_held,test_line_spec_stuffing,test_line_spec_xfer_crc_bit
250	line/state	inv	killed	kill:test_line_spec_every_engine,test_line_spec_crc,test_line_spec_state_held,test_line_spec_stuffing,test_line_spec_xfer_crc_bit
251	line/state	inv	killed	kill:test_line_spec_every_engine,test_line_spec_crc,test_line_spec_stuffing,test_line_spec_xfer_crc_bit
252	line/state	const1	killed	ordered:test_line_demos
253	line/state	const0	killed	ordered:test_line_unit
254	line/state	cnot1	killed	ordered:test_line_unit
255	line/state	cnot1	killed	ordered:test_line_unit
256	line/state	cnot0	killed	ordered:test_line_unit
257	line/state	cnot0	killed	ordered:test_line_unit
258	line/state	const0	killed	ordered:test_line_unit
259	line/state	const0	killed	kill:test_line_spec_every_engine,test_line_spec_crc,test_line_spec_registers,test_line_spec_state_held,test_line_spec_stuffing,test_line_spec_xfer_crc_bit
260	line/state	cnot1	killed	kill:test_line_spec_every_engine,test_line_spec_crc,test_line_spec_state_held,test_line_spec_stuffing,test_line_spec_xfer_crc_bit
261	line/state	inv	killed	ordered:test_line_random
262	line/state	inv	killed	ordered:test_line_random
263	line/state	cnot1	killed	kill:test_line_spec_every_engine,test_line_spec_crc,test_line_spec_state_held,test_line_spec_stuffing,test_line_spec_xfer_crc_bit
264	line/state	const0	killed	kill:test_line_spec_every_engine,test_line_spec_crc,test_line_spec_registers,test_line_spec_state_held,test_line_spec_stuffing,test_line_spec_xfer_crc_bit
265	line/state	inv	killed	ordered:test_line_demos
266	line/state	const0	killed	kill:test_line_spec_every_engine,test_line_spec_lstat,test_line_spec_state_held,test_line_spec_se0_pins
267	line/state	const0	killed	kill:test_line_spec_every_engine,test_line_spec_lstat
268	line/state	const0	killed	kill:test_line_spec_lstat
269	line/state	const1	killed	ordered:test_line_random
270	line/state	const0	killed	ordered:test_line_random
271	line/state	inv	killed	ordered:test_line_random
272	line/state	inv	killed	ordered:test_line_random
273	line/state	const1	killed	ordered:test_line_random
274	line/state	const0	killed	ordered:test_line_random
275	line/state	const0	killed	kill:test_line_spec_every_engine,test_line_spec_bounded_wait,test_line_spec_stuffing
276	line/state	const1	killed	ordered:test_line_random
277	line/state	const0	killed	ordered:test_line_random
278	line/state	const0	killed	ordered:test_line_random
279	line/state	const1	killed	ordered:test_line_demos
280	line/state	const1	killed	ordered:test_line_random
281	line/state	inv	killed	ordered:test_line_random
282	line/state	cnot0	killed	ordered:test_line_random
283	line/state	inv	killed	ordered:test_line_random
284	line/state	inv	killed	ordered:test_line_random
285	line/state	inv	killed	ordered:test_line_random
286	line/state	const0	killed	kill:test_line_spec_every_engine,test_line_spec_lstat,test_line_spec_stuffing
287	line/state	inv	killed	ordered:test_line_random
288	line/state	const0	killed	ordered:test_line_random
289	line/state	const0	killed	ordered:test_line_unit
290	line/state	const0	killed	ordered:test_line_unit
291	line/state	const1	killed	ordered:test_line_unit
292	line/state	const1	killed	ordered:test_line_random
293	line/state	const0	killed	ordered:test_line_random
294	line/state	const1	equivalent	equiv_induct
295	line/state	const1	killed	kill:test_line_spec_every_engine,test_line_spec_crc,test_line_spec_stuffing,test_line_spec_xfer_crc_bit
296	line/state	const1	killed	kill:test_line_spec_crc,test_line_spec_xfer_crc_bit
297	line/state	const1	killed	kill:test_line_spec_every_engine,test_line_spec_crc,test_line_spec_xfer_crc_bit
298	line/state	const0	equivalent	equiv_induct
299	line/state	inv	killed	kill:test_line_spec_every_engine,test_line_spec_crc,test_line_spec_xfer_crc_bit
300	line/state	const0	equivalent	equiv_induct
301	line/state	inv	killed	kill:test_line_spec_every_engine,test_line_spec_crc,test_line_spec_xfer_crc_bit
302	line/state	const1	killed	kill:test_line_spec_every_engine,test_line_spec_crc,test_line_spec_state_held,test_line_spec_stuffing,test_line_spec_xfer_crc_bit
303	line/state	const0	equivalent	equiv_induct
304	line/state	inv	killed	kill:test_line_spec_every_engine,test_line_spec_crc,test_line_spec_xfer_crc_bit
305	line/state	const0	killed	kill:test_line_spec_every_engine,test_line_spec_crc,test_line_spec_xfer_crc_bit
306	line/state	const1	killed	kill:test_line_spec_every_engine,test_line_spec_crc,test_line_spec_xfer_crc_bit
307	line/state	inv	killed	kill:test_line_spec_every_engine,test_line_spec_crc
308	line/state	const1	killed	kill:test_line_spec_every_engine,test_line_spec_crc
309	line/state	const0	equivalent	equiv_induct
310	line/state	const1	killed	kill:test_line_spec_crc
311	line/state	const1	killed	kill:test_line_spec_every_engine,test_line_spec_crc
312	line/state	const0	killed	kill:test_line_spec_every_engine,test_line_spec_crc
313	line/state	const0	killed	kill:test_line_spec_every_engine,test_line_spec_crc,test_line_spec_xfer_crc_bit
314	line/state	cnot1	killed	kill:test_line_spec_every_engine,test_line_spec_crc,test_line_spec_xfer_crc_bit
315	line/state	const1	killed	kill:test_line_spec_every_engine,test_line_spec_crc
316	line/state	cnot1	killed	kill:test_line_spec_every_engine,test_line_spec_crc,test_line_spec_xfer_crc_bit
317	line/state	const0	killed	kill:test_line_spec_every_engine,test_line_spec_crc,test_line_spec_xfer_crc_bit
318	line/state	inv	killed	kill:test_line_spec_every_engine,test_line_spec_crc,test_line_spec_state_held,test_line_spec_stuffing,test_line_spec_xfer_crc_bit
319	line/state	const1	killed	kill:test_line_spec_every_engine,test_line_spec_crc,test_line_spec_state_held,test_line_spec_stuffing,test_line_spec_xfer_crc_bit
320	line/state	const0	killed	kill:test_line_spec_every_engine,test_line_spec_crc,test_line_spec_xfer_crc_bit
321	line/state	const0	equivalent	equiv_induct
322	line/state	inv	killed	ordered:test_line_unit
323	line/state	const1	killed	ordered:test_line_unit
324	line/state	const1	killed	ordered:test_line_unit
325	line/state	cnot1	killed	ordered:test_line_unit
326	line/state	inv	killed	ordered:test_line_unit
327	line/state	const0	equivalent	equiv_induct
328	line/state	inv	killed	ordered:test_line_unit
329	line/state	inv	killed	ordered:test_line_unit
330	line/state	inv	killed	ordered:test_line_unit
331	line/state	const1	killed	ordered:test_line_unit
332	line/state	inv	killed	ordered:test_line_unit
333	line/state	const0	equivalent	equiv_induct
334	line/state	const1	killed	kill:test_line_spec_crc,test_line_spec_xfer_crc_bit
335	line/state	inv	killed	ordered:test_line_unit
336	line/state	inv	killed	ordered:test_line_unit
337	line/state	const0	killed	ordered:test_line_unit
338	line/state	const0	equivalent	equiv_induct
339	line/state	const1	equivalent	equiv_induct
340	line/state	const0	equivalent	equiv_induct
341	line/state	const0	equivalent	equiv_induct
342	line/state	const0	killed	kill:test_line_spec_every_engine,test_line_spec_crc,test_line_spec_xfer_crc_bit
343	line/state	const0	equivalent	equiv_induct
344	line/state	const0	equivalent	equiv_induct
345	line/state	cnot0	killed	kill:test_line_spec_every_engine,test_line_spec_crc,test_line_spec_state_held,test_line_spec_stuffing,test_line_spec_xfer_crc_bit
346	line/state	const1	killed	kill:test_line_spec_every_engine,test_line_spec_crc,test_line_spec_stuffing,test_line_spec_xfer_crc_bit
347	line/state	inv	killed	kill:test_line_spec_every_engine,test_line_spec_crc,test_line_spec_state_held,test_line_spec_stuffing,test_line_spec_xfer_crc_bit
348	line/state	const0	equivalent	equiv_induct
349	line/state	inv	killed	kill:test_line_spec_every_engine,test_line_spec_crc,test_line_spec_state_held,test_line_spec_stuffing,test_line_spec_xfer_crc_bit
350	line/state	const1	killed	kill:test_line_spec_every_engine,test_line_spec_crc,test_line_spec_state_held,test_line_spec_stuffing,test_line_spec_xfer_crc_bit
351	line/state	inv	killed	kill:test_line_spec_every_engine,test_line_spec_crc,test_line_spec_state_held,test_line_spec_stuffing,test_line_spec_xfer_crc_bit
352	line/state	const0	equivalent	equiv_induct
353	line/state	const0	equivalent	equiv_induct
354	line/state	inv	killed	kill:test_line_spec_every_engine,test_line_spec_crc,test_line_spec_xfer_crc_bit
355	line/state	inv	killed	kill:test_line_spec_every_engine,test_line_spec_crc,test_line_spec_xfer_crc_bit
356	line/state	const0	equivalent	equiv_induct
357	line/state	const0	killed	kill:test_line_spec_every_engine,test_line_spec_crc
358	line/state	inv	killed	kill:test_line_spec_crc
359	line/state	const1	equivalent	equiv_induct
360	line/state	cnot0	killed	kill:test_line_spec_every_engine,test_line_spec_crc,test_line_spec_xfer_crc_bit
361	line/state	cnot1	killed	kill:test_line_spec_every_engine,test_line_spec_crc,test_line_spec_xfer_crc_bit
362	line/state	const0	killed	kill:test_line_spec_crc
363	line/state	inv	killed	kill:test_line_spec_every_engine,test_line_spec_crc,test_line_spec_state_held,test_line_spec_stuffing,test_line_spec_xfer_crc_bit
364	line/state	const0	killed	ordered:test_line_random
365	line/state	inv	killed	ordered:test_line_random
366	line/state	const1	killed	ordered:test_line_random
367	line/state	const0	equivalent	equiv_induct
368	line/state	const1	equivalent	equiv_induct
369	line/state	const1	killed	kill:test_line_spec_crc,test_line_spec_xfer_crc_bit
370	line/state	inv	killed	kill:test_line_spec_crc,test_line_spec_xfer_crc_bit
371	line/state	const1	killed	kill:test_line_spec_crc,test_line_spec_xfer_crc_bit
372	line/state	const1	killed	ordered:test_line_random
373	line/state	cnot0	killed	ordered:test_line_random
374	line/state	cnot1	killed	ordered:test_line_random
375	line/state	cnot1	killed	kill:test_line_spec_crc,test_line_spec_xfer_crc_bit
376	line/state	const0	killed	kill:test_line_spec_every_engine,test_line_spec_crc,test_line_spec_xfer_crc_bit
377	line/state	const0	equivalent	equiv_induct
378	line/state	const0	killed	kill:test_line_spec_every_engine,test_line_spec_crc
379	line/state	const1	killed	ordered:test_line_random
380	line/state	const0	equivalent	equiv_induct
381	line/state	const1	killed	kill:test_line_spec_crc
382	line/state	const1	killed	kill:test_line_spec_crc
383	line/state	const0	equivalent	equiv_induct
384	line/state	const0	killed	ordered:test_line_random
385	line/state	const1	killed	ordered:test_line_random
386	line/state	inv	killed	ordered:test_line_random
387	line/state	inv	killed	ordered:test_line_random
388	line/state	const0	killed	ordered:test_line_random
389	line/state	const0	killed	ordered:test_line_random
390	line/state	cnot0	killed	kill:test_line_spec_every_engine,test_line_spec_crc,test_line_spec_state_held
391	line/out-pins	const0	killed	kill:test_line_spec_pins
392	line/out-pins	cnot1	survived	
393	line/out-pins	const1	killed	kill:test_line_spec_pins
394	line/out-pins	const1	survived	
395	line/out-pins	const0	killed	kill:test_line_spec_pins
396	line/out-pins	cnot0	killed	ordered:test_random
397	line/out-pins	cnot1	killed	kill:test_line_spec_pins
398	line/out-pins	const0	killed	ordered:test_random
399	line/out-pins	const0	equivalent	equiv_induct
400	line/out-pins	const1	killed	kill:test_line_spec_pins
401	line/out-pins	const0	killed	kill:test_line_spec_pins
402	line/out-pins	cnot0	killed	kill:test_line_spec_pins
403	line/out-pins	cnot0	killed	kill:test_line_spec_pins
404	line/out-pins	inv	killed	kill:test_line_spec_pins
405	line/out-pins	cnot0	killed	kill:test_line_spec_every_engine,test_line_spec_pins
406	line/out-pins	const0	killed	kill:test_line_spec_pins
407	line/out-pins	inv	killed	ordered:test_line_random
408	line/out-pins	cnot0	killed	kill:test_line_spec_pins
409	line/out-pins	inv	killed	kill:test_line_spec_pins
410	line/out-pins	const1	killed	kill:test_line_spec_pins
411	line/out-pins	cnot1	survived	
412	line/out-pins	inv	killed	kill:test_line_spec_every_engine
413	line/out-pins	const1	killed	kill:test_line_spec_every_engine,test_line_spec_pins
414	line/out-pins	cnot1	killed	kill:test_line_spec_pins
415	line/out-pins	const0	killed	ordered:test_line_random
416	line/out-pins	const0	killed	kill:test_line_spec_pins
417	line/out-pins	inv	killed	kill:test_line_spec_pins
418	line/out-pins	const0	killed	kill:test_line_spec_pins
419	line/out-pins	cnot0	killed	ordered:test_line_random
420	line/out-pins	inv	killed	ordered:test_random
421	line/out-pins	const0	killed	kill:test_line_spec_pins
422	line/out-pins	const0	killed	kill:test_line_spec_pins
423	line/out-pins	cnot1	killed	kill:test_line_spec_pins
424	line/out-pins	inv	killed	ordered:test_line_unit
425	line/out-pins	const0	killed	kill:test_line_spec_pins
426	line/out-pins	cnot1	killed	kill:test_line_spec_pins
427	line/out-pins	cnot0	killed	kill:test_line_spec_pins
428	line/out-pins	cnot1	killed	kill:test_line_spec_pins
429	line/out-pins	const0	killed	kill:test_line_spec_pins
430	line/out-pins	const1	killed	kill:test_line_spec_pins
431	line/out-pins	cnot0	killed	kill:test_line_spec_pins
432	line/out-pins	inv	killed	kill:test_line_spec_pins
433	line/out-pins	const0	killed	kill:test_line_spec_pins
434	line/out-pins	cnot1	killed	kill:test_line_spec_pins
435	line/out-pins	inv	killed	kill:test_line_spec_pins
436	line/out-pins	const0	killed	ordered:test_line_unit
437	line/out-pins	cnot1	killed	kill:test_line_spec_pins
438	line/out-pins	cnot0	killed	ordered:test_line_unit
439	line/out-pins	inv	killed	ordered:test_line_unit
440	line/out-pins	cnot1	killed	kill:test_line_spec_pins
441	line/out-pins	const0	killed	kill:test_line_spec_pins
442	line/out-pins	const0	killed	kill:test_line_spec_pins
443	line/out-pins	inv	killed	ordered:test_random
444	line/out-engine_xfer	cnot0	killed	ordered:test_line_unit
445	line/out-engine_xfer	cnot0	killed	ordered:test_line_unit
446	line/out-engine_xfer	const0	killed	ordered:test_line_unit
447	line/out-engine_xfer	cnot0	killed	ordered:test_line_unit
448	line/out-engine_xfer	const1	killed	ordered:test_line_unit
449	line/out-engine_xfer	const1	killed	ordered:test_line_unit
450	line/out-engine_ctrl	const0	survived	
451	line/out-engine_ctrl	cnot0	survived	
452	line/out-engine_ctrl	const0	survived	
453	line/out-engine_ctrl	const1	killed	kill:test_line_spec_bounded_wait
454	line/out-engine_ctrl	inv	killed	kill:test_line_spec_bounded_wait
455	line/out-engine_ctrl	const1	killed	kill:test_line_spec_bounded_wait
456	line/out-engine_ctrl	const1	killed	kill:test_line_spec_bounded_wait
457	line/out-engine_ctrl	cnot0	killed	kill:test_line_spec_bounded_wait
458	line/out-engine_ctrl	inv	killed	kill:test_line_spec_bounded_wait
459	line/out-engine_ctrl	inv	survived	
460	line/out-engine_ctrl	const1	survived	
461	line/out-engine_ctrl	const1	survived	
462	line/out-engine_ctrl	const1	killed	kill:test_line_spec_bounded_wait
463	line/out-engine_ctrl	const0	equivalent	equiv_induct
464	line/out-engine_ctrl	const1	killed	kill:test_line_spec_bounded_wait
465	line/out-engine_ctrl	const1	killed	kill:test_line_spec_bounded_wait
466	line/out-engine_ctrl	const1	killed	kill:test_line_spec_bounded_wait
467	line/out-engine_ctrl	inv	killed	kill:test_line_spec_bounded_wait
468	line/out-engine_ctrl	const1	killed	kill:test_line_spec_bounded_wait
469	line/out-engine_ctrl	cnot0	killed	kill:test_line_spec_bounded_wait
470	line/out-engine_ctrl	const1	killed	kill:test_line_spec_bounded_wait
471	line/out-engine_ctrl	const1	killed	kill:test_line_spec_bounded_wait
472	line/out-engine_ctrl	cnot0	killed	kill:test_line_spec_bounded_wait
473	line/out-engine_ctrl	const1	killed	kill:test_line_spec_bounded_wait
474	line/out-engine_ctrl	inv	killed	kill:test_line_spec_bounded_wait
475	line/out-engine_ctrl	const0	survived	
476	line/out-engine_ctrl	cnot0	killed	kill:test_line_spec_bounded_wait
477	line/out-engine_ctrl	const1	killed	kill:test_line_spec_bounded_wait
478	line/out-engine_ctrl	const0	survived	
479	line/out-engine_ctrl	const0	survived	
480	line/out-engine_ctrl	const0	survived	
481	line/out-engine_ctrl	cnot0	killed	ordered:test_line_unit
482	line/state	const1	survived	
483	line/out-shared	const1	killed	ordered:test_line_unit
484	line/out-shared	const1	killed	ordered:test_line_unit
485	line/state	inv	killed	ordered:test_line_unit
486	line/state	inv	killed	ordered:test_line_unit
487	line/state	inv	killed	ordered:test_line_unit
488	line/state	const0	killed	ordered:test_line_unit
489	line/state	const1	survived	
490	line/state	const0	survived	
491	line/state	const1	killed	ordered:test_line_unit
492	line/out-engine_ctrl	const1	killed	ordered:test_line_unit
493	line/out-engine_ctrl	cnot0	killed	ordered:test_line_unit
494	line/out-engine_ctrl	inv	killed	ordered:test_line_unit
495	line/out-shared	const0	killed	ordered:test_line_unit
496	line/out-shared	cnot1	killed	ordered:test_line_unit
497	line/out-shared	const0	killed	ordered:test_line_unit
498	line/out-shared	cnot1	killed	ordered:test_line_unit
499	line/out-engine_ctrl	inv	killed	ordered:test_line_unit
500	line/out-engine_ctrl	const0	killed	ordered:test_line_unit
501	line/out-engine_ctrl	const1	killed	ordered:test_line_unit
502	line/out-engine_data	const0	killed	kill:test_line_spec_registers
503	line/out-engine_data	cnot1	killed	kill:test_line_spec_registers
504	line/out-engine_data	cnot1	killed	kill:test_line_spec_registers
505	line/out-engine_data	cnot1	killed	kill:test_line_spec_registers
506	line/out-engine_data	const1	killed	kill:test_line_spec_registers
507	line/out-engine_data	const1	killed	kill:test_line_spec_crc,test_line_spec_registers
508	line/out-engine_data	cnot0	killed	ordered:test_line_demos
509	line/out-engine_data	const1	killed	kill:test_line_spec_crc,test_line_spec_registers
510	line/out-engine_data	const0	killed	kill:test_line_spec_registers
511	line/state	inv	killed	ordered:test_line_unit
512	line/state	inv	survived	
513	line/state	const0	killed	ordered:test_line_unit
514	line/state	const1	killed	ordered:test_line_unit
515	line/state	const0	survived	
516	line/state	inv	killed	ordered:test_line_unit
517	line/state	inv	killed	ordered:test_line_unit
518	line/state	const1	killed	ordered:test_line_unit
519	line/state	const0	killed	ordered:test_line_unit
520	line/state	inv	survived	
521	line/out-engine_xfer	cnot1	killed	ordered:test_line_random
522	line/out-engine_xfer	inv	killed	ordered:test_line_random
523	line/out-engine_xfer	const1	killed	ordered:test_line_random
524	line/out-engine_xfer	inv	killed	ordered:test_line_random
525	line/out-engine_xfer	cnot1	killed	ordered:test_line_random
526	line/out-engine_xfer	const1	killed	ordered:test_line_random
527	line/out-engine_xfer	cnot1	killed	ordered:test_line_random
528	line/out-engine_xfer	cnot1	survived	
529	line/out-engine_xfer	const1	killed	ordered:test_line_random
530	line/out-engine_xfer	inv	killed	ordered:test_line_random
531	line/out-engine_xfer	inv	killed	ordered:test_line_random
532	line/out-engine_xfer	inv	killed	ordered:test_line_random
533	line/out-engine_xfer	const1	killed	ordered:test_line_random
534	line/out-engine_xfer	cnot1	killed	ordered:test_line_random
535	line/out-engine_ctrl	inv	survived	
536	line/out-engine_ctrl	const0	survived	
537	line/out-engine_ctrl	cnot1	survived	
538	line/out-engine_ctrl	const1	survived	
539	line/out-engine_ctrl	inv	survived	
540	line/out-engine_ctrl	cnot1	survived	
541	line/out-engine_ctrl	cnot1	survived	
542	line/out-engine_ctrl	const0	equivalent	equiv_induct
543	line/out-engine_ctrl	const1	killed	kill:test_line_spec_bounded_wait
544	line/out-engine_ctrl	cnot0	killed	kill:test_line_spec_bounded_wait
545	line/out-engine_ctrl	inv	killed	kill:test_line_spec_bounded_wait
546	line/out-engine_ctrl	inv	killed	kill:test_line_spec_bounded_wait
547	line/out-engine_ctrl	cnot1	survived	
548	line/out-engine_ctrl	const1	survived	
549	line/out-engine_ctrl	cnot0	survived	
550	line/out-engine_ctrl	const1	killed	kill:test_line_spec_bounded_wait
551	line/out-engine_ctrl	const1	killed	kill:test_line_spec_bounded_wait
552	line/out-engine_ctrl	cnot1	survived	
553	line/out-engine_ctrl	cnot1	survived	
554	line/out-engine_ctrl	const1	killed	kill:test_line_spec_bounded_wait
555	line/out-engine_ctrl	const0	survived	
556	line/out-engine_ctrl	const0	survived	
557	line/out-engine_ctrl	cnot1	survived	
558	line/out-engine_ctrl	const0	survived	
559	line/out-engine_ctrl	cnot1	survived	
560	line/out-engine_ctrl	const1	killed	kill:test_line_spec_bounded_wait
561	line/out-engine_ctrl	cnot1	survived	
562	line/out-engine_ctrl	const1	killed	kill:test_line_spec_bounded_wait
563	line/out-engine_ctrl	inv	killed	kill:test_line_spec_bounded_wait
564	line/out-engine_ctrl	const0	survived	
565	line/out-engine_ctrl	const0	survived	
566	line/out-engine_ctrl	cnot1	survived	
567	line/out-engine_ctrl	inv	killed	kill:test_line_spec_bounded_wait
568	line/out-engine_ctrl	inv	killed	kill:test_line_spec_bounded_wait
569	line/out-engine_ctrl	const0	survived	
570	line/out-engine_ctrl	inv	survived	
571	line/out-engine_ctrl	cnot1	survived	
572	line/out-engine_ctrl	inv	killed	kill:test_line_spec_bounded_wait
573	line/out-engine_ctrl	cnot0	killed	kill:test_line_spec_bounded_wait
574	line/out-engine_ctrl	const0	killed	ordered:test_line_random
575	line/out-engine_ctrl	const0	killed	ordered:test_line_random
576	line/out-engine_ctrl	inv	killed	ordered:test_line_random
577	line/state	inv	survived	
578	line/state	const1	survived	
579	line/state	inv	survived	
580	line/state	inv	killed	ordered:test_line_random
581	line/out-engine_ctrl	const0	killed	ordered:test_line_random
582	line/out-engine_ctrl	cnot1	killed	ordered:test_line_random
583	line/out-engine_ctrl	inv	killed	ordered:test_line_random
584	line/out-engine_ctrl	inv	killed	ordered:test_line_random
585	line/out-engine_ctrl	cnot0	killed	ordered:test_line_random
586	line/out-engine_ctrl	cnot0	killed	ordered:test_line_random
587	line/out-engine_data	inv	killed	kill:test_line_spec_registers,test_line_spec_state_held
588	line/out-engine_data	inv	killed	kill:test_line_spec_registers,test_line_spec_state_held
589	line/out-engine_data	cnot1	killed	kill:test_line_spec_registers
590	line/out-engine_data	const1	killed	kill:test_line_spec_registers,test_line_spec_state_held
591	line/out-engine_data	inv	killed	kill:test_line_spec_registers,test_line_spec_state_held
592	line/out-engine_data	inv	killed	kill:test_line_spec_registers
593	line/out-engine_data	inv	killed	kill:test_line_spec_registers
594	line/out-engine_data	const1	killed	kill:test_line_spec_registers
595	line/out-engine_data	const0	killed	kill:test_line_spec_registers
596	line/out-engine_data	const1	killed	kill:test_line_spec_registers
597	line/out-engine_data	const0	killed	kill:test_line_spec_registers
598	line/out-engine_data	const0	killed	kill:test_line_spec_registers
599	line/out-engine_data	cnot1	killed	kill:test_line_spec_registers
600	line/out-engine_data	const1	survived	
601	line/out-engine_data	cnot0	killed	kill:test_line_spec_crc,test_line_spec_registers,test_line_spec_state_held
602	line/out-engine_data	inv	killed	kill:test_line_spec_crc,test_line_spec_registers,test_line_spec_state_held
603	line/out-engine_data	cnot1	killed	kill:test_line_spec_registers
604	line/out-engine_data	cnot1	killed	kill:test_line_spec_registers
605	line/out-engine_data	const0	killed	kill:test_line_spec_registers
606	line/out-engine_data	const0	killed	kill:test_line_spec_registers
607	line/out-engine_data	const0	killed	kill:test_line_spec_registers
608	line/out-engine_data	const1	killed	kill:test_line_spec_crc,test_line_spec_registers
609	line/out-engine_data	const0	killed	kill:test_line_spec_registers
610	line/out-engine_data	const1	killed	ordered:test_line_random
611	line/out-engine_data	cnot0	killed	ordered:test_line_random
612	line/state	const0	killed	kill:test_line_spec_every_engine,test_line_spec_lstat,test_line_spec_state_held,test_line_spec_se0_pins
613	line/state	const0	killed	kill:test_line_spec_lstat,test_line_spec_state_held
614	line/state	const0	killed	kill:test_line_spec_lstat
615	line/state	inv	survived	
616	line/state	const0	killed	kill:test_line_spec_lstat
617	line/state	const1	killed	ordered:test_line_random
618	line/state	inv	killed	kill:test_line_spec_every_engine,test_line_spec_lstat,test_line_spec_state_held,test_line_spec_se0_pins
619	line/state	const1	killed	ordered:test_line_random
620	line/state	inv	killed	kill:test_line_spec_every_engine,test_line_spec_lstat,test_line_spec_stuffing
621	line/state	inv	killed	kill:test_line_spec_every_engine,test_line_spec_lstat,test_line_spec_state_held,test_line_spec_se0_pins
622	line/state	const1	equivalent	miter-abc-900s
623	line/out-engine_xfer	cnot0	killed	ordered:test_line_random
624	line/out-engine_xfer	inv	killed	ordered:test_line_random
625	line/out-engine_xfer	cnot0	killed	ordered:test_line_random
626	line/out-engine_xfer	inv	killed	kill:test_line_spec_every_engine,test_line_spec_bounded_wait,test_line_spec_state_held,test_line_spec_stuffing
627	line/out-engine_xfer	cnot0	killed	kill:test_line_spec_every_engine,test_line_spec_bounded_wait,test_line_spec_state_held,test_line_spec_stuffing
628	line/out-engine_xfer	const0	survived	
629	line/out-engine_xfer	inv	killed	kill:test_line_spec_every_engine,test_line_spec_bounded_wait,test_line_spec_stuffing
630	line/out-engine_xfer	inv	killed	kill:test_line_spec_every_engine,test_line_spec_bounded_wait,test_line_spec_stuffing
631	line/out-engine_xfer	const1	killed	ordered:test_line_random
632	line/out-engine_xfer	const1	killed	ordered:test_line_random
633	line/out-engine_xfer	const1	killed	kill:test_line_spec_every_engine,test_line_spec_bounded_wait,test_line_spec_state_held,test_line_spec_stuffing
634	line/out-engine_xfer	cnot1	killed	ordered:test_line_random
635	line/out-engine_xfer	cnot1	survived	
636	line/out-engine_ctrl	inv	survived	
637	line/out-engine_ctrl	inv	survived	
638	line/out-engine_ctrl	const0	equivalent	equiv_induct
639	line/out-engine_ctrl	const1	killed	kill:test_line_spec_bounded_wait
640	line/out-engine_ctrl	cnot0	killed	kill:test_line_spec_bounded_wait
641	line/out-engine_ctrl	const1	killed	kill:test_line_spec_bounded_wait
642	line/out-engine_ctrl	const1	killed	kill:test_line_spec_bounded_wait
643	line/out-engine_ctrl	cnot1	survived	
644	line/out-engine_ctrl	cnot0	survived	
645	line/out-engine_ctrl	const1	survived	
646	line/out-engine_ctrl	inv	survived	
647	line/out-engine_ctrl	inv	survived	
648	line/out-engine_ctrl	const1	killed	kill:test_line_spec_bounded_wait
649	line/out-engine_ctrl	const0	survived	
650	line/out-engine_ctrl	cnot1	survived	
651	line/out-engine_ctrl	cnot1	survived	
652	line/out-engine_ctrl	const0	survived	
653	line/out-engine_ctrl	const0	survived	
654	line/out-engine_ctrl	const1	killed	kill:test_line_spec_bounded_wait
655	line/out-engine_ctrl	cnot1	survived	
656	line/out-engine_ctrl	inv	killed	kill:test_line_spec_bounded_wait
657	line/out-engine_ctrl	const1	killed	kill:test_line_spec_bounded_wait
658	line/out-engine_ctrl	const0	survived	
659	line/out-engine_ctrl	cnot1	survived	
660	line/out-engine_ctrl	cnot0	killed	kill:test_line_spec_bounded_wait
661	line/out-engine_ctrl	cnot1	survived	
662	line/out-engine_ctrl	cnot0	killed	kill:test_line_spec_bounded_wait
663	line/out-engine_ctrl	cnot1	survived	
664	line/out-engine_ctrl	const0	survived	
665	line/out-engine_ctrl	const1	killed	kill:test_line_spec_bounded_wait
666	line/out-engine_ctrl	const1	killed	ordered:test_line_random
667	line/state	inv	killed	ordered:test_line_random
668	line/state	const0	survived	
669	line/state	const0	killed	ordered:test_line_random
670	line/state	const0	killed	kill:test_line_spec_every_engine,test_line_spec_stuffing
671	line/state	const1	killed	ordered:test_line_random
672	line/state	const0	killed	ordered:test_line_random
673	line/state	const0	survived	
674	line/state	const1	killed	ordered:test_line_random
675	line/state	const0	killed	ordered:test_line_random
676	line/out-engine_ctrl	inv	killed	kill:test_line_spec_every_engine,test_line_spec_bounded_wait,test_line_spec_stuffing
677	line/out-engine_ctrl	const1	killed	kill:test_line_spec_every_engine,test_line_spec_bounded_wait,test_line_spec_stuffing
678	line/out-engine_ctrl	const1	killed	kill:test_line_spec_every_engine,test_line_spec_bounded_wait,test_line_spec_state_held,test_line_spec_stuffing
679	line/out-engine_ctrl	const0	killed	ordered:test_line_random
680	line/out-engine_ctrl	cnot0	killed	kill:test_line_spec_every_engine,test_line_spec_state_held,test_line_spec_stuffing
681	line/out-engine_ctrl	const0	killed	ordered:test_line_random
682	line/out-engine_ctrl	const1	killed	kill:test_line_spec_every_engine,test_line_spec_bounded_wait,test_line_spec_state_held,test_line_spec_stuffing
683	line/out-engine_ctrl	cnot1	killed	ordered:test_line_random
684	line/out-engine_ctrl	inv	killed	ordered:test_line_random
685	line/out-engine_ctrl	const0	killed	ordered:test_line_random
686	line/out-engine_ctrl	inv	killed	ordered:test_line_random
687	line/out-engine_xfer	inv	killed	ordered:test_line_random
688	line/out-engine_xfer	cnot1	killed	kill:test_line_spec_every_engine,test_line_spec_lstat,test_line_spec_bounded_wait,test_line_spec_stuffing
689	line/out-engine_xfer	inv	killed	ordered:test_line_random
690	line/out-engine_xfer	const0	killed	ordered:test_line_random
691	line/out-engine_xfer	const1	killed	ordered:test_line_random
692	line/out-engine_xfer	cnot0	killed	ordered:test_line_random
693	line/out-engine_xfer	const1	killed	ordered:test_line_random
694	line/out-engine_xfer	const1	killed	ordered:test_line_random
695	line/out-engine_xfer	const0	killed	ordered:test_line_random
696	line/out-engine_xfer	inv	killed	ordered:test_line_random
697	line/out-engine_xfer	const0	killed	ordered:test_line_random
698	line/out-engine_ctrl	inv	survived	
699	line/out-engine_ctrl	const0	survived	
700	line/out-engine_ctrl	cnot1	survived	
701	line/out-engine_ctrl	cnot1	survived	
702	line/out-engine_ctrl	const0	survived	
703	line/out-engine_ctrl	cnot1	survived	
704	line/out-engine_ctrl	const0	equivalent	equiv_induct
705	line/out-engine_ctrl	const1	killed	kill:test_line_spec_bounded_wait
706	line/out-engine_ctrl	cnot0	killed	kill:test_line_spec_bounded_wait
707	line/out-engine_ctrl	const0	survived	
708	line/out-engine_ctrl	const0	survived	
709	line/out-engine_ctrl	inv	survived	
710	line/out-engine_ctrl	const0	equivalent	equiv_induct
711	line/out-engine_ctrl	const1	killed	kill:test_line_spec_bounded_wait
712	line/out-engine_ctrl	const0	survived	
713	line/out-engine_ctrl	cnot0	killed	kill:test_line_spec_bounded_wait
714	line/out-engine_ctrl	cnot0	killed	kill:test_line_spec_bounded_wait
715	line/out-engine_ctrl	inv	killed	kill:test_line_spec_bounded_wait
716	line/out-engine_ctrl	inv	killed	kill:test_line_spec_bounded_wait
717	line/out-engine_ctrl	inv	killed	kill:test_line_spec_bounded_wait
718	line/out-engine_ctrl	const1	killed	kill:test_line_spec_bounded_wait
719	line/out-engine_ctrl	cnot1	survived	
720	line/out-engine_ctrl	const0	survived	
721	line/out-engine_ctrl	cnot0	killed	kill:test_line_spec_bounded_wait
722	line/out-engine_ctrl	const1	killed	kill:test_line_spec_bounded_wait
723	line/out-engine_ctrl	const1	killed	ordered:test_line_random
724	line/state	const1	killed	ordered:test_line_random
725	line/state	const0	equivalent	equiv_induct
726	line/state	inv	killed	ordered:test_line_random
727	line/state	inv	killed	ordered:test_line_random
728	line/state	inv	killed	ordered:test_line_random
729	line/state	inv	killed	kill:test_line_spec_every_engine
730	line/state	const0	survived	
731	line/state	const0	survived	
732	line/state	inv	killed	ordered:test_line_random
733	line/state	const0	killed	ordered:test_line_random
734	line/out-engine_ctrl	const0	killed	ordered:test_line_random
735	line/out-engine_ctrl	const0	killed	ordered:test_line_random
736	line/out-engine_ctrl	cnot1	survived	
737	line/out-engine_ctrl	inv	killed	ordered:test_line_random
738	line/out-engine_ctrl	const1	killed	ordered:test_line_random
739	line/out-engine_ctrl	const1	killed	ordered:test_line_random
740	line/out-engine_ctrl	const0	survived	
741	line/state	cnot1	killed	ordered:test_line_random
742	line/state	const0	killed	ordered:test_line_random
743	line/state	cnot1	killed	ordered:test_line_random
744	line/state	const1	killed	ordered:test_line_random
745	line/state	const0	killed	ordered:test_line_random
746	line/state	inv	killed	ordered:test_line_random
747	line/state	const0	killed	ordered:test_line_random
748	line/state	inv	killed	ordered:test_line_random
749	line/state	const1	killed	ordered:test_line_random
750	line/state	cnot0	killed	ordered:test_line_random
751	line/state	cnot0	killed	ordered:test_line_random
752	line/state	cnot0	killed	ordered:test_line_random
753	line/state	inv	killed	kill:test_line_spec_every_engine,test_line_spec_stuffing
754	line/state	inv	killed	kill:test_line_spec_every_engine,test_line_spec_stuffing
755	line/state	inv	killed	kill:test_line_spec_every_engine,test_line_spec_stuffing
756	line/state	const0	killed	ordered:test_line_random
757	line/state	const1	killed	ordered:test_line_random
758	line/state	const0	killed	ordered:test_line_random
759	line/state	cnot1	killed	ordered:test_line_random
760	line/state	cnot1	killed	ordered:test_line_random
761	line/state	cnot0	killed	kill:test_line_spec_crc
762	line/state	const0	killed	kill:test_line_spec_every_engine,test_line_spec_crc
763	line/state	inv	killed	kill:test_line_spec_every_engine,test_line_spec_crc
764	line/state	const1	killed	kill:test_line_spec_crc
765	line/state	cnot0	killed	ordered:test_line_random
766	line/state	cnot1	killed	ordered:test_line_random
767	line/state	const1	survived	
768	line/state	const1	survived	
769	line/state	const0	killed	ordered:test_line_random
770	line/state	const1	killed	ordered:test_line_random
771	line/state	const0	killed	ordered:test_line_random
772	line/state	inv	killed	ordered:test_line_random
773	line/state	const0	killed	ordered:test_line_random
774	line/state	const1	killed	ordered:test_line_random
775	line/state	inv	killed	ordered:test_line_random
776	line/state	cnot0	killed	ordered:test_line_random
777	line/state	cnot0	killed	ordered:test_line_random
778	line/state	const0	killed	ordered:test_line_random
779	line/state	const0	killed	ordered:test_line_random
780	line/state	cnot1	killed	ordered:test_line_random
781	line/state	const1	killed	ordered:test_line_random
782	line/state	inv	killed	ordered:test_line_random
783	line/state	cnot0	killed	ordered:test_line_random
784	line/state	cnot0	killed	ordered:test_line_random
785	line/state	cnot0	killed	ordered:test_line_random
786	line/state	cnot0	killed	ordered:test_line_random
787	line/state	inv	killed	ordered:test_line_random
788	line/state	inv	killed	ordered:test_line_random
789	line/state	const0	killed	ordered:test_line_random
790	line/state	const1	killed	ordered:test_line_random
791	line/state	cnot1	killed	ordered:test_line_random
792	line/state	cnot1	killed	ordered:test_line_random
793	line/state	inv	killed	ordered:test_line_random
794	line/state	inv	killed	ordered:test_line_random
795	line/state	cnot0	killed	ordered:test_line_random
796	line/state	const0	killed	ordered:test_line_random
797	line/state	inv	killed	ordered:test_line_random
798	line/state	inv	killed	ordered:test_line_random
799	line/state	cnot1	killed	ordered:test_line_random
800	line/state	cnot1	killed	ordered:test_line_random
801	line/state	const0	killed	ordered:test_line_random
802	line/state	const0	killed	ordered:test_line_random
803	line/state	const1	killed	ordered:test_line_random
804	line/state	const0	killed	ordered:test_line_random
805	line/state	inv	killed	kill:test_line_spec_xfer_crc_bit
806	line/state	cnot1	killed	kill:test_line_spec_xfer_crc_bit
807	line/state	const1	killed	ordered:test_line_random
808	line/state	cnot0	killed	ordered:test_line_random
809	line/state	const1	killed	ordered:test_line_random
810	line/state	const1	killed	ordered:test_line_random
811	line/state	cnot0	killed	kill:test_line_spec_state_held
812	line/state	const1	killed	ordered:test_line_random
813	line/state	cnot1	killed	kill:test_line_spec_every_engine,test_line_spec_crc,test_line_spec_stuffing,test_line_spec_xfer_crc_bit
814	line/state	const1	killed	ordered:test_line_random
815	line/state	const1	killed	ordered:test_line_random
816	line/state	cnot0	killed	kill:test_line_spec_every_engine,test_line_spec_crc,test_line_spec_state_held,test_line_spec_xfer_crc_bit
817	line/state	const1	killed	ordered:test_line_random
818	line/state	const0	killed	ordered:test_line_random
819	line/state	cnot1	killed	ordered:test_line_random
820	line/state	const0	killed	ordered:test_line_random
821	line/state	inv	killed	ordered:test_line_random
822	line/state	const0	equivalent	equiv_induct
823	line/state	inv	killed	ordered:test_line_random
824	line/state	cnot0	killed	ordered:test_line_random
825	line/state	const0	killed	kill:test_line_spec_every_engine,test_line_spec_crc
826	line/state	const1	killed	ordered:test_line_random
827	line/state	const1	killed	ordered:test_line_random
828	line/state	inv	killed	ordered:test_line_random
829	line/state	const1	killed	ordered:test_line_random
830	line/state	const0	killed	ordered:test_line_random
831	line/state	inv	killed	ordered:test_line_random
832	line/state	cnot0	killed	ordered:test_line_random
833	line/state	cnot0	killed	ordered:test_line_random
834	line/state	inv	killed	ordered:test_line_random
835	line/state	const0	killed	ordered:test_line_random
836	line/state	inv	killed	ordered:test_line_random
837	line/state	inv	killed	ordered:test_line_random
838	line/state	inv	killed	ordered:test_line_random
839	line/state	inv	killed	ordered:test_line_random
840	line/state	const1	killed	ordered:test_line_random
841	line/state	const1	killed	kill:test_line_spec_every_engine,test_line_spec_crc
842	line/state	const0	killed	kill:test_line_spec_every_engine,test_line_spec_crc,test_line_spec_xfer_crc_bit
843	line/state	cnot1	killed	ordered:test_line_random
844	line/state	inv	killed	ordered:test_line_random
845	line/state	inv	killed	ordered:test_line_random
846	line/state	cnot1	killed	ordered:test_line_random
847	line/state	cnot0	killed	ordered:test_line_random
848	line/state	const1	killed	ordered:test_line_random
849	line/state	inv	killed	ordered:test_line_random
850	line/state	const0	killed	ordered:test_line_random
851	line/state	cnot0	killed	kill:test_line_spec_crc,test_line_spec_xfer_crc_bit
852	line/state	inv	killed	kill:test_line_spec_every_engine,test_line_spec_crc,test_line_spec_xfer_crc_bit
853	line/state	cnot0	killed	kill:test_line_spec_crc,test_line_spec_xfer_crc_bit
854	line/state	const0	killed	ordered:test_line_random
855	line/state	const0	killed	ordered:test_line_random
856	line/state	const0	killed	ordered:test_line_random
857	line/state	cnot0	killed	ordered:test_line_random
858	line/state	cnot0	killed	ordered:test_line_random
859	line/state	cnot0	killed	ordered:test_line_random
860	line/state	cnot0	killed	ordered:test_line_random
861	line/state	inv	killed	ordered:test_line_random
862	line/state	cnot0	killed	ordered:test_line_random
863	line/state	cnot1	killed	ordered:test_line_random
864	line/state	inv	killed	ordered:test_line_random
865	line/state	cnot0	killed	ordered:test_line_random
866	line/state	inv	killed	ordered:test_line_random
867	line/state	const1	killed	ordered:test_line_random
868	line/state	const1	killed	ordered:test_line_random
869	line/out-engine_data	const1	killed	kill:test_line_spec_registers
870	line/out-engine_data	cnot1	killed	kill:test_line_spec_registers
871	line/out-engine_data	cnot0	killed	kill:test_line_spec_registers
872	line/out-engine_data	const1	killed	kill:test_line_spec_registers
873	line/out-engine_data	cnot1	killed	kill:test_line_spec_registers
874	line/out-engine_data	cnot0	killed	kill:test_line_spec_registers
875	line/out-engine_data	const1	killed	kill:test_line_spec_registers
876	line/out-engine_data	inv	killed	kill:test_line_spec_crc,test_line_spec_registers
877	line/out-engine_data	const0	killed	kill:test_line_spec_crc
878	line/out-engine_data	cnot0	killed	kill:test_line_spec_crc
879	line/out-engine_data	inv	killed	kill:test_line_spec_crc,test_line_spec_registers
880	line/out-engine_data	const0	killed	kill:test_line_spec_registers
881	line/out-engine_data	cnot0	killed	kill:test_line_spec_crc
882	line/out-engine_data	const1	killed	kill:test_line_spec_crc,test_line_spec_registers
883	line/out-engine_data	cnot1	killed	kill:test_line_spec_crc
884	line/out-engine_data	const1	killed	kill:test_line_spec_registers
885	line/out-engine_data	const0	killed	kill:test_line_spec_crc,test_line_spec_registers
886	line/out-engine_data	const1	killed	kill:test_line_spec_crc,test_line_spec_registers
887	line/out-engine_data	const0	killed	kill:test_line_spec_crc,test_line_spec_registers
888	line/out-engine_data	const1	killed	kill:test_line_spec_crc,test_line_spec_registers
889	line/out-engine_data	cnot0	killed	kill:test_line_spec_crc,test_line_spec_registers
890	line/out-engine_data	cnot1	killed	kill:test_line_spec_crc,test_line_spec_registers
891	line/out-engine_data	inv	killed	kill:test_line_spec_crc,test_line_spec_registers
892	line/out-engine_data	const1	killed	kill:test_line_spec_crc,test_line_spec_registers
893	line/out-engine_data	const0	killed	kill:test_line_spec_registers
894	line/out-engine_data	inv	killed	kill:test_line_spec_crc,test_line_spec_registers
895	line/out-engine_data	const0	killed	kill:test_line_spec_lstat,test_line_spec_registers
896	line/out-engine_data	cnot1	killed	kill:test_line_spec_registers
897	line/out-engine_data	cnot1	killed	kill:test_line_spec_registers
898	line/out-engine_data	inv	killed	kill:test_line_spec_lstat,test_line_spec_registers
899	line/out-engine_data	const1	killed	kill:test_line_spec_lstat
900	line/out-engine_data	inv	killed	kill:test_line_spec_every_engine,test_line_spec_lstat,test_line_spec_registers
901	line/out-engine_data	cnot0	killed	kill:test_line_spec_lstat
902	line/out-engine_data	cnot1	killed	kill:test_line_spec_lstat
903	line/out-engine_data	const0	killed	kill:test_line_spec_lstat,test_line_spec_registers
904	line/out-engine_data	inv	killed	kill:test_line_spec_every_engine,test_line_spec_registers
905	line/out-engine_data	inv	killed	kill:test_line_spec_every_engine,test_line_spec_registers
906	line/out-engine_data	const1	killed	kill:test_line_spec_registers
907	line/out-engine_data	cnot1	killed	kill:test_line_spec_registers
908	line/out-engine_data	inv	killed	kill:test_line_spec_registers
909	line/out-engine_data	cnot0	killed	kill:test_line_spec_registers
910	line/out-engine_data	cnot1	killed	kill:test_line_spec_registers
911	line/out-engine_data	const0	killed	kill:test_line_spec_registers
912	line/out-engine_data	const0	killed	kill:test_line_spec_registers
913	line/out-engine_data	cnot1	killed	kill:test_line_spec_registers
914	line/out-engine_data	const1	killed	kill:test_line_spec_registers
915	line/out-engine_data	cnot1	killed	kill:test_line_spec_registers
916	line/out-engine_data	cnot0	killed	kill:test_line_spec_crc,test_line_spec_registers
917	line/out-engine_data	cnot0	killed	kill:test_line_spec_crc,test_line_spec_registers
918	line/out-engine_data	const0	killed	kill:test_line_spec_registers
919	line/out-engine_data	cnot1	killed	kill:test_line_spec_crc,test_line_spec_registers
920	line/out-engine_data	inv	killed	kill:test_line_spec_crc,test_line_spec_registers
921	line/out-engine_data	inv	killed	kill:test_line_spec_every_engine,test_line_spec_registers
922	line/out-engine_data	const1	killed	kill:test_line_spec_every_engine,test_line_spec_lstat,test_line_spec_registers
923	line/out-engine_data	cnot0	killed	kill:test_line_spec_registers
924	line/out-engine_data	cnot0	killed	kill:test_line_spec_every_engine,test_line_spec_registers
925	line/out-engine_data	cnot0	killed	kill:test_line_spec_every_engine,test_line_spec_registers
926	line/out-engine_data	const0	killed	kill:test_line_spec_every_engine,test_line_spec_lstat
927	line/out-engine_data	inv	killed	kill:test_line_spec_every_engine,test_line_spec_lstat,test_line_spec_registers,test_line_spec_stuffing
928	line/out-engine_data	inv	killed	kill:test_line_spec_every_engine,test_line_spec_lstat,test_line_spec_registers,test_line_spec_stuffing
929	line/out-engine_data	cnot0	killed	kill:test_line_spec_every_engine,test_line_spec_lstat,test_line_spec_registers,test_line_spec_stuffing
930	line/out-engine_data	const0	equivalent	equiv_induct
931	line/out-engine_data	cnot0	killed	kill:test_line_spec_every_engine,test_line_spec_lstat
932	line/out-engine_data	const0	killed	kill:test_line_spec_every_engine,test_line_spec_lstat,test_line_spec_registers
933	line/out-engine_data	cnot0	killed	kill:test_line_spec_every_engine,test_line_spec_lstat,test_line_spec_registers,test_line_spec_stuffing
934	line/out-engine_data	inv	killed	kill:test_line_spec_every_engine,test_line_spec_lstat,test_line_spec_registers,test_line_spec_stuffing
935	line/out-engine_data	const1	killed	kill:test_line_spec_every_engine,test_line_spec_lstat,test_line_spec_registers,test_line_spec_stuffing
936	line/out-engine_data	const1	killed	ordered:test_line_random
937	line/out-engine_data	const1	killed	ordered:test_line_random
938	line/out-engine_data	const1	killed	ordered:test_line_random
939	line/out-engine_data	const0	killed	ordered:test_line_random
940	line/out-engine_data	cnot1	killed	ordered:test_line_random
941	line/out-engine_data	cnot1	killed	ordered:test_line_random
942	line/out-engine_data	cnot0	killed	ordered:test_line_random
943	line/out-engine_data	const1	killed	kill:test_line_spec_every_engine
944	line/out-engine_data	inv	killed	ordered:test_line_random
945	line/out-engine_data	const0	killed	ordered:test_line_random
946	line/out-engine_data	inv	killed	ordered:test_line_random
947	line/out-engine_data	cnot0	killed	ordered:test_line_random
948	line/out-engine_data	inv	killed	ordered:test_line_random
949	line/out-engine_data	inv	killed	ordered:test_line_random
950	line/out-engine_data	const1	killed	ordered:test_line_random
951	line/out-engine_data	const0	killed	ordered:test_line_random
952	line/out-engine_data	const1	killed	ordered:test_line_random
953	line/out-engine_data	inv	killed	ordered:test_line_random
954	line/out-engine_data	const0	killed	kill:test_line_spec_registers
955	line/out-engine_data	inv	killed	ordered:test_line_random
956	line/out-engine_data	cnot1	killed	kill:test_line_spec_registers
957	line/out-engine_data	cnot1	killed	ordered:test_line_random
958	line/out-engine_data	cnot1	killed	kill:test_line_spec_registers
959	line/out-engine_data	cnot1	killed	kill:test_line_spec_registers
960	line/out-engine_data	cnot1	killed	kill:test_line_spec_registers
961	line/out-engine_data	const0	killed	kill:test_line_spec_registers
962	line/out-engine_data	const1	killed	ordered:test_line_random
963	line/out-engine_data	cnot0	killed	kill:test_line_spec_every_engine,test_line_spec_registers,test_line_spec_stuffing
964	line/out-engine_data	const0	killed	kill:test_line_spec_lstat,test_line_spec_state_held,test_line_spec_se0_pins
965	line/out-engine_data	inv	killed	kill:test_line_spec_lstat,test_line_spec_registers,test_line_spec_state_held,test_line_spec_se0_pins
966	line/out-engine_data	cnot0	killed	kill:test_line_spec_lstat,test_line_spec_registers,test_line_spec_state_held,test_line_spec_se0_pins
967	line/out-engine_data	cnot1	killed	kill:test_line_spec_lstat,test_line_spec_state_held,test_line_spec_se0_pins
968	line/out-engine_data	const1	killed	kill:test_line_spec_lstat,test_line_spec_registers,test_line_spec_state_held,test_line_spec_se0_pins
969	line/out-engine_data	cnot1	killed	kill:test_line_spec_lstat,test_line_spec_state_held,test_line_spec_se0_pins
970	line/out-engine_data	inv	killed	kill:test_line_spec_lstat,test_line_spec_registers,test_line_spec_state_held,test_line_spec_se0_pins
971	line/out-engine_data	inv	killed	kill:test_line_spec_every_engine,test_line_spec_lstat,test_line_spec_registers,test_line_spec_state_held,test_line_spec_stuffing,test_line_spec_se0_pins
972	line/out-engine_data	cnot0	killed	kill:test_line_spec_every_engine,test_line_spec_lstat,test_line_spec_registers,test_line_spec_state_held,test_line_spec_stuffing,test_line_spec_se0_pins
973	line/out-engine_data	cnot1	killed	kill:test_line_spec_every_engine,test_line_spec_registers,test_line_spec_stuffing
974	line/out-engine_data	cnot0	killed	kill:test_line_spec_every_engine,test_line_spec_lstat,test_line_spec_registers,test_line_spec_state_held,test_line_spec_stuffing,test_line_spec_se0_pins
975	line/out-engine_data	const0	killed	kill:test_line_spec_every_engine,test_line_spec_registers,test_line_spec_stuffing
976	line/state	const0	killed	ordered:test_line_random
977	line/state	const1	killed	ordered:test_line_random
978	line/state	inv	killed	ordered:test_line_random
979	line/state	cnot1	killed	ordered:test_line_random
980	line/state	const1	killed	ordered:test_line_random
981	line/state	cnot0	killed	ordered:test_line_random
982	line/state	cnot1	killed	ordered:test_line_random
983	line/state	cnot0	killed	ordered:test_line_random
984	line/state	const0	killed	ordered:test_line_random
985	line/state	const1	killed	ordered:test_line_random
986	line/state	const0	killed	ordered:test_line_random
987	line/state	inv	killed	ordered:test_line_random
988	line/state	const0	killed	ordered:test_line_random
989	line/state	inv	killed	ordered:test_line_random
990	line/state	const1	killed	ordered:test_line_random
991	line/state	const1	killed	ordered:test_line_random
992	line/state	const0	killed	ordered:test_line_random
993	line/state	inv	killed	ordered:test_line_random
994	line/state	const0	killed	ordered:test_line_random
995	line/state	cnot1	killed	ordered:test_line_random
996	line/state	cnot1	killed	ordered:test_line_random
997	line/state	const1	survived	
998	line/state	const1	survived	
999	line/state	cnot1	survived	
1000	line/state	const1	killed	ordered:test_line_random
1001	line/state	inv	killed	ordered:test_line_random
1002	line/state	inv	killed	ordered:test_line_random
1003	line/state	cnot0	killed	ordered:test_line_random
1004	line/state	const0	killed	ordered:test_line_random
1005	line/state	const1	killed	ordered:test_line_random
1006	line/state	cnot1	killed	ordered:test_line_random
1007	line/state	cnot1	killed	ordered:test_line_random
1008	line/state	cnot1	killed	ordered:test_line_random
1009	line/state	const1	killed	ordered:test_line_random
1010	line/state	const0	killed	kill:test_line_spec_state_held,test_line_spec_stuffing
1011	line/state	cnot1	killed	ordered:test_line_random
1012	line/state	cnot1	killed	ordered:test_line_random
1013	line/state	cnot1	killed	ordered:test_line_random
1014	line/state	const1	killed	ordered:test_line_random
1015	line/state	const1	killed	ordered:test_line_random
1016	line/state	cnot0	killed	ordered:test_line_random
1017	line/state	const0	killed	ordered:test_line_random
1018	line/state	const0	killed	ordered:test_line_random
1019	line/state	inv	killed	ordered:test_line_random
1020	line/state	inv	killed	ordered:test_line_random
1021	line/state	cnot0	killed	ordered:test_line_random
1022	line/state	cnot0	killed	ordered:test_line_random
1023	line/state	cnot1	killed	ordered:test_line_random
1024	line/state	inv	killed	ordered:test_line_random
1025	line/state	cnot0	killed	ordered:test_line_random
1026	line/state	cnot0	killed	ordered:test_line_random
1027	line/state	const0	killed	ordered:test_line_random
1028	line/state	const0	killed	ordered:test_line_random
1029	line/state	inv	killed	kill:test_line_spec_every_engine
1030	line/state	const0	killed	kill:test_line_spec_every_engine
1031	line/state	inv	killed	ordered:test_line_random
1032	line/state	inv	killed	ordered:test_line_random
1033	line/state	const0	killed	ordered:test_line_random
1034	line/state	cnot1	killed	ordered:test_line_random
1035	line/state	inv	killed	ordered:test_line_random
1036	line/state	inv	killed	ordered:test_line_random
1037	line/state	cnot0	killed	ordered:test_line_random
1038	line/state	const1	killed	ordered:test_line_random
1039	line/state	const0	killed	ordered:test_line_random
1040	line/state	cnot1	killed	ordered:test_line_random
1041	line/state	cnot0	equivalent	miter-abc-900s
1042	line/state	const0	equivalent	miter-abc-900s
1043	line/state	inv	equivalent	miter-abc-900s
1044	line/state	inv	equivalent	miter-abc-900s
1045	line/state	const1	equivalent	miter-abc-900s
1046	line/state	const0	killed	ordered:test_line_random
1047	line/state	cnot1	killed	ordered:test_line_random
1048	line/state	inv	killed	ordered:test_line_random
1049	line/state	cnot1	killed	ordered:test_line_random
1050	line/state	cnot1	killed	ordered:test_line_random
1051	line/out-engine_data	const1	killed	kill:test_line_spec_registers
1052	line/out-engine_data	const0	killed	kill:test_line_spec_registers
1053	line/out-engine_data	const1	killed	ordered:test_line_random
1054	line/out-engine_data	cnot0	killed	ordered:test_line_random
1055	line/out-engine_data	cnot1	killed	ordered:test_line_random
1056	line/out-engine_data	const0	killed	ordered:test_line_random
1057	line/out-engine_data	const0	killed	ordered:test_line_random
1058	line/out-engine_data	cnot0	killed	ordered:test_line_random
1059	line/out-engine_data	const1	killed	ordered:test_line_random
1060	line/out-engine_data	cnot0	killed	ordered:test_line_random
1061	line/out-engine_data	cnot1	killed	ordered:test_line_random
1062	line/out-engine_data	const1	killed	ordered:test_line_random
1063	line/state	inv	killed	ordered:test_line_random
1064	line/state	const1	killed	kill:test_line_spec_every_engine,test_line_spec_lstat,test_line_spec_state_held,test_line_spec_stuffing,test_line_spec_se0_pins
1065	line/state	const0	killed	ordered:test_line_random
1066	line/state	const0	equivalent	equiv_induct
1067	line/state	const0	killed	ordered:test_line_random
1068	line/state	inv	killed	ordered:test_line_random
1069	line/state	const1	equivalent	miter-abc-900s
1070	line/state	const0	killed	kill:test_line_spec_every_engine,test_line_spec_bounded_wait,test_line_spec_stuffing
1071	line/state	const0	killed	ordered:test_line_random
1072	line/state	const0	killed	kill:test_line_spec_every_engine,test_line_spec_lstat,test_line_spec_stuffing
1073	line/state	inv	killed	ordered:test_line_random
1074	line/state	cnot0	killed	kill:test_line_spec_state_held
1075	line/state	inv	survived	
1076	line/state	const1	survived	
1077	line/state	inv	killed	ordered:test_line_random
1078	line/state	const0	killed	ordered:test_line_random
1079	line/state	inv	survived	
1080	line/state	const0	survived	
1081	line/state	const1	equivalent	miter-abc-900s
1082	line/state	cnot0	killed	ordered:test_line_random
1083	line/state	const1	killed	ordered:test_line_random
1084	line/state	cnot0	killed	ordered:test_line_random
1085	line/state	cnot0	killed	ordered:test_line_random
1086	line/state	cnot1	killed	ordered:test_line_random
1087	line/state	const1	killed	ordered:test_line_random
1088	line/state	const0	killed	ordered:test_line_random
1089	line/state	inv	killed	ordered:test_line_random
1090	line/state	inv	killed	ordered:test_line_random
1091	line/state	const0	killed	kill:test_line_spec_every_engine,test_line_spec_stuffing
1092	line/state	const1	survived	
1093	line/state	cnot0	killed	ordered:test_line_random
1094	line/state	const1	killed	ordered:test_line_random
1095	line/state	const0	equivalent	equiv_induct
1096	line/state	inv	killed	ordered:test_line_random
1097	line/state	const0	survived	
1098	line/state	cnot0	killed	ordered:test_line_random
1099	line/state	inv	killed	ordered:test_line_random
1100	line/state	const1	killed	ordered:test_line_random
1101	line/state	cnot0	killed	ordered:test_line_random
1102	line/state	const0	killed	ordered:test_line_random
1103	line/state	inv	killed	kill:test_line_spec_state_held
1104	line/state	cnot1	killed	ordered:test_line_random
1105	line/state	inv	killed	ordered:test_line_demos
1106	line/state	cnot0	killed	ordered:test_line_random
1107	line/state	inv	killed	ordered:test_line_random
1108	line/state	const1	killed	ordered:test_line_random
1109	line/state	const0	killed	kill:test_line_spec_every_engine,test_line_spec_lstat
1110	line/state	const0	killed	ordered:test_line_random
1111	line/state	const1	killed	ordered:test_line_random
1112	line/state	inv	killed	ordered:test_line_random
1113	line/state	const0	survived	
1114	line/state	const1	killed	ordered:test_line_random
1115	line/state	inv	killed	ordered:test_line_random
1116	line/state	const1	killed	ordered:test_line_random
1117	line/state	const1	killed	ordered:test_line_random
1118	line/state	cnot0	killed	ordered:test_line_random
1119	line/state	cnot1	killed	kill:test_line_spec_every_engine,test_line_spec_state_held
1120	line/state	inv	killed	ordered:test_line_random
1121	line/state	const0	killed	kill:test_line_spec_every_engine,test_line_spec_bounded_wait,test_line_spec_state_held,test_line_spec_stuffing
1122	line/state	cnot0	killed	ordered:test_line_random
1123	line/state	cnot1	killed	ordered:test_line_random
1124	line/state	inv	killed	ordered:test_line_random
1125	line/state	const1	killed	ordered:test_line_random
1126	line/state	const0	survived	
1127	line/state	inv	survived	
1128	line/state	const0	survived	
1129	line/state	inv	killed	ordered:test_line_random
1130	line/state	cnot1	killed	kill:test_line_spec_every_engine,test_line_spec_bounded_wait,test_line_spec_state_held
1131	line/state	const1	killed	ordered:test_line_random
1132	line/state	cnot0	killed	ordered:test_line_random
1133	line/state	inv	killed	kill:test_line_spec_state_held
1134	line/state	const0	killed	ordered:test_line_random
1135	line/state	cnot1	killed	ordered:test_line_random
1136	line/state	inv	killed	ordered:test_line_random
1137	line/state	const1	killed	ordered:test_line_demos
1138	line/state	cnot0	killed	ordered:test_line_demos
1139	line/state	const1	killed	ordered:test_line_demos
1140	line/state	inv	killed	ordered:test_line_demos
1141	line/state	cnot0	killed	ordered:test_line_random
1142	line/state	cnot1	killed	ordered:test_line_random
1143	line/state	cnot0	killed	ordered:test_line_random
1144	line/state	cnot1	killed	ordered:test_line_random
1145	line/state	cnot0	killed	ordered:test_line_random
1146	line/state	const1	killed	kill:test_line_spec_every_engine,test_line_spec_bounded_wait,test_line_spec_invalid_fields,test_line_spec_image_end
1147	line/state	inv	killed	ordered:test_line_random
1148	line/state	cnot1	killed	kill:test_line_spec_bounded_wait
1149	line/state	const1	killed	ordered:test_line_random
1150	line/state	const0	killed	ordered:test_line_random
1151	line/state	const1	equivalent	miter-abc-900s
1152	line/state	inv	killed	ordered:test_line_random
1153	line/state	const0	killed	ordered:test_line_random
1154	line/state	cnot0	killed	ordered:test_line_random
1155	line/state	cnot1	survived	
1156	line/state	inv	killed	kill:test_line_spec_every_engine,test_line_spec_lstat,test_line_spec_state_held,test_line_spec_se0_pins
1157	line/state	inv	killed	ordered:test_line_random
1158	line/state	const1	killed	ordered:test_line_random
1159	line/state	const1	killed	ordered:test_line_random
1160	line/state	const0	killed	ordered:test_line_random
1161	line/state	inv	killed	ordered:test_line_random
1162	line/state	const1	killed	ordered:test_line_random
1163	line/state	inv	killed	ordered:test_line_random
1164	line/state	const1	equivalent	miter-abc-900s
1165	line/state	const1	killed	ordered:test_line_random
1166	line/state	const0	equivalent	miter-abc-900s
1167	line/state	const0	killed	ordered:test_line_random
1168	line/state	inv	killed	ordered:test_line_random
1169	line/state	const1	killed	ordered:test_line_random
1170	line/state	cnot1	killed	ordered:test_line_random
1171	line/state	const1	killed	ordered:test_line_random
1172	line/state	inv	survived	
1173	line/state	const1	killed	ordered:test_line_random
1174	line/state	const0	killed	ordered:test_line_random
1175	line/state	cnot0	killed	ordered:test_line_random
1176	line/state	const0	killed	ordered:test_line_random
1177	line/state	inv	killed	ordered:test_line_random
1178	line/state	inv	killed	ordered:test_line_random
1179	line/state	const1	killed	ordered:test_line_random
1180	line/state	const0	killed	ordered:test_line_random
1181	line/state	const1	killed	ordered:test_line_random
1182	line/state	const0	killed	ordered:test_line_random
1183	line/state	cnot1	killed	ordered:test_line_random
1184	line/state	const1	killed	ordered:test_line_random
1185	line/state	cnot0	killed	ordered:test_line_random
1186	line/state	inv	killed	ordered:test_line_random
1187	line/state	const1	killed	ordered:test_line_random
1188	line/state	cnot1	killed	ordered:test_line_random
1189	line/state	inv	killed	ordered:test_line_random
1190	line/state	inv	survived	
1191	line/state	const1	killed	ordered:test_line_random
1192	line/state	cnot0	killed	ordered:test_line_random
1193	line/state	inv	equivalent	miter-abc-900s
1194	line/state	const1	equivalent	miter-abc-900s
1195	line/state	inv	equivalent	miter-abc-900s
1196	line/state	const1	equivalent	miter-abc-900s
1197	line/state	cnot0	killed	ordered:test_line_random
1198	line/state	cnot1	killed	ordered:test_line_random
1199	line/state	cnot0	killed	ordered:test_line_random
1200	line/state	cnot0	killed	ordered:test_line_random
1201	line/state	const1	equivalent	miter-abc-900s
1202	line/state	cnot0	killed	ordered:test_line_random
1203	line/state	cnot0	killed	ordered:test_line_random
1204	line/state	inv	killed	ordered:test_line_random
1205	line/state	const1	killed	ordered:test_line_random
1206	line/state	inv	killed	ordered:test_line_random
1207	line/state	cnot1	survived	
1208	line/state	inv	killed	ordered:test_line_random
1209	line/state	cnot0	killed	ordered:test_line_random
1210	line/state	const0	killed	ordered:test_line_random
1211	line/state	cnot1	survived	
1212	line/state	inv	survived	
1213	line/state	const1	survived	
1214	line/state	const0	killed	ordered:test_line_random
1215	line/state	const0	killed	ordered:test_line_random
1216	line/state	inv	killed	ordered:test_line_random
1217	line/state	const0	killed	ordered:test_line_random
1218	line/state	const1	survived	
1219	line/state	const1	survived	
1220	line/state	const0	killed	ordered:test_line_random
1221	line/state	cnot0	killed	ordered:test_line_random
1222	line/state	cnot0	killed	ordered:test_line_random
1223	line/state	const0	killed	ordered:test_line_random
1224	line/state	const0	equivalent	miter-abc-900s
1225	line/state	cnot1	killed	ordered:test_line_random
1226	line/state	inv	killed	ordered:test_line_random
1227	line/state	const1	killed	ordered:test_line_random
1228	line/state	cnot1	killed	ordered:test_line_random
1229	line/state	cnot0	killed	ordered:test_line_random
1230	line/state	const1	killed	ordered:test_line_random
1231	line/state	const1	killed	ordered:test_line_random
1232	line/state	cnot0	equivalent	miter-abc-900s
1233	line/state	const0	equivalent	miter-abc-900s
1234	line/state	inv	killed	ordered:test_line_random
1235	line/state	const1	killed	ordered:test_line_random
1236	line/out-engine_xfer	const0	equivalent	miter-abc-900s
1237	line/out-engine_xfer	inv	killed	ordered:test_line_random
1238	line/out-engine_xfer	const0	killed	kill:test_line_spec_every_engine,test_line_spec_ticker
1239	line/out-engine_xfer	const1	killed	ordered:test_line_random
1240	line/out-engine_xfer	const0	killed	kill:test_line_spec_every_engine,test_line_spec_ticker
1241	line/state	const1	killed	kill:test_line_spec_every_engine,test_line_spec_registers
1242	line/state	const1	killed	ordered:test_line_random
1243	line/state	const1	equivalent	miter-abc-900s
1244	line/state	inv	killed	ordered:test_line_random
1245	line/state	cnot0	killed	ordered:test_line_random
1246	line/state	const1	killed	ordered:test_line_random
1247	line/state	cnot1	killed	kill:test_line_spec_lstat
1248	line/state	const0	killed	kill:test_line_spec_every_engine,test_line_spec_lstat,test_line_spec_state_held,test_line_spec_se0_pins
1249	line/state	cnot1	killed	kill:test_line_spec_every_engine,test_line_spec_lstat,test_line_spec_state_held,test_line_spec_se0_pins
1250	line/state	const1	killed	ordered:test_line_random
1251	line/state	inv	killed	ordered:test_line_random
1252	line/state	inv	killed	kill:test_line_spec_every_engine,test_line_spec_lstat,test_line_spec_registers,test_line_spec_state_held
1253	line/state	const1	killed	ordered:test_line_random
1254	line/state	cnot0	survived	
1255	line/state	inv	killed	kill:test_line_spec_every_engine,test_line_spec_lstat,test_line_spec_registers,test_line_spec_state_held
1256	line/state	cnot0	killed	kill:test_line_spec_every_engine,test_line_spec_lstat,test_line_spec_registers,test_line_spec_state_held
1257	line/state	const0	killed	kill:test_line_spec_lstat
1258	line/state	const0	survived	
1259	line/state	cnot0	killed	kill:test_line_spec_state_held
1260	line/state	inv	killed	kill:test_line_spec_state_held
1261	line/state	inv	killed	kill:test_line_spec_state_held
1262	line/state	const0	equivalent	miter-abc-900s
1263	line/state	const1	killed	ordered:test_line_random
1264	line/state	const0	equivalent	equiv_induct
1265	line/state	const1	killed	ordered:test_line_random
1266	line/state	cnot1	killed	kill:test_line_spec_every_engine,test_line_spec_lstat
1267	line/state	const0	equivalent	miter-abc-900s
1268	line/state	inv	killed	ordered:test_line_random
1269	line/out-engine_data	inv	killed	ordered:test_line_random
1270	line/out-engine_data	const1	killed	ordered:test_line_random
1271	line/out-engine_data	const0	killed	kill:test_line_spec_lstat,test_line_spec_registers
1272	line/out-engine_data	inv	killed	ordered:test_line_random
1273	line/out-engine_data	const0	killed	kill:test_line_spec_lstat
1274	line/out-engine_data	const0	killed	kill:test_line_spec_lstat
1275	line/out-engine_data	cnot0	killed	kill:test_line_spec_lstat,test_line_spec_registers
1276	line/out-engine_data	const1	killed	kill:test_line_spec_lstat,test_line_spec_registers
1277	line/out-engine_data	const0	killed	ordered:test_line_random
1278	line/out-engine_data	const0	killed	kill:test_line_spec_every_engine,test_line_spec_stuffing
1279	line/out-engine_data	const0	killed	kill:test_line_spec_every_engine,test_line_spec_stuffing
1280	line/out-engine_data	const1	killed	ordered:test_line_random
1281	line/out-engine_data	cnot1	killed	kill:test_line_spec_every_engine,test_line_spec_stuffing
1282	line/out-engine_data	inv	killed	ordered:test_line_random
1283	line/out-engine_data	const0	killed	kill:test_line_spec_every_engine
1284	line/out-engine_data	inv	killed	ordered:test_line_random
1285	line/out-engine_data	cnot0	killed	ordered:test_line_random
1286	line/out-engine_data	inv	killed	ordered:test_line_random
1287	line/state	cnot0	survived	
1288	line/state	cnot0	survived	
1289	line/state	inv	killed	kill:test_line_spec_every_engine,test_line_spec_xfer_crc_bit
1290	line/state	inv	killed	kill:test_line_spec_every_engine,test_line_spec_crc,test_line_spec_stuffing,test_line_spec_xfer_crc_bit
1291	line/state	inv	killed	kill:test_line_spec_every_engine,test_line_spec_crc,test_line_spec_stuffing,test_line_spec_xfer_crc_bit
1292	line/state	cnot1	killed	kill:test_line_spec_every_engine,test_line_spec_crc,test_line_spec_stuffing,test_line_spec_xfer_crc_bit
1293	line/state	cnot0	killed	kill:test_line_spec_every_engine,test_line_spec_crc,test_line_spec_stuffing,test_line_spec_xfer_crc_bit
1294	line/state	const1	killed	kill:test_line_spec_every_engine,test_line_spec_crc,test_line_spec_stuffing,test_line_spec_xfer_crc_bit
1295	line/state	const0	killed	kill:test_line_spec_every_engine,test_line_spec_crc,test_line_spec_stuffing,test_line_spec_xfer_crc_bit
1296	line/state	const0	killed	kill:test_line_spec_every_engine,test_line_spec_crc,test_line_spec_stuffing,test_line_spec_xfer_crc_bit
1297	line/state	cnot0	killed	kill:test_line_spec_every_engine,test_line_spec_crc,test_line_spec_stuffing,test_line_spec_xfer_crc_bit
1298	line/state	cnot1	killed	kill:test_line_spec_every_engine,test_line_spec_stuffing
1299	line/state	cnot0	killed	kill:test_line_spec_stuffing
1300	line/state	const0	killed	kill:test_line_spec_every_engine,test_line_spec_stuffing
1301	line/state	const1	killed	kill:test_line_spec_every_engine,test_line_spec_crc,test_line_spec_stuffing,test_line_spec_xfer_crc_bit
1302	line/state	inv	killed	kill:test_line_spec_every_engine,test_line_spec_crc,test_line_spec_stuffing,test_line_spec_xfer_crc_bit
1303	line/state	cnot0	killed	kill:test_line_spec_every_engine,test_line_spec_crc,test_line_spec_stuffing,test_line_spec_xfer_crc_bit
1304	line/state	cnot1	killed	kill:test_line_spec_every_engine,test_line_spec_crc,test_line_spec_stuffing,test_line_spec_xfer_crc_bit
1305	line/state	inv	killed	kill:test_line_spec_every_engine,test_line_spec_crc,test_line_spec_stuffing,test_line_spec_xfer_crc_bit
1306	line/state	inv	killed	kill:test_line_spec_every_engine,test_line_spec_crc,test_line_spec_stuffing,test_line_spec_xfer_crc_bit
1307	line/state	cnot1	killed	kill:test_line_spec_every_engine,test_line_spec_crc
1308	line/state	const0	killed	kill:test_line_spec_every_engine
1309	line/state	cnot0	killed	kill:test_line_spec_crc
1310	line/state	cnot1	killed	kill:test_line_spec_every_engine
1311	line/state	inv	killed	kill:test_line_spec_every_engine,test_line_spec_crc,test_line_spec_stuffing,test_line_spec_xfer_crc_bit
1312	line/state	const0	killed	kill:test_line_spec_every_engine,test_line_spec_crc,test_line_spec_stuffing,test_line_spec_xfer_crc_bit
1313	line/state	const1	killed	kill:test_line_spec_every_engine,test_line_spec_crc,test_line_spec_stuffing,test_line_spec_xfer_crc_bit
1314	line/state	cnot0	killed	kill:test_line_spec_every_engine,test_line_spec_crc,test_line_spec_stuffing,test_line_spec_xfer_crc_bit
1315	line/state	cnot0	killed	kill:test_line_spec_every_engine,test_line_spec_crc,test_line_spec_stuffing,test_line_spec_xfer_crc_bit
1316	line/state	const1	killed	kill:test_line_spec_every_engine,test_line_spec_crc,test_line_spec_stuffing,test_line_spec_xfer_crc_bit
1317	line/state	const0	survived	
1318	line/state	cnot0	survived	
1319	line/state	inv	killed	kill:test_line_spec_every_engine,test_line_spec_crc,test_line_spec_state_held,test_line_spec_stuffing
1320	line/state	const1	killed	kill:test_line_spec_every_engine,test_line_spec_crc,test_line_spec_state_held,test_line_spec_stuffing
1321	line/state	cnot0	killed	kill:test_line_spec_every_engine,test_line_spec_crc,test_line_spec_state_held,test_line_spec_stuffing
1322	line/state	const0	killed	kill:test_line_spec_every_engine,test_line_spec_crc,test_line_spec_state_held,test_line_spec_stuffing,test_line_spec_xfer_crc_bit
1323	line/state	inv	killed	kill:test_line_spec_every_engine,test_line_spec_crc,test_line_spec_state_held,test_line_spec_stuffing,test_line_spec_xfer_crc_bit
1324	line/state	inv	killed	kill:test_line_spec_every_engine,test_line_spec_crc,test_line_spec_state_held,test_line_spec_stuffing,test_line_spec_xfer_crc_bit
1325	line/state	cnot1	killed	kill:test_line_spec_stuffing
1326	line/state	const1	killed	kill:test_line_spec_every_engine,test_line_spec_crc,test_line_spec_state_held,test_line_spec_stuffing,test_line_spec_xfer_crc_bit
1327	line/state	const1	killed	kill:test_line_spec_every_engine,test_line_spec_crc,test_line_spec_state_held,test_line_spec_stuffing,test_line_spec_xfer_crc_bit
1328	line/state	const1	killed	kill:test_line_spec_every_engine,test_line_spec_crc,test_line_spec_state_held,test_line_spec_stuffing
1329	line/state	const1	killed	kill:test_line_spec_every_engine,test_line_spec_crc,test_line_spec_state_held,test_line_spec_stuffing
1330	line/state	const1	killed	kill:test_line_spec_every_engine,test_line_spec_crc,test_line_spec_state_held,test_line_spec_stuffing
1331	line/state	const1	killed	kill:test_line_spec_xfer_crc_bit
1332	line/state	const1	killed	kill:test_line_spec_every_engine,test_line_spec_crc,test_line_spec_state_held,test_line_spec_stuffing,test_line_spec_xfer_crc_bit
1333	line/state	cnot0	killed	kill:test_line_spec_every_engine,test_line_spec_crc,test_line_spec_state_held,test_line_spec_stuffing
1334	line/state	cnot1	killed	kill:test_line_spec_every_engine,test_line_spec_crc,test_line_spec_state_held,test_line_spec_stuffing,test_line_spec_xfer_crc_bit
1335	line/state	cnot1	killed	kill:test_line_spec_every_engine,test_line_spec_crc,test_line_spec_state_held,test_line_spec_stuffing
1336	line/state	cnot0	killed	kill:test_line_spec_every_engine,test_line_spec_crc,test_line_spec_state_held,test_line_spec_stuffing,test_line_spec_xfer_crc_bit
1337	line/state	cnot1	killed	kill:test_line_spec_every_engine,test_line_spec_crc,test_line_spec_state_held,test_line_spec_stuffing,test_line_spec_xfer_crc_bit
1338	line/state	cnot0	killed	kill:test_line_spec_every_engine,test_line_spec_crc,test_line_spec_state_held,test_line_spec_stuffing,test_line_spec_xfer_crc_bit
1339	line/state	cnot1	killed	kill:test_line_spec_every_engine,test_line_spec_crc,test_line_spec_state_held,test_line_spec_stuffing,test_line_spec_xfer_crc_bit
1340	line/state	const0	killed	kill:test_line_spec_every_engine,test_line_spec_crc,test_line_spec_state_held,test_line_spec_stuffing,test_line_spec_xfer_crc_bit
1341	line/state	const0	killed	kill:test_line_spec_every_engine,test_line_spec_crc,test_line_spec_state_held,test_line_spec_stuffing,test_line_spec_xfer_crc_bit
1342	line/state	const1	killed	kill:test_line_spec_every_engine,test_line_spec_crc,test_line_spec_state_held,test_line_spec_stuffing,test_line_spec_xfer_crc_bit
1343	line/state	const1	killed	kill:test_line_spec_every_engine,test_line_spec_crc,test_line_spec_state_held,test_line_spec_stuffing,test_line_spec_xfer_crc_bit
1344	line/state	cnot1	killed	kill:test_line_spec_every_engine,test_line_spec_crc,test_line_spec_state_held,test_line_spec_stuffing,test_line_spec_xfer_crc_bit
1345	line/state	const0	killed	kill:test_line_spec_every_engine,test_line_spec_crc,test_line_spec_state_held,test_line_spec_stuffing
1346	line/state	cnot0	killed	kill:test_line_spec_every_engine,test_line_spec_crc,test_line_spec_state_held,test_line_spec_stuffing,test_line_spec_xfer_crc_bit
1347	line/state	inv	killed	kill:test_line_spec_every_engine,test_line_spec_crc,test_line_spec_state_held,test_line_spec_stuffing,test_line_spec_xfer_crc_bit
1348	line/state	const1	killed	kill:test_line_spec_every_engine,test_line_spec_crc,test_line_spec_state_held,test_line_spec_stuffing,test_line_spec_xfer_crc_bit
1349	line/state	cnot0	killed	kill:test_line_spec_every_engine,test_line_spec_crc,test_line_spec_stuffing,test_line_spec_xfer_crc_bit
1350	line/state	const0	killed	kill:test_line_spec_every_engine,test_line_spec_crc,test_line_spec_stuffing,test_line_spec_xfer_crc_bit
1351	line/state	cnot0	killed	kill:test_line_spec_every_engine,test_line_spec_crc,test_line_spec_state_held,test_line_spec_stuffing,test_line_spec_xfer_crc_bit
1352	line/state	cnot0	killed	kill:test_line_spec_xfer_crc_bit
1353	line/state	cnot0	killed	kill:test_line_spec_xfer_crc_bit
1354	line/state	cnot1	killed	kill:test_line_spec_xfer_crc_bit
1355	line/state	const1	killed	kill:test_line_spec_xfer_crc_bit
1356	line/state	cnot0	killed	kill:test_line_spec_every_engine,test_line_spec_crc,test_line_spec_xfer_crc_bit
1357	line/state	cnot1	killed	kill:test_line_spec_every_engine,test_line_spec_crc,test_line_spec_xfer_crc_bit
1358	line/state	cnot0	killed	kill:test_line_spec_every_engine,test_line_spec_crc,test_line_spec_xfer_crc_bit
1359	line/state	const1	killed	kill:test_line_spec_every_engine,test_line_spec_crc,test_line_spec_xfer_crc_bit
1360	line/state	const1	killed	kill:test_line_spec_state_held
1361	line/state	const1	killed	kill:test_line_spec_every_engine,test_line_spec_crc,test_line_spec_state_held,test_line_spec_xfer_crc_bit
1362	line/state	const1	killed	kill:test_line_spec_every_engine,test_line_spec_crc,test_line_spec_state_held,test_line_spec_xfer_crc_bit
1363	line/state	inv	killed	kill:test_line_spec_every_engine,test_line_spec_crc,test_line_spec_state_held,test_line_spec_stuffing,test_line_spec_xfer_crc_bit
1364	line/state	inv	killed	kill:test_line_spec_every_engine,test_line_spec_crc,test_line_spec_state_held,test_line_spec_stuffing,test_line_spec_xfer_crc_bit
1365	line/state	inv	killed	kill:test_line_spec_every_engine,test_line_spec_crc,test_line_spec_state_held,test_line_spec_stuffing,test_line_spec_xfer_crc_bit
1366	line/state	const1	killed	kill:test_line_spec_every_engine,test_line_spec_crc,test_line_spec_state_held,test_line_spec_stuffing,test_line_spec_xfer_crc_bit
1367	line/state	const0	killed	kill:test_line_spec_crc
1368	line/state	cnot0	killed	kill:test_line_spec_every_engine,test_line_spec_crc,test_line_spec_stuffing,test_line_spec_xfer_crc_bit
1369	line/state	inv	killed	kill:test_line_spec_every_engine,test_line_spec_crc,test_line_spec_xfer_crc_bit
1370	line/state	inv	killed	kill:test_line_spec_every_engine,test_line_spec_crc,test_line_spec_state_held,test_line_spec_stuffing,test_line_spec_xfer_crc_bit
1371	line/state	inv	killed	kill:test_line_spec_every_engine,test_line_spec_crc,test_line_spec_state_held,test_line_spec_stuffing,test_line_spec_xfer_crc_bit
1372	line/state	cnot1	killed	kill:test_line_spec_every_engine,test_line_spec_crc,test_line_spec_xfer_crc_bit
1373	line/state	inv	killed	kill:test_line_spec_every_engine,test_line_spec_crc,test_line_spec_state_held,test_line_spec_stuffing,test_line_spec_xfer_crc_bit
1374	line/state	const1	killed	kill:test_line_spec_every_engine,test_line_spec_crc,test_line_spec_state_held,test_line_spec_stuffing,test_line_spec_xfer_crc_bit
1375	line/state	const1	killed	kill:test_line_spec_every_engine,test_line_spec_crc,test_line_spec_state_held,test_line_spec_stuffing,test_line_spec_xfer_crc_bit
1376	line/state	const0	killed	kill:test_line_spec_crc
1377	line/state	const0	killed	kill:test_line_spec_every_engine,test_line_spec_crc,test_line_spec_state_held,test_line_spec_stuffing,test_line_spec_xfer_crc_bit
1378	line/state	const0	killed	kill:test_line_spec_every_engine,test_line_spec_crc,test_line_spec_state_held,test_line_spec_stuffing,test_line_spec_xfer_crc_bit
1379	line/state	const0	killed	kill:test_line_spec_every_engine,test_line_spec_crc,test_line_spec_state_held,test_line_spec_stuffing,test_line_spec_xfer_crc_bit
1380	line/state	cnot1	killed	kill:test_line_spec_every_engine,test_line_spec_crc,test_line_spec_xfer_crc_bit
1381	line/state	cnot0	killed	kill:test_line_spec_every_engine,test_line_spec_crc,test_line_spec_xfer_crc_bit
1382	line/state	cnot0	killed	kill:test_line_spec_every_engine,test_line_spec_crc,test_line_spec_xfer_crc_bit
1383	line/state	const0	killed	kill:test_line_spec_every_engine,test_line_spec_crc,test_line_spec_xfer_crc_bit
1384	line/state	const0	killed	kill:test_line_spec_every_engine,test_line_spec_crc,test_line_spec_state_held,test_line_spec_stuffing,test_line_spec_xfer_crc_bit
1385	line/state	cnot0	killed	kill:test_line_spec_every_engine,test_line_spec_crc,test_line_spec_state_held,test_line_spec_stuffing,test_line_spec_xfer_crc_bit
1386	line/state	inv	killed	kill:test_line_spec_every_engine,test_line_spec_crc,test_line_spec_state_held,test_line_spec_stuffing,test_line_spec_xfer_crc_bit
1387	line/state	cnot0	killed	kill:test_line_spec_every_engine,test_line_spec_crc
1388	line/state	cnot1	killed	kill:test_line_spec_every_engine,test_line_spec_crc
1389	line/state	inv	killed	kill:test_line_spec_every_engine,test_line_spec_crc
1390	line/state	const1	killed	kill:test_line_spec_every_engine,test_line_spec_crc
1391	line/state	cnot1	killed	kill:test_line_spec_every_engine,test_line_spec_crc
1392	line/state	cnot0	killed	kill:test_line_spec_every_engine,test_line_spec_crc,test_line_spec_xfer_crc_bit
1393	line/state	const1	killed	kill:test_line_spec_every_engine,test_line_spec_crc,test_line_spec_xfer_crc_bit
1394	line/state	const0	killed	kill:test_line_spec_every_engine,test_line_spec_crc,test_line_spec_xfer_crc_bit
1395	line/state	cnot0	killed	kill:test_line_spec_every_engine,test_line_spec_crc,test_line_spec_xfer_crc_bit
1396	line/state	const0	killed	kill:test_line_spec_every_engine,test_line_spec_crc,test_line_spec_xfer_crc_bit
1397	line/state	cnot1	killed	kill:test_line_spec_every_engine,test_line_spec_crc,test_line_spec_xfer_crc_bit
1398	line/state	inv	killed	kill:test_line_spec_every_engine,test_line_spec_crc,test_line_spec_xfer_crc_bit
1399	line/state	cnot0	killed	kill:test_line_spec_every_engine,test_line_spec_crc,test_line_spec_xfer_crc_bit
1400	line/state	const1	killed	kill:test_line_spec_every_engine,test_line_spec_crc
1401	line/state	inv	killed	kill:test_line_spec_every_engine,test_line_spec_crc,test_line_spec_xfer_crc_bit
1402	line/state	cnot0	killed	kill:test_line_spec_every_engine,test_line_spec_crc,test_line_spec_xfer_crc_bit
1403	line/state	cnot0	killed	kill:test_line_spec_every_engine,test_line_spec_crc,test_line_spec_xfer_crc_bit
1404	line/state	cnot1	killed	kill:test_line_spec_every_engine,test_line_spec_crc,test_line_spec_xfer_crc_bit
1405	line/state	const0	killed	kill:test_line_spec_every_engine,test_line_spec_crc,test_line_spec_xfer_crc_bit
1406	line/state	cnot1	killed	kill:test_line_spec_every_engine,test_line_spec_crc,test_line_spec_xfer_crc_bit
1407	line/state	const0	killed	kill:test_line_spec_every_engine,test_line_spec_crc,test_line_spec_xfer_crc_bit
1408	line/state	cnot1	killed	kill:test_line_spec_every_engine,test_line_spec_crc,test_line_spec_xfer_crc_bit
1409	line/state	cnot0	killed	kill:test_line_spec_every_engine,test_line_spec_crc,test_line_spec_xfer_crc_bit
1410	line/state	cnot1	killed	kill:test_line_spec_every_engine,test_line_spec_crc,test_line_spec_xfer_crc_bit
1411	line/state	cnot0	killed	kill:test_line_spec_every_engine,test_line_spec_crc,test_line_spec_xfer_crc_bit
1412	line/state	const0	killed	kill:test_line_spec_every_engine,test_line_spec_crc,test_line_spec_xfer_crc_bit
1413	line/state	const1	killed	kill:test_line_spec_every_engine,test_line_spec_crc,test_line_spec_xfer_crc_bit
1414	line/state	const1	killed	kill:test_line_spec_every_engine,test_line_spec_crc,test_line_spec_xfer_crc_bit
1415	line/state	cnot1	killed	kill:test_line_spec_every_engine,test_line_spec_crc,test_line_spec_xfer_crc_bit
1416	line/state	inv	killed	kill:test_line_spec_every_engine,test_line_spec_crc,test_line_spec_state_held,test_line_spec_stuffing,test_line_spec_xfer_crc_bit
1417	line/state	const1	killed	kill:test_line_spec_every_engine,test_line_spec_crc,test_line_spec_state_held,test_line_spec_stuffing,test_line_spec_xfer_crc_bit
1418	line/state	const0	killed	kill:test_line_spec_every_engine,test_line_spec_crc,test_line_spec_state_held,test_line_spec_stuffing,test_line_spec_xfer_crc_bit
1419	line/state	cnot0	killed	kill:test_line_spec_every_engine,test_line_spec_crc,test_line_spec_state_held,test_line_spec_stuffing,test_line_spec_xfer_crc_bit
1420	line/state	cnot1	killed	kill:test_line_spec_every_engine,test_line_spec_crc,test_line_spec_state_held,test_line_spec_stuffing,test_line_spec_xfer_crc_bit
1421	line/state	const1	killed	kill:test_line_spec_every_engine,test_line_spec_crc,test_line_spec_state_held,test_line_spec_stuffing,test_line_spec_xfer_crc_bit
1422	line/state	const1	killed	kill:test_line_spec_every_engine,test_line_spec_crc,test_line_spec_state_held,test_line_spec_stuffing,test_line_spec_xfer_crc_bit
1423	line/out-engine_data	cnot1	killed	kill:test_line_spec_registers
1424	line/out-engine_data	inv	killed	kill:test_line_spec_registers
1425	line/out-engine_data	cnot0	killed	kill:test_line_spec_registers
1426	line/out-engine_data	const0	killed	kill:test_line_spec_registers
1427	line/out-engine_data	const0	killed	kill:test_line_spec_registers
1428	line/out-engine_data	const1	killed	kill:test_line_spec_crc,test_line_spec_registers
1429	line/out-engine_data	inv	killed	kill:test_line_spec_crc,test_line_spec_registers
1430	line/out-engine_data	const1	killed	kill:test_line_spec_crc,test_line_spec_registers
1431	line/out-engine_data	cnot0	killed	kill:test_line_spec_crc
1432	line/out-engine_data	const1	killed	kill:test_line_spec_crc,test_line_spec_registers
1433	line/out-engine_data	const0	killed	kill:test_line_spec_crc,test_line_spec_registers
1434	line/out-engine_data	inv	killed	kill:test_line_spec_crc,test_line_spec_registers
1435	line/out-engine_data	inv	killed	kill:test_line_spec_crc,test_line_spec_registers
1436	line/out-engine_data	cnot1	killed	kill:test_line_spec_lstat,test_line_spec_registers
1437	line/out-engine_data	const1	killed	ordered:test_line_random
1438	line/out-engine_data	const0	killed	kill:test_line_spec_lstat,test_line_spec_registers
1439	line/out-engine_data	cnot0	killed	ordered:test_line_random
1440	line/out-engine_data	inv	killed	ordered:test_line_random
1441	line/out-engine_data	const1	killed	ordered:test_line_random
1442	line/out-engine_data	cnot0	killed	kill:test_line_spec_lstat,test_line_spec_registers
1443	line/out-engine_data	const0	killed	kill:test_line_spec_registers
1444	line/out-engine_data	const0	killed	kill:test_line_spec_registers
1445	line/out-engine_data	const1	killed	kill:test_line_spec_every_engine,test_line_spec_lstat,test_line_spec_registers
1446	line/out-engine_data	inv	killed	kill:test_line_spec_every_engine,test_line_spec_lstat,test_line_spec_registers
1447	line/out-engine_data	const0	equivalent	equiv_induct
1448	line/out-engine_data	cnot0	killed	kill:test_line_spec_every_engine,test_line_spec_lstat,test_line_spec_registers
1449	line/out-engine_data	const1	killed	ordered:test_line_random
1450	line/out-engine_data	const1	killed	ordered:test_line_random
1451	line/out-engine_data	const1	killed	ordered:test_line_random
1452	line/out-engine_data	cnot1	killed	kill:test_line_spec_registers
1453	line/out-engine_data	inv	killed	ordered:test_line_random
1454	line/out-engine_data	const0	killed	kill:test_line_spec_registers
1455	line/out-engine_data	const0	killed	kill:test_line_spec_registers
1456	line/out-engine_data	inv	killed	kill:test_line_spec_every_engine,test_line_spec_registers
1457	line/out-engine_data	const0	killed	kill:test_line_spec_registers
1458	line/out-engine_data	cnot0	killed	kill:test_line_spec_registers
1459	line/out-engine_data	cnot1	killed	kill:test_line_spec_registers
1460	line/out-engine_data	cnot1	killed	kill:test_line_spec_registers
1461	line/out-engine_data	inv	killed	kill:test_line_spec_registers
1462	line/out-engine_data	cnot1	killed	kill:test_line_spec_registers
1463	line/out-engine_data	const1	killed	kill:test_line_spec_registers
1464	line/out-engine_data	inv	killed	kill:test_line_spec_registers
1465	line/out-engine_data	const1	killed	kill:test_line_spec_crc,test_line_spec_registers
1466	line/out-engine_data	const0	killed	kill:test_line_spec_crc
1467	line/out-engine_data	cnot0	killed	kill:test_line_spec_registers
1468	line/out-engine_data	const1	killed	kill:test_line_spec_crc,test_line_spec_registers
1469	line/out-engine_data	const0	killed	kill:test_line_spec_crc,test_line_spec_registers
1470	line/out-engine_data	cnot1	killed	kill:test_line_spec_registers
1471	line/out-engine_data	const1	killed	kill:test_line_spec_crc,test_line_spec_registers
1472	line/out-engine_data	const0	killed	kill:test_line_spec_every_engine,test_line_spec_lstat,test_line_spec_registers
1473	line/out-engine_data	cnot0	killed	kill:test_line_spec_every_engine,test_line_spec_registers
1474	line/out-engine_data	const1	killed	kill:test_line_spec_every_engine,test_line_spec_registers
1475	line/out-engine_data	const0	equivalent	equiv_induct
1476	line/out-engine_data	const1	killed	kill:test_line_spec_every_engine,test_line_spec_registers
1477	line/out-engine_data	const0	killed	kill:test_line_spec_registers
1478	line/out-engine_data	const1	killed	kill:test_line_spec_every_engine,test_line_spec_lstat,test_line_spec_registers,test_line_spec_stuffing
1479	line/out-engine_data	const0	killed	kill:test_line_spec_registers
1480	line/out-engine_data	const1	killed	kill:test_line_spec_every_engine,test_line_spec_lstat,test_line_spec_registers,test_line_spec_stuffing
1481	line/state	inv	killed	kill:test_line_spec_every_engine,test_line_spec_crc,test_line_spec_registers,test_line_spec_state_held,test_line_spec_stuffing,test_line_spec_xfer_crc_bit
1482	line/state	cnot0	killed	kill:test_line_spec_every_engine,test_line_spec_crc,test_line_spec_registers,test_line_spec_state_held,test_line_spec_stuffing,test_line_spec_xfer_crc_bit
1483	line/state	cnot1	killed	kill:test_line_spec_every_engine,test_line_spec_crc,test_line_spec_registers,test_line_spec_state_held,test_line_spec_stuffing,test_line_spec_xfer_crc_bit
1484	line/state	const0	killed	kill:test_line_spec_every_engine,test_line_spec_crc,test_line_spec_registers,test_line_spec_state_held,test_line_spec_stuffing,test_line_spec_xfer_crc_bit
1485	line/state	cnot0	killed	ordered:test_line_random
1486	line/state	cnot1	killed	kill:test_line_spec_every_engine,test_line_spec_crc,test_line_spec_registers,test_line_spec_state_held,test_line_spec_stuffing,test_line_spec_xfer_crc_bit
1487	line/state	const1	killed	ordered:test_line_random
1488	line/state	cnot0	killed	ordered:test_line_random
1489	line/state	inv	killed	ordered:test_line_random
1490	line/state	const1	killed	ordered:test_line_random
1491	line/state	const0	killed	kill:test_line_spec_every_engine,test_line_spec_crc,test_line_spec_registers,test_line_spec_state_held,test_line_spec_stuffing,test_line_spec_xfer_crc_bit
1492	line/state	const0	killed	kill:test_line_spec_every_engine,test_line_spec_crc,test_line_spec_state_held,test_line_spec_stuffing,test_line_spec_xfer_crc_bit
1493	line/state	const1	killed	ordered:test_line_random
1494	line/state	const1	killed	ordered:test_line_random
1495	line/state	cnot1	killed	kill:test_line_spec_registers,test_line_spec_state_held
1496	line/state	cnot0	killed	ordered:test_line_random
1497	line/state	const0	killed	kill:test_line_spec_every_engine,test_line_spec_crc,test_line_spec_registers,test_line_spec_state_held,test_line_spec_stuffing,test_line_spec_xfer_crc_bit
1498	line/state	const1	killed	ordered:test_line_random
1499	line/state	inv	killed	ordered:test_line_random
1500	line/state	cnot1	killed	kill:test_line_spec_every_engine,test_line_spec_crc,test_line_spec_state_held,test_line_spec_stuffing,test_line_spec_xfer_crc_bit
1501	line/state	const0	killed	kill:test_line_spec_every_engine,test_line_spec_crc,test_line_spec_registers,test_line_spec_state_held,test_line_spec_stuffing,test_line_spec_xfer_crc_bit
1502	line/state	const1	killed	ordered:test_line_random
1503	line/state	cnot0	killed	ordered:test_line_random
1504	line/state	const0	survived	
1505	line/state	const0	survived	
1506	line/state	inv	killed	ordered:test_line_random
1507	line/state	const0	killed	kill:test_line_spec_every_engine,test_line_spec_crc,test_line_spec_registers,test_line_spec_state_held,test_line_spec_stuffing,test_line_spec_xfer_crc_bit
1508	line/state	cnot0	killed	ordered:test_line_random
1509	line/state	inv	killed	ordered:test_line_random
1510	line/state	inv	killed	ordered:test_line_random
1511	line/state	inv	killed	kill:test_line_spec_every_engine,test_line_spec_crc,test_line_spec_state_held,test_line_spec_stuffing,test_line_spec_xfer_crc_bit
1512	line/state	inv	killed	kill:test_line_spec_every_engine,test_line_spec_crc,test_line_spec_state_held,test_line_spec_stuffing,test_line_spec_xfer_crc_bit
1513	line/state	const0	killed	kill:test_line_spec_every_engine,test_line_spec_crc,test_line_spec_state_held,test_line_spec_stuffing,test_line_spec_xfer_crc_bit
1514	line/state	inv	killed	ordered:test_line_random
1515	line/state	inv	killed	ordered:test_line_random
1516	line/state	const0	killed	kill:test_line_spec_every_engine,test_line_spec_crc,test_line_spec_registers,test_line_spec_state_held,test_line_spec_stuffing,test_line_spec_xfer_crc_bit
1517	line/state	const0	killed	kill:test_line_spec_every_engine,test_line_spec_crc,test_line_spec_registers,test_line_spec_state_held,test_line_spec_stuffing,test_line_spec_xfer_crc_bit
1518	line/state	const1	killed	ordered:test_line_random
1519	line/state	inv	killed	kill:test_line_spec_state_held
1520	line/state	cnot1	killed	kill:test_line_spec_every_engine,test_line_spec_crc,test_line_spec_state_held,test_line_spec_stuffing,test_line_spec_xfer_crc_bit
1521	line/state	const0	killed	kill:test_line_spec_every_engine,test_line_spec_crc,test_line_spec_registers,test_line_spec_state_held,test_line_spec_stuffing,test_line_spec_xfer_crc_bit
1522	line/state	cnot1	killed	kill:test_line_spec_every_engine,test_line_spec_crc,test_line_spec_state_held,test_line_spec_stuffing,test_line_spec_xfer_crc_bit
1523	line/state	inv	killed	ordered:test_line_random
1524	line/state	cnot1	killed	kill:test_line_spec_every_engine,test_line_spec_crc,test_line_spec_state_held,test_line_spec_stuffing,test_line_spec_xfer_crc_bit
1525	line/state	const0	survived	
1526	line/state	const0	survived	
1527	line/state	inv	killed	ordered:test_line_demos
1528	line/state	cnot0	killed	ordered:test_line_demos
1529	line/state	cnot0	killed	ordered:test_line_random
1530	line/state	cnot1	killed	kill:test_line_spec_every_engine,test_line_spec_crc,test_line_spec_state_held,test_line_spec_stuffing,test_line_spec_xfer_crc_bit
1531	line/state	cnot1	killed	kill:test_line_spec_every_engine,test_line_spec_crc,test_line_spec_state_held,test_line_spec_stuffing,test_line_spec_xfer_crc_bit
1532	line/state	const1	survived	
1533	line/state	cnot1	killed	kill:test_line_spec_every_engine,test_line_spec_crc,test_line_spec_state_held,test_line_spec_stuffing,test_line_spec_xfer_crc_bit
1534	line/state	cnot0	killed	ordered:test_line_random
1535	line/state	cnot1	killed	kill:test_line_spec_every_engine,test_line_spec_crc,test_line_spec_state_held,test_line_spec_stuffing,test_line_spec_xfer_crc_bit
1536	line/state	const0	killed	kill:test_line_spec_every_engine,test_line_spec_crc,test_line_spec_registers,test_line_spec_state_held,test_line_spec_stuffing,test_line_spec_xfer_crc_bit
1537	line/state	cnot0	killed	ordered:test_line_random
1538	line/state	inv	killed	ordered:test_line_random
1539	line/state	const1	killed	ordered:test_line_random
1540	line/state	cnot0	survived	
1541	line/state	const0	survived	
1542	line/state	const0	killed	kill:test_line_spec_every_engine,test_line_spec_crc,test_line_spec_state_held,test_line_spec_stuffing,test_line_spec_xfer_crc_bit
1543	line/state	cnot0	killed	ordered:test_line_random
1544	line/state	cnot1	killed	kill:test_line_spec_every_engine,test_line_spec_crc,test_line_spec_state_held,test_line_spec_stuffing,test_line_spec_xfer_crc_bit
1545	line/state	inv	killed	ordered:test_line_random
1546	line/state	const1	killed	ordered:test_line_random
1547	line/out-engine_data	cnot0	killed	ordered:test_line_random
1548	line/out-engine_data	cnot0	killed	ordered:test_line_random
1549	line/out-engine_data	const1	killed	ordered:test_line_random
1550	line/out-engine_data	const1	killed	ordered:test_line_random
1551	line/out-engine_data	inv	killed	ordered:test_line_random
1552	line/out-engine_data	const1	killed	kill:test_line_spec_every_engine,test_line_spec_crc,test_line_spec_registers,test_line_spec_state_held,test_line_spec_stuffing,test_line_spec_xfer_crc_bit
1553	line/out-engine_data	inv	killed	ordered:test_line_random
1554	line/out-engine_data	const1	killed	ordered:test_line_random
1555	line/out-engine_data	cnot0	killed	ordered:test_line_random
1556	line/out-engine_data	cnot0	killed	ordered:test_line_random
1557	line/out-engine_data	const1	killed	ordered:test_line_random
1558	line/out-engine_data	cnot0	killed	ordered:test_line_random
1559	line/out-engine_data	const0	killed	kill:test_line_spec_registers
1560	line/out-engine_data	cnot0	killed	ordered:test_line_random
1561	line/out-engine_data	cnot1	killed	kill:test_line_spec_every_engine,test_line_spec_registers
1562	line/out-engine_data	cnot1	killed	kill:test_line_spec_every_engine,test_line_spec_registers
1563	line/out-engine_data	cnot0	killed	ordered:test_line_random
1564	line/out-engine_data	cnot1	killed	kill:test_line_spec_every_engine,test_line_spec_registers,test_line_spec_stuffing
1565	line/out-engine_data	const1	killed	ordered:test_line_random
1566	line/out-engine_data	const1	killed	ordered:test_line_random
1567	line/out-engine_data	cnot1	killed	kill:test_line_spec_every_engine,test_line_spec_registers,test_line_spec_stuffing
1568	line/out-engine_data	const1	killed	ordered:test_line_random
1569	line/out-engine_data	const1	killed	ordered:test_line_random
1570	line/out-engine_data	const0	killed	kill:test_line_spec_lstat,test_line_spec_state_held,test_line_spec_se0_pins
1571	line/out-engine_data	cnot0	killed	ordered:test_line_random
1572	line/out-engine_data	const1	killed	ordered:test_line_random
1573	line/out-engine_data	const0	equivalent	equiv_induct
1574	line/out-engine_data	const1	killed	ordered:test_line_random
1575	line/out-engine_data	inv	killed	ordered:test_line_random
1576	line/out-engine_data	const1	killed	ordered:test_line_random
1577	line/out-engine_data	const1	killed	ordered:test_line_random
1578	line/out-engine_data	cnot1	killed	ordered:test_line_unit
1579	line/out-engine_data	cnot0	killed	ordered:test_line_unit
1580	line/out-engine_data	cnot0	killed	ordered:test_line_unit
1581	line/out-engine_data	const1	killed	ordered:test_line_unit
1582	line/out-engine_data	const0	killed	ordered:test_line_unit
1583	line/out-engine_data	cnot0	killed	ordered:test_line_unit
1584	line/out-engine_data	cnot0	killed	ordered:test_line_unit
1585	line/out-engine_data	const1	killed	ordered:test_line_unit
1586	line/out-engine_data	cnot0	killed	ordered:test_line_unit
1587	line/out-engine_data	cnot0	killed	ordered:test_line_unit
1588	line/out-engine_data	cnot1	killed	ordered:test_line_unit
1589	line/out-engine_data	cnot0	killed	ordered:test_line_unit
1590	line/out-engine_data	cnot0	killed	ordered:test_line_unit
1591	line/out-engine_data	const0	killed	ordered:test_line_random
1592	line/out-engine_data	cnot1	killed	ordered:test_line_unit
1593	line/out-engine_data	inv	killed	ordered:test_line_unit
1594	line/out-engine_data	inv	killed	ordered:test_line_unit
1595	line/out-engine_data	const1	killed	ordered:test_line_unit
1596	line/out-engine_data	cnot1	killed	ordered:test_line_unit
1597	line/out-engine_data	cnot0	killed	ordered:test_line_unit
1598	line/out-engine_data	inv	killed	ordered:test_line_unit
1599	line/out-engine_data	inv	killed	ordered:test_line_unit
1600	line/out-engine_data	inv	killed	ordered:test_line_unit
1601	line/state	const1	killed	ordered:test_line_demos
1602	line/state	cnot1	killed	ordered:test_line_unit
1603	line/state	inv	killed	ordered:test_line_unit
1604	line/state	const1	killed	ordered:test_line_unit
1605	line/state	cnot0	killed	ordered:test_line_unit
1606	line/state	cnot0	killed	ordered:test_line_unit
1607	line/state	cnot0	killed	ordered:test_line_unit
1608	line/state	cnot0	killed	ordered:test_line_unit
1609	line/state	cnot0	killed	ordered:test_line_unit
1610	line/state	cnot0	killed	ordered:test_line_unit
1611	line/state	cnot0	killed	ordered:test_line_unit
1612	line/state	cnot1	killed	ordered:test_line_unit
1613	line/state	const0	killed	ordered:test_line_unit
1614	line/state	cnot1	killed	ordered:test_line_unit
1615	line/state	inv	killed	ordered:test_line_unit
1616	line/state	inv	killed	ordered:test_line_unit
1617	line/state	const1	killed	ordered:test_line_unit
1618	line/state	const0	killed	ordered:test_line_unit
1619	line/state	cnot0	killed	ordered:test_line_unit
1620	line/state	const1	killed	ordered:test_line_unit
1621	line/state	cnot0	killed	ordered:test_line_demos
1622	line/state	cnot0	killed	ordered:test_line_unit
1623	line/state	const0	killed	ordered:test_line_unit
1624	line/state	inv	killed	ordered:test_line_unit
1625	line/state	inv	killed	ordered:test_line_unit
1626	line/state	const1	killed	ordered:test_line_unit
1627	line/state	cnot0	killed	ordered:test_line_unit
1628	line/state	cnot1	killed	ordered:test_line_unit
1629	line/state	cnot0	killed	kill:test_line_spec_stuffing
1630	line/state	inv	killed	kill:test_line_spec_state_held,test_line_spec_stuffing
1631	line/state	inv	killed	ordered:test_line_unit
1632	line/state	inv	killed	ordered:test_line_unit
1633	line/state	const0	killed	ordered:test_line_demos
1634	line/state	cnot0	killed	ordered:test_line_demos
1635	line/state	const0	killed	ordered:test_line_demos
1636	line/state	inv	killed	ordered:test_line_unit
1637	line/state	const1	killed	ordered:test_line_unit
1638	line/state	const0	killed	ordered:test_line_unit
1639	line/state	inv	killed	ordered:test_line_unit
1640	line/state	cnot0	killed	ordered:test_line_unit
1641	line/state	const0	killed	ordered:test_line_unit
1642	line/state	cnot1	killed	ordered:test_line_unit
1643	line/state	const0	killed	ordered:test_line_unit
1644	line/state	cnot0	killed	ordered:test_line_unit
1645	line/state	cnot0	killed	ordered:test_line_unit
1646	line/state	const1	killed	ordered:test_line_unit
1647	line/state	inv	killed	ordered:test_line_unit
1648	line/state	const1	killed	ordered:test_line_unit
1649	line/state	cnot0	killed	ordered:test_line_unit
1650	line/state	inv	killed	ordered:test_line_unit
1651	line/state	const0	killed	ordered:test_line_unit
1652	line/state	cnot1	killed	ordered:test_line_unit
1653	line/state	inv	killed	ordered:test_line_unit
1654	line/state	cnot1	killed	ordered:test_line_unit
1655	line/state	const0	killed	ordered:test_line_unit
1656	line/state	cnot1	killed	ordered:test_line_unit
1657	line/state	inv	killed	ordered:test_line_unit
1658	line/state	cnot0	killed	ordered:test_line_unit
1659	line/state	const1	killed	ordered:test_line_unit
1660	line/state	inv	killed	kill:test_line_spec_xfer_crc_bit
1661	line/state	cnot0	killed	ordered:test_line_unit
1662	line/state	cnot0	killed	ordered:test_line_unit
1663	line/state	cnot0	killed	ordered:test_line_unit
1664	line/state	const1	killed	ordered:test_line_unit
1665	line/state	inv	killed	ordered:test_line_unit
1666	line/state	const1	killed	ordered:test_line_unit
1667	line/state	cnot0	killed	ordered:test_line_unit
1668	line/state	inv	killed	ordered:test_line_unit
1669	line/state	const0	killed	ordered:test_line_unit
1670	line/state	const0	killed	ordered:test_line_unit
1671	line/state	const0	killed	ordered:test_line_unit
1672	line/state	cnot1	killed	ordered:test_line_unit
1673	line/state	cnot0	killed	ordered:test_line_demos
1674	line/state	const0	killed	ordered:test_line_unit
1675	line/state	const0	killed	ordered:test_line_unit
1676	line/state	const1	killed	ordered:test_line_unit
1677	line/state	cnot1	killed	ordered:test_line_unit
1678	line/state	cnot1	killed	kill:test_line_spec_crc
1679	line/state	const1	killed	ordered:test_line_unit
1680	line/state	inv	killed	ordered:test_line_unit
1681	line/state	inv	killed	ordered:test_line_unit
1682	line/state	cnot1	killed	ordered:test_line_unit
1683	line/state	const1	killed	ordered:test_line_unit
1684	line/state	cnot1	killed	ordered:test_line_unit
1685	line/state	inv	killed	ordered:test_line_unit
1686	line/state	const1	killed	ordered:test_line_unit
1687	line/state	const0	killed	ordered:test_line_unit
1688	line/state	const1	killed	ordered:test_line_unit
1689	line/state	cnot0	killed	ordered:test_line_unit
1690	line/state	const1	killed	ordered:test_line_unit
1691	line/state	const0	killed	ordered:test_line_unit
1692	line/state	cnot0	killed	kill:test_line_spec_xfer_crc_bit
1693	line/state	cnot1	killed	kill:test_line_spec_xfer_crc_bit
1694	line/state	cnot1	killed	kill:test_line_spec_xfer_crc_bit
1695	line/state	cnot0	killed	kill:test_line_spec_xfer_crc_bit
1696	line/state	const1	killed	ordered:test_line_unit
1697	line/state	cnot0	killed	ordered:test_line_unit
1698	line/state	const0	killed	ordered:test_line_unit
1699	line/state	const1	killed	ordered:test_line_unit
1700	line/state	cnot1	killed	ordered:test_line_unit
1701	line/state	const1	killed	ordered:test_line_unit
1702	line/state	const0	killed	ordered:test_line_unit
1703	line/state	const0	killed	ordered:test_line_unit
1704	line/state	const1	killed	ordered:test_line_unit
1705	line/state	cnot0	killed	ordered:test_line_unit
1706	line/state	inv	survived	
1707	line/state	const1	killed	ordered:test_line_unit
1708	line/state	cnot1	killed	ordered:test_line_unit
1709	line/state	inv	killed	ordered:test_line_unit
1710	line/state	inv	killed	ordered:test_line_unit
1711	line/state	const0	killed	ordered:test_line_unit
1712	line/state	const0	killed	ordered:test_line_unit
1713	line/state	const1	killed	ordered:test_line_unit
1714	line/state	cnot1	killed	ordered:test_line_unit
1715	line/state	const1	killed	ordered:test_line_unit
1716	line/state	inv	killed	ordered:test_line_unit
1717	line/state	cnot1	killed	kill:test_line_spec_crc
1718	line/state	inv	killed	ordered:test_line_unit
1719	line/state	const1	killed	ordered:test_line_unit
1720	line/state	const0	killed	ordered:test_line_unit
1721	line/state	const1	killed	ordered:test_line_unit
1722	line/state	cnot0	killed	ordered:test_line_unit
1723	line/state	cnot1	killed	ordered:test_line_unit
1724	line/state	inv	killed	ordered:test_line_unit
1725	line/state	cnot0	killed	ordered:test_line_unit
1726	line/state	cnot1	killed	ordered:test_line_unit
1727	line/out-engine_data	inv	killed	ordered:test_line_demos
1728	line/out-engine_data	cnot0	killed	kill:test_line_spec_registers
1729	line/out-engine_data	const1	killed	kill:test_line_spec_registers
1730	line/out-engine_data	const1	killed	kill:test_line_spec_registers
1731	line/out-engine_data	cnot0	killed	kill:test_line_spec_registers
1732	line/out-engine_data	const1	killed	kill:test_line_spec_registers
1733	line/out-engine_data	cnot1	killed	ordered:test_line_demos
1734	line/out-engine_data	const0	equivalent	equiv_induct
1735	line/out-engine_data	const1	killed	kill:test_line_spec_crc,test_line_spec_registers
1736	line/out-engine_data	cnot1	killed	ordered:test_line_demos
1737	line/out-engine_data	cnot1	killed	ordered:test_line_demos
1738	line/out-engine_data	inv	killed	ordered:test_line_demos
1739	line/out-engine_data	cnot1	killed	ordered:test_line_demos
1740	line/out-engine_data	inv	killed	ordered:test_line_demos
1741	line/out-engine_data	cnot0	killed	kill:test_line_spec_crc,test_line_spec_registers
1742	line/out-engine_data	cnot1	killed	ordered:test_line_demos
1743	line/out-engine_data	const1	killed	kill:test_line_spec_lstat,test_line_spec_registers
1744	line/out-engine_data	inv	killed	ordered:test_line_demos
1745	line/out-engine_data	cnot1	killed	ordered:test_line_demos
1746	line/out-engine_data	inv	killed	ordered:test_line_demos
1747	line/out-engine_data	cnot0	killed	kill:test_line_spec_lstat,test_line_spec_registers
1748	line/out-engine_data	cnot1	killed	ordered:test_line_demos
1749	line/out-engine_data	const1	killed	ordered:test_line_unit
1750	line/out-engine_data	cnot1	killed	kill:test_line_spec_lstat
1751	line/out-engine_data	const1	killed	ordered:test_line_unit
1752	line/out-engine_data	const0	killed	ordered:test_line_unit
1753	line/out-engine_data	cnot0	killed	ordered:test_line_unit
1754	line/out-engine_data	cnot1	killed	ordered:test_line_unit
1755	line/out-engine_data	const1	killed	ordered:test_line_unit
1756	line/out-engine_data	const0	killed	ordered:test_line_demos
1757	line/out-engine_data	inv	killed	ordered:test_line_unit
1758	line/out-engine_data	inv	killed	kill:test_line_spec_registers
1759	line/out-engine_data	cnot0	killed	kill:test_line_spec_registers
1760	line/out-engine_data	inv	killed	ordered:test_line_demos
1761	line/out-engine_data	inv	killed	ordered:test_line_demos
1762	line/out-engine_data	const0	equivalent	equiv_induct
1763	line/out-engine_data	cnot1	killed	kill:test_line_spec_registers
1764	line/out-engine_data	cnot0	killed	ordered:test_line_demos
1765	line/out-engine_data	cnot1	killed	kill:test_line_spec_registers
1766	line/out-engine_data	cnot1	killed	kill:test_line_spec_crc,test_line_spec_registers
1767	line/out-engine_data	const1	killed	ordered:test_line_demos
1768	line/out-engine_data	const1	killed	ordered:test_line_unit
1769	line/out-engine_data	inv	killed	ordered:test_line_unit
1770	line/out-engine_data	const1	killed	ordered:test_line_unit
1771	line/out-engine_data	const0	killed	kill:test_line_spec_registers
1772	line/out-engine_data	const1	killed	ordered:test_line_unit
1773	line/out-engine_data	const1	killed	ordered:test_line_unit
1774	line/out-engine_data	const0	killed	ordered:test_line_unit
1775	line/out-engine_data	const1	killed	ordered:test_line_unit
1776	line/out-engine_data	const1	killed	ordered:test_line_unit
1777	line/out-engine_data	const1	killed	ordered:test_line_unit
1778	line/out-engine_data	cnot1	killed	ordered:test_line_unit
1779	line/out-engine_data	const1	killed	ordered:test_line_unit
1780	line/out-engine_data	cnot1	killed	kill:test_line_spec_lstat,test_line_spec_registers
1781	line/state	const1	killed	ordered:test_line_unit
1782	line/state	const1	killed	ordered:test_line_unit
1783	line/state	cnot0	killed	ordered:test_line_unit
1784	line/state	const0	killed	ordered:test_line_unit
1785	line/state	cnot1	killed	ordered:test_line_unit
1786	line/state	cnot1	killed	ordered:test_line_demos
1787	line/state	const1	killed	ordered:test_line_unit
1788	line/state	cnot1	killed	ordered:test_line_random
1789	line/state	cnot1	killed	ordered:test_line_demos
1790	line/state	inv	killed	ordered:test_line_unit
1791	line/state	const0	killed	ordered:test_line_unit
1792	line/state	cnot1	killed	ordered:test_line_unit
1793	line/state	inv	killed	ordered:test_line_unit
1794	line/state	inv	killed	ordered:test_line_unit
1795	line/state	const1	killed	ordered:test_line_unit
1796	line/state	inv	killed	ordered:test_line_unit
1797	line/state	const1	killed	ordered:test_line_unit
1798	line/state	cnot0	killed	ordered:test_line_unit
1799	line/state	cnot1	killed	ordered:test_line_unit
1800	line/state	const1	killed	ordered:test_line_unit
1801	line/state	cnot0	killed	ordered:test_line_unit
1802	line/state	inv	killed	ordered:test_line_unit
1803	line/state	const1	killed	ordered:test_line_unit
1804	line/state	const1	killed	ordered:test_line_unit
1805	line/state	const1	killed	ordered:test_line_unit
1806	line/state	const0	killed	ordered:test_line_unit
1807	line/state	cnot1	killed	ordered:test_line_unit
1808	line/state	const0	killed	ordered:test_line_unit
1809	line/state	const1	killed	kill:test_line_spec_state_held,test_line_spec_stuffing
1810	line/state	const1	killed	kill:test_line_spec_state_held,test_line_spec_stuffing
1811	line/state	cnot0	killed	kill:test_line_spec_state_held
1812	line/state	const0	killed	kill:test_line_spec_state_held,test_line_spec_stuffing
1813	line/state	const0	killed	ordered:test_line_unit
1814	line/state	inv	killed	ordered:test_line_unit
1815	line/state	cnot1	killed	ordered:test_line_unit
1816	line/state	inv	killed	ordered:test_line_unit
1817	line/state	cnot0	killed	ordered:test_line_unit
1818	line/state	const1	killed	ordered:test_line_unit
1819	line/state	const1	killed	ordered:test_line_unit
1820	line/state	inv	killed	ordered:test_line_unit
1821	line/state	inv	killed	ordered:test_line_unit
1822	line/state	const0	killed	ordered:test_line_unit
1823	line/state	cnot1	killed	ordered:test_line_unit
1824	line/state	cnot1	killed	ordered:test_line_unit
1825	line/state	const0	killed	ordered:test_line_unit
1826	line/state	const1	killed	ordered:test_line_unit
1827	line/state	const1	killed	ordered:test_line_unit
1828	line/state	const1	killed	ordered:test_line_unit
1829	line/state	inv	killed	ordered:test_line_unit
1830	line/state	const0	killed	ordered:test_line_unit
1831	line/state	const1	killed	ordered:test_line_unit
1832	line/state	cnot0	killed	ordered:test_line_unit
1833	line/state	cnot0	equivalent	miter-abc-900s
1834	line/state	const1	equivalent	miter-abc-900s
1835	line/state	const1	killed	ordered:test_line_unit
1836	line/state	cnot0	killed	ordered:test_line_unit
1837	line/state	inv	killed	ordered:test_line_unit
1838	line/out-engine_data	cnot0	killed	ordered:test_line_random
1839	line/out-engine_data	inv	killed	ordered:test_line_random
1840	line/out-engine_data	cnot1	killed	ordered:test_line_random
1841	line/out-engine_data	inv	killed	ordered:test_line_random
1842	line/out-engine_data	cnot0	killed	ordered:test_line_demos
1843	line/out-engine_data	const0	killed	kill:test_line_spec_registers
1844	line/out-engine_data	inv	killed	ordered:test_line_random
1845	line/out-engine_data	cnot1	killed	kill:test_line_spec_registers
1846	line/out-engine_data	const1	killed	kill:test_line_spec_registers
1847	line/out-engine_data	inv	killed	ordered:test_line_unit
1848	line/out-engine_data	cnot0	killed	ordered:test_line_unit
1849	line/out-engine_data	cnot0	killed	ordered:test_line_unit
1850	line/out-engine_data	const0	equivalent	equiv_induct
1851	line/out-engine_data	const1	killed	ordered:test_line_unit
1852	line/out-engine_data	const0	killed	ordered:test_line_unit
1853	line/out-engine_data	inv	killed	ordered:test_line_unit
1854	line/out-engine_data	inv	killed	ordered:test_line_unit
1855	line/out-engine_data	inv	killed	ordered:test_line_unit
1856	line/out-engine_data	inv	killed	ordered:test_line_unit
1857	line/out-engine_data	const1	killed	ordered:test_line_unit
1858	line/out-engine_data	const1	killed	ordered:test_line_unit
1859	line/out-engine_data	cnot1	killed	ordered:test_line_unit
1860	line/out-engine_data	inv	killed	ordered:test_line_unit
1861	line/out-engine_data	inv	killed	ordered:test_line_unit
1862	line/out-engine_data	cnot1	killed	ordered:test_line_unit
1863	line/out-engine_data	cnot0	killed	ordered:test_line_unit
1864	line/out-engine_data	const1	killed	kill:test_line_spec_registers
1865	line/out-engine_data	cnot1	killed	kill:test_line_spec_lstat,test_line_spec_state_held,test_line_spec_se0_pins
1866	line/out-engine_data	const1	killed	kill:test_line_spec_lstat,test_line_spec_registers,test_line_spec_state_held
1867	line/out-engine_data	const0	equivalent	equiv_induct
1868	line/out-engine_data	inv	killed	kill:test_line_spec_lstat,test_line_spec_registers,test_line_spec_state_held,test_line_spec_se0_pins
1869	line/out-engine_data	inv	killed	kill:test_line_spec_lstat,test_line_spec_registers,test_line_spec_state_held,test_line_spec_se0_pins
1870	line/out-engine_data	const1	killed	ordered:test_line_unit
1871	line/out-engine_data	cnot1	killed	ordered:test_line_unit
1872	line/out-engine_data	cnot0	killed	ordered:test_line_unit
1873	line/out-engine_data	inv	killed	ordered:test_line_unit
1874	line/out-engine_data	const0	killed	ordered:test_line_unit
1875	line/state	cnot0	killed	kill:test_line_spec_every_engine,test_line_spec_crc,test_line_spec_stuffing,test_line_spec_xfer_crc_bit
1876	line/state	cnot0	killed	kill:test_line_spec_every_engine,test_line_spec_crc,test_line_spec_stuffing,test_line_spec_xfer_crc_bit
1877	line/state	cnot0	killed	kill:test_line_spec_every_engine,test_line_spec_crc,test_line_spec_stuffing,test_line_spec_xfer_crc_bit
1878	line/state	inv	killed	kill:test_line_spec_every_engine,test_line_spec_crc,test_line_spec_stuffing,test_line_spec_xfer_crc_bit
1879	line/state	const0	killed	kill:test_line_spec_every_engine,test_line_spec_crc,test_line_spec_stuffing,test_line_spec_xfer_crc_bit
1880	line/state	const1	killed	kill:test_line_spec_every_engine,test_line_spec_crc,test_line_spec_stuffing,test_line_spec_xfer_crc_bit
1881	line/state	const0	killed	kill:test_line_spec_every_engine,test_line_spec_crc,test_line_spec_stuffing,test_line_spec_xfer_crc_bit
1882	line/state	const0	killed	kill:test_line_spec_every_engine,test_line_spec_crc,test_line_spec_stuffing,test_line_spec_xfer_crc_bit
1883	line/state	cnot1	killed	kill:test_line_spec_every_engine,test_line_spec_crc,test_line_spec_stuffing,test_line_spec_xfer_crc_bit
1884	line/state	const1	killed	kill:test_line_spec_every_engine,test_line_spec_crc,test_line_spec_stuffing,test_line_spec_xfer_crc_bit
1885	line/state	const0	killed	kill:test_line_spec_every_engine,test_line_spec_crc,test_line_spec_stuffing,test_line_spec_xfer_crc_bit
1886	line/state	const1	killed	kill:test_line_spec_every_engine,test_line_spec_crc,test_line_spec_stuffing,test_line_spec_xfer_crc_bit
1887	line/state	inv	killed	kill:test_line_spec_every_engine,test_line_spec_crc,test_line_spec_stuffing,test_line_spec_xfer_crc_bit
1888	line/state	const0	killed	kill:test_line_spec_every_engine,test_line_spec_crc,test_line_spec_stuffing,test_line_spec_xfer_crc_bit
1889	line/state	inv	killed	kill:test_line_spec_every_engine,test_line_spec_crc,test_line_spec_stuffing,test_line_spec_xfer_crc_bit
1890	line/state	const0	killed	kill:test_line_spec_every_engine,test_line_spec_crc,test_line_spec_stuffing,test_line_spec_xfer_crc_bit
1891	line/state	cnot1	killed	kill:test_line_spec_every_engine,test_line_spec_stuffing
1892	line/state	const0	killed	kill:test_line_spec_every_engine,test_line_spec_stuffing
1893	line/state	cnot1	killed	kill:test_line_spec_every_engine,test_line_spec_crc,test_line_spec_stuffing,test_line_spec_xfer_crc_bit
1894	line/state	inv	killed	kill:test_line_spec_every_engine,test_line_spec_crc,test_line_spec_stuffing,test_line_spec_xfer_crc_bit
1895	line/state	inv	killed	kill:test_line_spec_every_engine,test_line_spec_crc,test_line_spec_stuffing,test_line_spec_xfer_crc_bit
1896	line/state	cnot0	killed	kill:test_line_spec_every_engine,test_line_spec_crc,test_line_spec_stuffing,test_line_spec_xfer_crc_bit
1897	line/state	cnot1	killed	kill:test_line_spec_every_engine,test_line_spec_crc,test_line_spec_stuffing,test_line_spec_xfer_crc_bit
1898	line/state	cnot1	killed	kill:test_line_spec_every_engine,test_line_spec_crc,test_line_spec_stuffing,test_line_spec_xfer_crc_bit
1899	line/state	const0	killed	kill:test_line_spec_every_engine,test_line_spec_crc,test_line_spec_stuffing,test_line_spec_xfer_crc_bit
1900	line/state	cnot0	killed	kill:test_line_spec_every_engine,test_line_spec_crc,test_line_spec_stuffing,test_line_spec_xfer_crc_bit
1901	line/state	cnot0	killed	kill:test_line_spec_crc
1902	line/state	inv	killed	kill:test_line_spec_every_engine,test_line_spec_crc
1903	line/state	cnot0	killed	kill:test_line_spec_crc
1904	line/state	cnot1	killed	kill:test_line_spec_every_engine,test_line_spec_crc
1905	line/state	cnot1	killed	kill:test_line_spec_every_engine,test_line_spec_crc
1906	line/state	cnot0	killed	kill:test_line_spec_every_engine,test_line_spec_crc,test_line_spec_state_held,test_line_spec_stuffing
1907	line/state	cnot1	killed	kill:test_line_spec_every_engine,test_line_spec_crc,test_line_spec_state_held,test_line_spec_stuffing
1908	line/state	cnot1	killed	kill:test_line_spec_every_engine,test_line_spec_crc,test_line_spec_state_held,test_line_spec_stuffing
1909	line/state	const0	killed	kill:test_line_spec_every_engine,test_line_spec_crc,test_line_spec_state_held,test_line_spec_stuffing
1910	line/state	inv	killed	kill:test_line_spec_every_engine,test_line_spec_crc,test_line_spec_state_held,test_line_spec_stuffing
1911	line/state	cnot0	killed	kill:test_line_spec_every_engine,test_line_spec_crc,test_line_spec_state_held,test_line_spec_stuffing
1912	line/state	inv	killed	kill:test_line_spec_every_engine,test_line_spec_crc,test_line_spec_state_held,test_line_spec_stuffing,test_line_spec_xfer_crc_bit
1913	line/state	const1	killed	kill:test_line_spec_every_engine,test_line_spec_crc,test_line_spec_state_held,test_line_spec_stuffing
1914	line/state	cnot1	killed	kill:test_line_spec_every_engine,test_line_spec_crc,test_line_spec_state_held,test_line_spec_stuffing,test_line_spec_xfer_crc_bit
1915	line/state	const0	killed	kill:test_line_spec_every_engine,test_line_spec_crc,test_line_spec_state_held,test_line_spec_stuffing
1916	line/state	cnot1	killed	kill:test_line_spec_state_held,test_line_spec_stuffing
1917	line/state	cnot1	killed	kill:test_line_spec_every_engine,test_line_spec_crc,test_line_spec_state_held,test_line_spec_stuffing,test_line_spec_xfer_crc_bit
1918	line/state	cnot0	killed	kill:test_line_spec_every_engine,test_line_spec_crc,test_line_spec_state_held,test_line_spec_stuffing
1919	line/state	const0	killed	kill:test_line_spec_every_engine,test_line_spec_crc,test_line_spec_state_held,test_line_spec_stuffing,test_line_spec_xfer_crc_bit
1920	line/state	inv	killed	kill:test_line_spec_xfer_crc_bit
1921	line/state	cnot1	killed	kill:test_line_spec_xfer_crc_bit
1922	line/state	cnot0	killed	kill:test_line_spec_xfer_crc_bit
1923	line/state	const0	killed	kill:test_line_spec_every_engine,test_line_spec_crc,test_line_spec_state_held,test_line_spec_stuffing
1924	line/state	inv	killed	kill:test_line_spec_every_engine,test_line_spec_crc,test_line_spec_state_held,test_line_spec_stuffing,test_line_spec_xfer_crc_bit
1925	line/state	inv	killed	kill:test_line_spec_every_engine,test_line_spec_crc,test_line_spec_state_held,test_line_spec_stuffing,test_line_spec_xfer_crc_bit
1926	line/state	cnot1	killed	kill:test_line_spec_every_engine,test_line_spec_crc,test_line_spec_state_held,test_line_spec_stuffing,test_line_spec_xfer_crc_bit
1927	line/state	const1	killed	kill:test_line_spec_every_engine,test_line_spec_crc,test_line_spec_state_held,test_line_spec_stuffing,test_line_spec_xfer_crc_bit
1928	line/state	const0	killed	kill:test_line_spec_every_engine,test_line_spec_crc,test_line_spec_state_held,test_line_spec_stuffing,test_line_spec_xfer_crc_bit
1929	line/state	cnot1	killed	kill:test_line_spec_every_engine,test_line_spec_crc,test_line_spec_state_held,test_line_spec_stuffing,test_line_spec_xfer_crc_bit
1930	line/state	cnot0	killed	kill:test_line_spec_every_engine,test_line_spec_crc,test_line_spec_state_held,test_line_spec_stuffing,test_line_spec_xfer_crc_bit
1931	line/state	const1	killed	kill:test_line_spec_every_engine,test_line_spec_crc,test_line_spec_state_held,test_line_spec_stuffing
1932	line/state	const1	killed	kill:test_line_spec_every_engine,test_line_spec_crc,test_line_spec_state_held,test_line_spec_stuffing,test_line_spec_xfer_crc_bit
1933	line/state	cnot0	killed	kill:test_line_spec_every_engine,test_line_spec_crc,test_line_spec_state_held,test_line_spec_stuffing,test_line_spec_xfer_crc_bit
1934	line/state	const1	killed	kill:test_line_spec_every_engine,test_line_spec_crc,test_line_spec_state_held,test_line_spec_stuffing,test_line_spec_xfer_crc_bit
1935	line/state	inv	killed	kill:test_line_spec_every_engine,test_line_spec_crc,test_line_spec_state_held,test_line_spec_stuffing,test_line_spec_xfer_crc_bit
1936	line/state	const1	killed	kill:test_line_spec_every_engine,test_line_spec_crc,test_line_spec_state_held,test_line_spec_stuffing,test_line_spec_xfer_crc_bit
1937	line/state	const0	killed	kill:test_line_spec_every_engine,test_line_spec_crc,test_line_spec_state_held,test_line_spec_stuffing,test_line_spec_xfer_crc_bit
1938	line/state	cnot1	killed	kill:test_line_spec_every_engine,test_line_spec_crc,test_line_spec_state_held,test_line_spec_stuffing,test_line_spec_xfer_crc_bit
1939	line/state	const0	killed	kill:test_line_spec_every_engine,test_line_spec_crc,test_line_spec_state_held,test_line_spec_stuffing,test_line_spec_xfer_crc_bit
1940	line/state	cnot1	killed	kill:test_line_spec_every_engine,test_line_spec_crc,test_line_spec_stuffing,test_line_spec_xfer_crc_bit
1941	line/state	const1	killed	kill:test_line_spec_every_engine,test_line_spec_crc,test_line_spec_stuffing,test_line_spec_xfer_crc_bit
1942	line/state	inv	killed	kill:test_line_spec_every_engine,test_line_spec_crc,test_line_spec_state_held,test_line_spec_stuffing,test_line_spec_xfer_crc_bit
1943	line/state	const0	killed	kill:test_line_spec_every_engine,test_line_spec_crc,test_line_spec_state_held,test_line_spec_stuffing,test_line_spec_xfer_crc_bit
1944	line/state	cnot0	killed	kill:test_line_spec_every_engine,test_line_spec_crc,test_line_spec_state_held,test_line_spec_stuffing,test_line_spec_xfer_crc_bit
1945	line/state	const1	killed	kill:test_line_spec_every_engine,test_line_spec_crc,test_line_spec_state_held,test_line_spec_stuffing,test_line_spec_xfer_crc_bit
1946	line/state	inv	killed	kill:test_line_spec_every_engine,test_line_spec_crc,test_line_spec_state_held,test_line_spec_stuffing,test_line_spec_xfer_crc_bit
1947	line/state	inv	killed	kill:test_line_spec_xfer_crc_bit
1948	line/state	const1	killed	kill:test_line_spec_xfer_crc_bit
1949	line/state	cnot0	killed	kill:test_line_spec_every_engine,test_line_spec_crc,test_line_spec_xfer_crc_bit
1950	line/state	cnot0	killed	kill:test_line_spec_every_engine,test_line_spec_crc,test_line_spec_xfer_crc_bit
1951	line/state	const1	killed	kill:test_line_spec_every_engine,test_line_spec_crc,test_line_spec_xfer_crc_bit
1952	line/state	inv	killed	kill:test_line_spec_every_engine,test_line_spec_crc,test_line_spec_xfer_crc_bit
1953	line/state	const1	killed	kill:test_line_spec_every_engine,test_line_spec_crc,test_line_spec_state_held,test_line_spec_stuffing,test_line_spec_xfer_crc_bit
1954	line/state	inv	killed	kill:test_line_spec_state_held
1955	line/state	const1	killed	kill:test_line_spec_state_held
1956	line/state	const0	killed	kill:test_line_spec_every_engine,test_line_spec_crc,test_line_spec_stuffing,test_line_spec_xfer_crc_bit
1957	line/state	const1	killed	kill:test_line_spec_every_engine,test_line_spec_crc,test_line_spec_state_held,test_line_spec_xfer_crc_bit
1958	line/state	const0	killed	kill:test_line_spec_every_engine,test_line_spec_crc,test_line_spec_stuffing,test_line_spec_xfer_crc_bit
1959	line/state	inv	killed	kill:test_line_spec_every_engine,test_line_spec_crc,test_line_spec_state_held,test_line_spec_stuffing,test_line_spec_xfer_crc_bit
1960	line/state	const0	killed	kill:test_line_spec_every_engine,test_line_spec_crc,test_line_spec_stuffing,test_line_spec_xfer_crc_bit
1961	line/state	const1	survived	
1962	line/state	inv	killed	ordered:test_line_demos
1963	line/state	const1	killed	ordered:test_line_demos
1964	line/state	cnot1	killed	kill:test_line_spec_every_engine,test_line_spec_crc,test_line_spec_stuffing,test_line_spec_xfer_crc_bit
1965	line/state	cnot0	killed	kill:test_line_spec_every_engine,test_line_spec_crc,test_line_spec_state_held,test_line_spec_stuffing,test_line_spec_xfer_crc_bit
1966	line/state	cnot1	equivalent	equiv_induct
1967	line/state	cnot1	killed	kill:test_line_spec_every_engine,test_line_spec_crc,test_line_spec_xfer_crc_bit
1968	line/state	const1	killed	kill:test_line_spec_every_engine,test_line_spec_crc,test_line_spec_state_held,test_line_spec_stuffing,test_line_spec_xfer_crc_bit
1969	line/state	cnot1	killed	kill:test_line_spec_every_engine,test_line_spec_crc,test_line_spec_xfer_crc_bit
1970	line/state	inv	killed	kill:test_line_spec_every_engine,test_line_spec_crc,test_line_spec_state_held,test_line_spec_stuffing,test_line_spec_xfer_crc_bit
1971	line/state	const0	killed	kill:test_line_spec_every_engine,test_line_spec_crc,test_line_spec_state_held,test_line_spec_stuffing,test_line_spec_xfer_crc_bit
1972	line/state	cnot0	killed	kill:test_line_spec_every_engine,test_line_spec_crc,test_line_spec_state_held,test_line_spec_stuffing,test_line_spec_xfer_crc_bit
1973	line/state	const0	killed	kill:test_line_spec_every_engine,test_line_spec_crc,test_line_spec_state_held,test_line_spec_stuffing,test_line_spec_xfer_crc_bit
1974	line/state	const1	killed	kill:test_line_spec_every_engine,test_line_spec_crc,test_line_spec_state_held,test_line_spec_stuffing,test_line_spec_xfer_crc_bit
1975	line/state	const1	killed	kill:test_line_spec_every_engine,test_line_spec_crc,test_line_spec_state_held,test_line_spec_stuffing,test_line_spec_xfer_crc_bit
1976	line/state	const1	killed	kill:test_line_spec_every_engine,test_line_spec_crc,test_line_spec_state_held,test_line_spec_stuffing,test_line_spec_xfer_crc_bit
1977	line/state	cnot1	killed	kill:test_line_spec_every_engine,test_line_spec_crc,test_line_spec_xfer_crc_bit
1978	line/state	const1	killed	kill:test_line_spec_every_engine,test_line_spec_crc,test_line_spec_state_held,test_line_spec_stuffing,test_line_spec_xfer_crc_bit
1979	line/state	inv	killed	kill:test_line_spec_xfer_crc_bit
1980	line/state	cnot1	killed	kill:test_line_spec_xfer_crc_bit
1981	line/state	const1	killed	kill:test_line_spec_every_engine,test_line_spec_crc
1982	line/state	cnot1	killed	kill:test_line_spec_every_engine,test_line_spec_crc
1983	line/state	cnot0	killed	kill:test_line_spec_every_engine,test_line_spec_crc,test_line_spec_xfer_crc_bit
1984	line/state	cnot0	killed	kill:test_line_spec_every_engine,test_line_spec_crc,test_line_spec_xfer_crc_bit
1985	line/state	const0	killed	kill:test_line_spec_every_engine,test_line_spec_crc,test_line_spec_xfer_crc_bit
1986	line/state	const0	killed	kill:test_line_spec_every_engine,test_line_spec_crc,test_line_spec_xfer_crc_bit
1987	line/state	cnot0	killed	kill:test_line_spec_every_engine,test_line_spec_crc,test_line_spec_xfer_crc_bit
1988	line/state	inv	killed	kill:test_line_spec_every_engine,test_line_spec_crc,test_line_spec_xfer_crc_bit
1989	line/state	cnot0	killed	kill:test_line_spec_every_engine,test_line_spec_crc,test_line_spec_xfer_crc_bit
1990	line/state	inv	killed	kill:test_line_spec_every_engine,test_line_spec_crc,test_line_spec_xfer_crc_bit
1991	line/state	cnot0	killed	kill:test_line_spec_every_engine,test_line_spec_crc,test_line_spec_xfer_crc_bit
1992	line/state	const1	killed	kill:test_line_spec_every_engine,test_line_spec_crc,test_line_spec_xfer_crc_bit
1993	line/state	const1	killed	kill:test_line_spec_every_engine,test_line_spec_crc,test_line_spec_xfer_crc_bit
1994	line/state	const0	killed	kill:test_line_spec_every_engine,test_line_spec_crc,test_line_spec_xfer_crc_bit
1995	line/state	inv	killed	kill:test_line_spec_every_engine,test_line_spec_crc,test_line_spec_xfer_crc_bit
1996	line/state	cnot1	killed	kill:test_line_spec_every_engine,test_line_spec_crc,test_line_spec_xfer_crc_bit
1997	line/state	const1	killed	kill:test_line_spec_every_engine,test_line_spec_crc,test_line_spec_xfer_crc_bit
1998	line/state	inv	killed	kill:test_line_spec_every_engine,test_line_spec_crc,test_line_spec_xfer_crc_bit
1999	line/state	cnot1	killed	kill:test_line_spec_every_engine,test_line_spec_crc,test_line_spec_xfer_crc_bit
2000	line/state	inv	killed	kill:test_line_spec_every_engine,test_line_spec_crc,test_line_spec_xfer_crc_bit
2001	line/state	cnot0	killed	kill:test_line_spec_crc,test_line_spec_xfer_crc_bit
2002	line/state	cnot0	killed	kill:test_line_spec_crc,test_line_spec_xfer_crc_bit
2003	line/state	const0	killed	kill:test_line_spec_every_engine,test_line_spec_crc,test_line_spec_xfer_crc_bit
2004	line/state	const0	killed	kill:test_line_spec_every_engine,test_line_spec_crc,test_line_spec_xfer_crc_bit
2005	line/state	inv	killed	kill:test_line_spec_every_engine,test_line_spec_crc
2006	line/state	const1	killed	kill:test_line_spec_every_engine,test_line_spec_crc,test_line_spec_xfer_crc_bit
2007	line/state	const1	killed	kill:test_line_spec_every_engine,test_line_spec_crc,test_line_spec_xfer_crc_bit
2008	line/state	inv	killed	kill:test_line_spec_every_engine,test_line_spec_crc
2009	line/state	const1	killed	kill:test_line_spec_every_engine,test_line_spec_crc,test_line_spec_xfer_crc_bit
2010	line/state	const1	killed	kill:test_line_spec_every_engine,test_line_spec_crc,test_line_spec_xfer_crc_bit
2011	line/state	const0	killed	kill:test_line_spec_every_engine,test_line_spec_crc,test_line_spec_xfer_crc_bit
2012	line/state	inv	killed	kill:test_line_spec_every_engine,test_line_spec_crc,test_line_spec_xfer_crc_bit
2013	line/state	inv	killed	kill:test_line_spec_every_engine,test_line_spec_crc,test_line_spec_xfer_crc_bit
2014	line/state	cnot0	killed	kill:test_line_spec_every_engine,test_line_spec_crc,test_line_spec_xfer_crc_bit
2015	line/state	inv	killed	kill:test_line_spec_every_engine,test_line_spec_crc,test_line_spec_xfer_crc_bit
2016	line/state	cnot0	killed	kill:test_line_spec_every_engine,test_line_spec_crc,test_line_spec_state_held,test_line_spec_stuffing,test_line_spec_xfer_crc_bit
2017	line/state	const0	killed	kill:test_line_spec_every_engine,test_line_spec_crc,test_line_spec_state_held,test_line_spec_stuffing,test_line_spec_xfer_crc_bit
2018	line/state	cnot0	killed	kill:test_line_spec_every_engine,test_line_spec_crc,test_line_spec_state_held,test_line_spec_stuffing,test_line_spec_xfer_crc_bit
2019	line/state	const0	killed	kill:test_line_spec_every_engine,test_line_spec_crc,test_line_spec_state_held,test_line_spec_stuffing,test_line_spec_xfer_crc_bit
2020	line/state	inv	killed	kill:test_line_spec_every_engine,test_line_spec_crc,test_line_spec_state_held,test_line_spec_stuffing,test_line_spec_xfer_crc_bit
2021	line/out-engine_data	cnot0	killed	kill:test_line_spec_registers
2022	line/out-engine_data	cnot0	killed	kill:test_line_spec_registers
2023	line/out-engine_data	cnot0	killed	kill:test_line_spec_registers
2024	line/out-engine_data	cnot1	killed	kill:test_line_spec_registers
2025	line/out-engine_data	inv	killed	kill:test_line_spec_registers
2026	line/out-engine_data	inv	killed	kill:test_line_spec_registers
2027	line/out-engine_data	inv	killed	kill:test_line_spec_crc,test_line_spec_registers
2028	line/out-engine_data	cnot1	killed	kill:test_line_spec_crc
2029	line/out-engine_data	inv	killed	kill:test_line_spec_crc,test_line_spec_registers
2030	line/out-engine_data	cnot0	killed	kill:test_line_spec_crc,test_line_spec_registers
2031	line/out-engine_data	inv	killed	kill:test_line_spec_crc,test_line_spec_registers
2032	line/out-engine_data	cnot0	killed	kill:test_line_spec_crc,test_line_spec_registers
2033	line/out-engine_data	cnot1	killed	kill:test_line_spec_registers
2034	line/out-engine_data	const0	killed	kill:test_line_spec_crc,test_line_spec_registers
2035	line/out-engine_data	cnot0	killed	kill:test_line_spec_crc,test_line_spec_registers
2036	line/out-engine_data	const1	killed	kill:test_line_spec_crc,test_line_spec_registers
2037	line/out-engine_data	inv	killed	kill:test_line_spec_lstat,test_line_spec_registers
2038	line/out-engine_data	const0	killed	kill:test_line_spec_lstat,test_line_spec_registers
2039	line/out-engine_data	cnot0	killed	kill:test_line_spec_lstat,test_line_spec_registers
2040	line/out-engine_data	cnot0	killed	kill:test_line_spec_lstat,test_line_spec_registers
2041	line/out-engine_data	const1	killed	kill:test_line_spec_lstat,test_line_spec_registers
2042	line/out-engine_data	const1	killed	kill:test_line_spec_lstat,test_line_spec_registers
2043	line/out-engine_data	inv	killed	kill:test_line_spec_every_engine,test_line_spec_lstat,test_line_spec_registers
2044	line/out-engine_data	cnot0	killed	kill:test_line_spec_every_engine,test_line_spec_lstat,test_line_spec_registers
2045	line/out-engine_data	cnot1	killed	kill:test_line_spec_registers
2046	line/out-engine_data	const1	killed	kill:test_line_spec_every_engine,test_line_spec_lstat,test_line_spec_registers
2047	line/out-engine_data	inv	killed	kill:test_line_spec_every_engine,test_line_spec_registers
2048	line/out-engine_data	const0	killed	kill:test_line_spec_registers
2049	line/out-engine_data	const1	killed	kill:test_line_spec_registers
2050	line/out-engine_data	cnot1	killed	kill:test_line_spec_registers
2051	line/out-engine_data	inv	killed	kill:test_line_spec_registers
2052	line/out-engine_data	cnot1	killed	kill:test_line_spec_registers
2053	line/out-engine_data	const1	killed	kill:test_line_spec_crc,test_line_spec_registers
2054	line/out-engine_data	const1	killed	kill:test_line_spec_registers
2055	line/out-engine_data	const0	equivalent	equiv_induct
2056	line/out-engine_data	cnot0	killed	kill:test_line_spec_crc
2057	line/out-engine_data	const1	killed	kill:test_line_spec_crc,test_line_spec_registers
2058	line/out-engine_data	inv	killed	kill:test_line_spec_crc,test_line_spec_registers
2059	line/out-engine_data	const0	killed	kill:test_line_spec_crc,test_line_spec_registers
2060	line/out-engine_data	inv	killed	kill:test_line_spec_crc,test_line_spec_registers
2061	line/out-engine_data	const0	killed	kill:test_line_spec_crc,test_line_spec_registers
2062	line/out-engine_data	cnot0	killed	kill:test_line_spec_crc,test_line_spec_registers
2063	line/out-engine_data	const1	killed	kill:test_line_spec_crc,test_line_spec_registers
2064	line/out-engine_data	cnot0	killed	kill:test_line_spec_crc,test_line_spec_registers
2065	line/out-engine_data	const1	killed	kill:test_line_spec_every_engine,test_line_spec_lstat,test_line_spec_registers
2066	line/out-engine_data	const1	killed	kill:test_line_spec_every_engine,test_line_spec_lstat,test_line_spec_registers
2067	line/out-engine_data	const0	killed	kill:test_line_spec_every_engine,test_line_spec_lstat,test_line_spec_registers,test_line_spec_stuffing
2068	line/out-engine_data	inv	killed	kill:test_line_spec_every_engine,test_line_spec_lstat,test_line_spec_registers,test_line_spec_stuffing
2069	line/out-engine_data	cnot1	killed	kill:test_line_spec_lstat
2070	line/out-engine_data	const0	killed	kill:test_line_spec_every_engine,test_line_spec_lstat,test_line_spec_registers,test_line_spec_stuffing
2071	line/out-engine_data	cnot1	killed	kill:test_line_spec_registers
2072	line/out-engine_data	const1	killed	kill:test_line_spec_every_engine,test_line_spec_lstat,test_line_spec_registers,test_line_spec_stuffing
2073	line/out-engine_data	cnot1	killed	kill:test_line_spec_registers
2074	line/out-engine_data	cnot0	killed	kill:test_line_spec_every_engine,test_line_spec_lstat,test_line_spec_registers,test_line_spec_stuffing
2075	line/out-engine_data	const1	killed	kill:test_line_spec_every_engine,test_line_spec_lstat,test_line_spec_registers,test_line_spec_stuffing
2076	line/out-engine_data	const0	killed	kill:test_line_spec_every_engine
2077	line/out-engine_data	inv	killed	ordered:test_line_random
2078	line/out-engine_data	const1	killed	ordered:test_line_random
2079	line/out-engine_data	cnot0	killed	ordered:test_line_random
2080	line/out-engine_data	const0	killed	ordered:test_line_random
2081	line/out-engine_data	inv	killed	ordered:test_line_random
2082	line/out-engine_data	cnot1	killed	ordered:test_line_random
2083	line/out-engine_data	const0	killed	ordered:test_line_random
2084	line/out-engine_data	const0	killed	ordered:test_line_random
2085	line/out-engine_data	const0	killed	ordered:test_line_random
2086	line/out-engine_data	inv	killed	ordered:test_line_random
2087	line/out-engine_data	inv	killed	ordered:test_line_random
2088	line/out-engine_data	inv	killed	ordered:test_line_random
2089	line/out-engine_data	const0	killed	ordered:test_line_random
2090	line/out-engine_data	cnot1	killed	kill:test_line_spec_registers
2091	line/out-engine_data	cnot1	killed	ordered:test_line_random
2092	line/out-engine_data	cnot0	killed	ordered:test_line_random
2093	line/out-engine_data	inv	killed	ordered:test_line_random
2094	line/out-engine_data	cnot0	killed	ordered:test_line_random
2095	line/out-engine_data	inv	killed	ordered:test_line_random
2096	line/out-engine_data	inv	killed	kill:test_line_spec_every_engine,test_line_spec_crc,test_line_spec_registers,test_line_spec_state_held,test_line_spec_stuffing,test_line_spec_xfer_crc_bit
2097	line/out-engine_data	const0	equivalent	equiv_induct
2098	line/out-engine_data	const1	killed	kill:test_line_spec_every_engine,test_line_spec_crc,test_line_spec_registers,test_line_spec_state_held,test_line_spec_stuffing,test_line_spec_xfer_crc_bit
2099	line/out-engine_data	const1	killed	ordered:test_line_random
2100	line/out-engine_data	cnot0	killed	ordered:test_line_random
2101	line/out-engine_data	cnot0	killed	ordered:test_line_random
2102	line/out-engine_data	cnot0	killed	ordered:test_line_random
2103	line/out-engine_data	const0	killed	ordered:test_line_random
2104	line/out-engine_data	const0	killed	kill:test_line_spec_every_engine,test_line_spec_registers
2105	line/out-engine_data	inv	killed	kill:test_line_spec_every_engine,test_line_spec_registers,test_line_spec_stuffing
2106	line/out-engine_data	const1	killed	kill:test_line_spec_every_engine,test_line_spec_registers,test_line_spec_stuffing
2107	line/out-engine_data	cnot1	killed	kill:test_line_spec_lstat
2108	line/out-engine_data	const1	killed	kill:test_line_spec_lstat,test_line_spec_registers,test_line_spec_state_held,test_line_spec_se0_pins
2109	line/out-engine_data	cnot1	killed	kill:test_line_spec_lstat
2110	line/out-engine_data	inv	killed	kill:test_line_spec_lstat,test_line_spec_registers,test_line_spec_state_held,test_line_spec_se0_pins
2111	line/out-engine_data	cnot1	killed	kill:test_line_spec_every_engine,test_line_spec_registers,test_line_spec_stuffing
2112	line/out-engine_data	const0	killed	kill:test_line_spec_every_engine,test_line_spec_registers,test_line_spec_stuffing
2113	line/state	cnot0	killed	kill:test_line_spec_every_engine,test_line_spec_crc,test_line_spec_registers,test_line_spec_state_held,test_line_spec_stuffing,test_line_spec_xfer_crc_bit
2114	line/state	cnot1	killed	kill:test_line_spec_every_engine,test_line_spec_crc,test_line_spec_registers,test_line_spec_state_held,test_line_spec_stuffing,test_line_spec_xfer_crc_bit
2115	line/state	cnot1	killed	kill:test_line_spec_every_engine,test_line_spec_crc,test_line_spec_registers,test_line_spec_state_held,test_line_spec_stuffing,test_line_spec_xfer_crc_bit
2116	line/state	const1	killed	kill:test_line_spec_every_engine,test_line_spec_crc,test_line_spec_registers,test_line_spec_state_held,test_line_spec_stuffing,test_line_spec_xfer_crc_bit
2117	line/state	inv	killed	kill:test_line_spec_every_engine,test_line_spec_crc,test_line_spec_registers,test_line_spec_state_held,test_line_spec_stuffing,test_line_spec_xfer_crc_bit
2118	line/state	const0	killed	kill:test_line_spec_every_engine,test_line_spec_crc,test_line_spec_registers,test_line_spec_state_held,test_line_spec_stuffing,test_line_spec_xfer_crc_bit
2119	line/state	const1	killed	kill:test_line_spec_every_engine,test_line_spec_crc,test_line_spec_registers,test_line_spec_state_held,test_line_spec_stuffing,test_line_spec_xfer_crc_bit
2120	line/state	cnot0	killed	kill:test_line_spec_every_engine,test_line_spec_crc,test_line_spec_registers,test_line_spec_state_held,test_line_spec_stuffing,test_line_spec_xfer_crc_bit
2121	line/state	inv	killed	kill:test_line_spec_registers,test_line_spec_state_held
2122	line/state	const1	killed	kill:test_line_spec_every_engine,test_line_spec_crc,test_line_spec_registers,test_line_spec_state_held,test_line_spec_stuffing,test_line_spec_xfer_crc_bit
2123	line/state	inv	killed	kill:test_line_spec_registers,test_line_spec_state_held
2124	line/state	inv	killed	kill:test_line_spec_registers,test_line_spec_state_held
2125	line/state	const1	killed	kill:test_line_spec_every_engine,test_line_spec_crc,test_line_spec_registers,test_line_spec_state_held,test_line_spec_stuffing,test_line_spec_xfer_crc_bit
2126	line/state	const0	killed	kill:test_line_spec_every_engine,test_line_spec_crc,test_line_spec_registers,test_line_spec_state_held,test_line_spec_stuffing,test_line_spec_xfer_crc_bit
2127	line/state	const1	killed	kill:test_line_spec_every_engine,test_line_spec_crc,test_line_spec_registers,test_line_spec_state_held,test_line_spec_stuffing,test_line_spec_xfer_crc_bit
2128	line/state	inv	killed	kill:test_line_spec_every_engine,test_line_spec_crc,test_line_spec_registers,test_line_spec_state_held,test_line_spec_stuffing,test_line_spec_xfer_crc_bit
2129	line/state	const1	killed	kill:test_line_spec_every_engine,test_line_spec_crc,test_line_spec_registers,test_line_spec_state_held,test_line_spec_stuffing,test_line_spec_xfer_crc_bit
2130	line/state	inv	killed	kill:test_line_spec_registers,test_line_spec_state_held
2131	line/state	const0	killed	kill:test_line_spec_every_engine,test_line_spec_crc,test_line_spec_registers,test_line_spec_state_held,test_line_spec_stuffing,test_line_spec_xfer_crc_bit
2132	line/state	const0	killed	kill:test_line_spec_every_engine,test_line_spec_crc,test_line_spec_registers,test_line_spec_state_held,test_line_spec_stuffing,test_line_spec_xfer_crc_bit
2133	line/state	const1	killed	kill:test_line_spec_every_engine,test_line_spec_crc,test_line_spec_registers,test_line_spec_state_held,test_line_spec_stuffing,test_line_spec_xfer_crc_bit
2134	line/state	inv	killed	kill:test_line_spec_every_engine,test_line_spec_crc,test_line_spec_state_held,test_line_spec_stuffing,test_line_spec_xfer_crc_bit
2135	line/state	const0	killed	kill:test_line_spec_every_engine,test_line_spec_crc,test_line_spec_registers,test_line_spec_state_held,test_line_spec_stuffing,test_line_spec_xfer_crc_bit
2136	line/state	inv	killed	kill:test_line_spec_every_engine,test_line_spec_crc,test_line_spec_state_held,test_line_spec_stuffing,test_line_spec_xfer_crc_bit
2137	line/state	cnot0	killed	kill:test_line_spec_every_engine,test_line_spec_crc,test_line_spec_state_held,test_line_spec_stuffing,test_line_spec_xfer_crc_bit
2138	line/state	inv	survived	
2139	line/state	cnot1	survived	
2140	line/state	const0	survived	
2141	line/state	cnot1	killed	kill:test_line_spec_every_engine,test_line_spec_crc,test_line_spec_state_held,test_line_spec_stuffing,test_line_spec_xfer_crc_bit
2142	line/state	inv	killed	kill:test_line_spec_every_engine,test_line_spec_crc,test_line_spec_state_held,test_line_spec_stuffing,test_line_spec_xfer_crc_bit
2143	line/state	const1	killed	kill:test_line_spec_every_engine,test_line_spec_crc,test_line_spec_state_held,test_line_spec_stuffing,test_line_spec_xfer_crc_bit
2144	line/state	inv	killed	kill:test_line_spec_every_engine,test_line_spec_crc,test_line_spec_state_held,test_line_spec_stuffing,test_line_spec_xfer_crc_bit
2145	line/state	const0	killed	kill:test_line_spec_every_engine,test_line_spec_crc,test_line_spec_state_held,test_line_spec_stuffing,test_line_spec_xfer_crc_bit
2146	line/state	inv	killed	kill:test_line_spec_every_engine,test_line_spec_crc,test_line_spec_state_held,test_line_spec_stuffing,test_line_spec_xfer_crc_bit
2147	line/state	inv	killed	kill:test_line_spec_every_engine,test_line_spec_crc,test_line_spec_state_held,test_line_spec_stuffing,test_line_spec_xfer_crc_bit
2148	line/state	const1	killed	kill:test_line_spec_every_engine,test_line_spec_crc,test_line_spec_registers,test_line_spec_state_held,test_line_spec_stuffing,test_line_spec_xfer_crc_bit
2149	line/state	const1	killed	kill:test_line_spec_every_engine,test_line_spec_crc,test_line_spec_registers,test_line_spec_state_held,test_line_spec_stuffing,test_line_spec_xfer_crc_bit
2150	line/state	const0	killed	kill:test_line_spec_every_engine,test_line_spec_crc,test_line_spec_registers,test_line_spec_state_held,test_line_spec_stuffing,test_line_spec_xfer_crc_bit
2151	line/state	const0	killed	kill:test_line_spec_every_engine,test_line_spec_crc,test_line_spec_registers,test_line_spec_state_held,test_line_spec_stuffing,test_line_spec_xfer_crc_bit
2152	line/state	const0	killed	kill:test_line_spec_every_engine,test_line_spec_crc,test_line_spec_registers,test_line_spec_state_held,test_line_spec_stuffing,test_line_spec_xfer_crc_bit
2153	line/state	const1	killed	kill:test_line_spec_every_engine,test_line_spec_crc,test_line_spec_registers,test_line_spec_state_held,test_line_spec_stuffing,test_line_spec_xfer_crc_bit
2154	line/state	cnot0	killed	kill:test_line_spec_every_engine,test_line_spec_crc,test_line_spec_state_held,test_line_spec_stuffing,test_line_spec_xfer_crc_bit
2155	line/state	const0	killed	kill:test_line_spec_every_engine,test_line_spec_crc,test_line_spec_registers,test_line_spec_state_held,test_line_spec_stuffing,test_line_spec_xfer_crc_bit
2156	line/state	cnot0	killed	kill:test_line_spec_every_engine,test_line_spec_crc,test_line_spec_state_held,test_line_spec_stuffing,test_line_spec_xfer_crc_bit
2157	line/state	const1	killed	kill:test_line_spec_every_engine,test_line_spec_crc,test_line_spec_registers,test_line_spec_state_held,test_line_spec_stuffing,test_line_spec_xfer_crc_bit
2158	line/state	const1	killed	kill:test_line_spec_every_engine,test_line_spec_crc,test_line_spec_registers,test_line_spec_state_held,test_line_spec_stuffing,test_line_spec_xfer_crc_bit
2159	line/state	cnot1	killed	kill:test_line_spec_every_engine,test_line_spec_crc,test_line_spec_state_held,test_line_spec_stuffing,test_line_spec_xfer_crc_bit
2160	line/state	const1	killed	ordered:test_line_demos
2161	line/state	const0	equivalent	miter-abc-900s
2162	line/state	const1	killed	kill:test_line_spec_every_engine,test_line_spec_crc,test_line_spec_registers,test_line_spec_state_held,test_line_spec_stuffing,test_line_spec_xfer_crc_bit
2163	line/state	const1	killed	kill:test_line_spec_every_engine,test_line_spec_crc,test_line_spec_registers,test_line_spec_state_held,test_line_spec_stuffing,test_line_spec_xfer_crc_bit
2164	line/state	const1	killed	kill:test_line_spec_every_engine,test_line_spec_crc,test_line_spec_registers,test_line_spec_state_held,test_line_spec_stuffing,test_line_spec_xfer_crc_bit
2165	line/state	const0	killed	kill:test_line_spec_every_engine,test_line_spec_crc,test_line_spec_registers,test_line_spec_state_held,test_line_spec_stuffing,test_line_spec_xfer_crc_bit
2166	line/state	const1	killed	ordered:test_line_demos
2167	line/state	cnot1	killed	kill:test_line_spec_every_engine,test_line_spec_crc,test_line_spec_state_held,test_line_spec_stuffing,test_line_spec_xfer_crc_bit
2168	line/state	cnot1	killed	kill:test_line_spec_every_engine,test_line_spec_crc,test_line_spec_state_held,test_line_spec_stuffing,test_line_spec_xfer_crc_bit
2169	line/state	const0	killed	kill:test_line_spec_every_engine,test_line_spec_crc,test_line_spec_state_held,test_line_spec_stuffing,test_line_spec_xfer_crc_bit
2170	line/state	const1	killed	kill:test_line_spec_every_engine
2171	line/state	cnot1	killed	kill:test_line_spec_every_engine,test_line_spec_crc,test_line_spec_state_held,test_line_spec_stuffing,test_line_spec_xfer_crc_bit
2172	line/state	cnot1	killed	kill:test_line_spec_every_engine,test_line_spec_crc,test_line_spec_state_held,test_line_spec_stuffing,test_line_spec_xfer_crc_bit
2173	line/state	cnot1	killed	kill:test_line_spec_every_engine,test_line_spec_crc,test_line_spec_state_held,test_line_spec_stuffing,test_line_spec_xfer_crc_bit
2174	line/state	const0	killed	kill:test_line_spec_every_engine,test_line_spec_crc,test_line_spec_registers,test_line_spec_state_held,test_line_spec_stuffing,test_line_spec_xfer_crc_bit
2175	line/state	const0	killed	kill:test_line_spec_every_engine,test_line_spec_crc,test_line_spec_registers,test_line_spec_state_held,test_line_spec_stuffing,test_line_spec_xfer_crc_bit
2176	line/state	inv	equivalent	miter-abc-900s
2177	line/state	const1	equivalent	miter-abc-900s
2178	line/state	const0	equivalent	miter-abc-900s
2179	line/state	cnot0	equivalent	miter-abc-900s
2180	line/state	const1	equivalent	miter-abc-900s
2181	line/state	cnot1	equivalent	miter-abc-900s
2182	line/state	cnot1	killed	kill:test_line_spec_every_engine,test_line_spec_crc,test_line_spec_state_held,test_line_spec_stuffing,test_line_spec_xfer_crc_bit
2183	line/state	inv	killed	ordered:test_line_demos
2184	line/state	const0	killed	kill:test_line_spec_every_engine,test_line_spec_crc,test_line_spec_registers,test_line_spec_state_held,test_line_spec_stuffing,test_line_spec_xfer_crc_bit
2185	line/state	const1	killed	ordered:test_line_demos
2186	line/state	const1	killed	ordered:test_line_demos
2187	line/state	inv	killed	ordered:test_line_demos
2188	line/out-engine_data	cnot0	killed	kill:test_line_spec_registers,test_line_spec_state_held
2189	line/out-engine_data	cnot1	killed	kill:test_line_spec_registers
2190	line/out-engine_data	const0	killed	kill:test_line_spec_registers
2191	line/out-engine_data	const1	killed	kill:test_line_spec_registers
2192	line/out-engine_data	inv	killed	kill:test_line_spec_registers
2193	line/out-engine_data	cnot1	killed	kill:test_line_spec_crc,test_line_spec_registers
2194	line/out-engine_data	const0	killed	kill:test_line_spec_crc
2195	line/out-engine_data	const1	killed	kill:test_line_spec_crc,test_line_spec_registers
2196	line/out-engine_data	inv	killed	kill:test_line_spec_crc,test_line_spec_registers
2197	line/out-engine_data	const0	equivalent	equiv_induct
2198	line/out-engine_data	const1	killed	kill:test_line_spec_crc,test_line_spec_registers
2199	line/out-engine_data	cnot1	killed	kill:test_line_spec_crc,test_line_spec_registers
2200	line/out-engine_data	inv	killed	kill:test_line_spec_crc,test_line_spec_registers
2201	line/out-engine_data	const1	killed	kill:test_line_spec_crc,test_line_spec_registers
2202	line/out-engine_data	inv	killed	kill:test_line_spec_crc,test_line_spec_registers
2203	line/state	const0	killed	kill:test_line_spec_lstat
2204	line/state	inv	killed	kill:test_line_spec_every_engine,test_line_spec_lstat,test_line_spec_state_held,test_line_spec_stuffing,test_line_spec_se0_pins
2205	line/state	const0	killed	kill:test_line_spec_every_engine,test_line_spec_stuffing
2206	line/state	const0	killed	kill:test_line_spec_every_engine,test_line_spec_lstat,test_line_spec_stuffing
2207	line/state	inv	killed	kill:test_line_spec_lstat
2208	line/state	const1	killed	kill:test_line_spec_every_engine,test_line_spec_lstat,test_line_spec_registers,test_line_spec_state_held,test_line_spec_stuffing,test_line_spec_se0_pins
2209	line/state	const1	survived	
2210	line/state	const1	equivalent	equiv_induct
2211	line/state	const0	killed	ordered:test_line_random
2212	line/state	inv	killed	ordered:test_line_random
2213	line/state	cnot1	killed	ordered:test_line_random
2214	line/state	cnot0	killed	ordered:test_line_random
2215	line/state	const1	killed	ordered:test_line_random
2216	line/state	inv	killed	ordered:test_line_random
2217	line/state	const1	killed	ordered:test_line_random
2218	line/state	cnot0	killed	ordered:test_line_random
2219	line/state	const0	killed	ordered:test_line_random
2220	line/state	const1	killed	ordered:test_line_random
2221	line/state	inv	killed	ordered:test_line_random
2222	line/state	const0	killed	ordered:test_line_random
2223	line/state	const1	killed	ordered:test_line_random
2224	line/state	const1	killed	ordered:test_line_random
2225	line/state	inv	survived	
2226	line/state	const0	killed	ordered:test_line_random
2227	line/state	const1	survived	
2228	line/state	const1	killed	ordered:test_line_random
2229	line/state	const1	killed	ordered:test_line_random
2230	line/state	const1	killed	ordered:test_line_random
2231	line/state	const0	killed	ordered:test_line_random
2232	line/state	inv	survived	
2233	line/state	const0	survived	
2234	line/state	const0	killed	ordered:test_line_random
2235	line/state	const1	killed	ordered:test_line_random
2236	line/state	const0	equivalent	equiv_induct
2237	line/state	cnot1	killed	kill:test_line_spec_every_engine,test_line_spec_stuffing
2238	line/state	const0	killed	kill:test_line_spec_every_engine,test_line_spec_stuffing
2239	line/state	inv	killed	ordered:test_line_random
2240	line/state	const1	killed	ordered:test_line_random
2241	line/state	cnot1	killed	ordered:test_line_random
2242	line/state	cnot0	killed	ordered:test_line_random
2243	line/state	cnot1	killed	ordered:test_line_random
2244	line/state	inv	killed	ordered:test_line_random
2245	line/state	const0	killed	ordered:test_line_random
2246	line/state	inv	killed	ordered:test_line_random
2247	line/state	cnot1	killed	ordered:test_line_random
2248	line/state	inv	killed	ordered:test_line_random
2249	line/state	const0	killed	ordered:test_line_random
2250	line/state	cnot1	killed	ordered:test_line_random
2251	line/state	const1	killed	ordered:test_line_random
2252	line/state	cnot0	killed	ordered:test_line_random
2253	line/state	const0	survived	
2254	line/state	inv	killed	ordered:test_line_random
2255	line/state	cnot1	killed	ordered:test_line_random
2256	line/state	const0	killed	ordered:test_line_random
2257	line/state	const0	survived	
2258	line/state	inv	killed	ordered:test_line_random
2259	line/state	cnot1	killed	ordered:test_line_random
2260	line/state	const0	killed	ordered:test_line_random
2261	line/state	cnot1	killed	ordered:test_line_random
2262	line/state	const0	survived	
2263	line/state	const0	equivalent	equiv_induct
2264	line/state	inv	killed	ordered:test_line_random
2265	line/state	inv	killed	ordered:test_line_random
2266	line/state	inv	killed	ordered:test_line_random
2267	line/state	inv	killed	ordered:test_line_random
2268	line/state	const1	killed	ordered:test_line_random
2269	line/state	const1	survived	
2270	line/state	const0	killed	ordered:test_line_random
2271	line/state	inv	survived	
2272	line/state	const0	survived	
2273	line/state	const1	killed	ordered:test_line_random
2274	line/state	const0	survived	
2275	line/state	cnot0	killed	ordered:test_line_random
2276	line/state	const0	killed	ordered:test_line_random
2277	line/state	cnot1	killed	ordered:test_line_random
2278	line/state	const1	killed	ordered:test_line_random
2279	line/state	const1	survived	
2280	line/state	const1	killed	ordered:test_line_random
2281	line/state	cnot1	survived	
2282	line/state	const1	killed	ordered:test_line_random
2283	line/state	inv	killed	ordered:test_line_random
2284	line/state	const0	killed	ordered:test_line_random
2285	line/state	cnot1	killed	kill:test_line_spec_state_held
2286	line/state	const1	survived	
2287	line/state	const1	survived	
2288	line/state	cnot1	killed	ordered:test_line_random
2289	line/state	const1	killed	ordered:test_line_random
2290	line/state	const1	killed	ordered:test_line_demos
2291	line/state	inv	killed	ordered:test_line_random
2292	line/state	const1	killed	ordered:test_line_random
2293	line/state	cnot1	killed	ordered:test_line_random
2294	line/state	inv	killed	ordered:test_line_random
2295	line/state	inv	killed	ordered:test_line_random
2296	line/state	const0	killed	ordered:test_line_random
2297	line/state	inv	killed	kill:test_line_spec_bounded_wait
2298	line/state	inv	killed	ordered:test_line_random
2299	line/state	const0	killed	ordered:test_line_random
2300	line/state	cnot0	killed	ordered:test_line_random
2301	line/state	const0	killed	ordered:test_line_random
2302	line/state	cnot1	killed	ordered:test_line_random
2303	line/state	const1	equivalent	miter-abc-900s
2304	line/state	const0	killed	ordered:test_line_random
2305	line/state	const1	killed	ordered:test_line_random
2306	line/state	cnot1	killed	ordered:test_line_random
2307	line/state	const0	killed	ordered:test_line_random
2308	line/state	inv	killed	ordered:test_line_random
2309	line/state	cnot0	killed	kill:test_line_spec_every_engine,test_line_spec_stuffing
2310	line/state	const1	killed	kill:test_line_spec_every_engine,test_line_spec_lstat,test_line_spec_state_held,test_line_spec_se0_pins
2311	line/state	cnot1	killed	kill:test_line_spec_every_engine,test_line_spec_lstat
2312	line/state	cnot0	killed	kill:test_line_spec_every_engine,test_line_spec_lstat,test_line_spec_stuffing
2313	line/state	cnot1	killed	kill:test_line_spec_every_engine,test_line_spec_lstat
2314	line/state	inv	killed	ordered:test_line_random
2315	line/state	const0	equivalent	equiv_induct
2316	line/state	inv	survived	
2317	line/state	inv	killed	ordered:test_line_random
2318	line/state	const1	killed	ordered:test_line_random
2319	line/state	const0	killed	ordered:test_line_random
2320	line/state	const0	killed	ordered:test_line_random
2321	line/state	inv	killed	ordered:test_line_random
2322	line/state	const0	killed	ordered:test_line_random
2323	line/state	const1	killed	kill:test_line_spec_ticker
2324	line/state	const1	killed	ordered:test_line_random
2325	line/state	cnot0	killed	ordered:test_line_random
2326	line/state	const1	survived	
2327	line/state	inv	survived	
2328	line/state	cnot1	survived	
2329	line/state	const1	survived	
2330	line/state	const0	killed	ordered:test_line_random
2331	line/state	const0	killed	ordered:test_line_random
2332	line/state	cnot1	killed	ordered:test_line_random
2333	line/state	cnot0	killed	ordered:test_line_random
2334	line/state	inv	killed	ordered:test_line_random
2335	line/state	inv	killed	ordered:test_line_random
2336	line/state	inv	killed	ordered:test_line_random
2337	line/state	cnot0	killed	ordered:test_line_random
2338	line/state	const0	equivalent	miter-abc-900s
2339	line/state	cnot1	equivalent	miter-abc-900s
2340	line/state	inv	killed	ordered:test_line_random
2341	line/state	cnot1	killed	kill:test_line_spec_every_engine,test_line_spec_ticker
2342	line/state	const1	killed	ordered:test_line_random
2343	line/state	const1	killed	ordered:test_line_random
2344	line/state	inv	killed	ordered:test_line_random
2345	line/state	cnot1	equivalent	miter-abc-900s
2346	line/state	const0	equivalent	miter-abc-900s
2347	line/state	const0	equivalent	miter-abc-900s
2348	line/state	const1	equivalent	miter-abc-900s
2349	line/state	cnot1	killed	kill:test_line_spec_ticker
2350	line/state	cnot1	killed	ordered:test_line_random
2351	line/state	const1	killed	ordered:test_line_random
2352	line/state	inv	killed	ordered:test_line_random
2353	line/state	const1	killed	ordered:test_line_random
2354	line/state	const1	killed	ordered:test_line_random
2355	line/state	const1	killed	ordered:test_line_random
2356	line/state	inv	killed	ordered:test_line_random
2357	line/state	const0	equivalent	miter-abc-900s
2358	line/state	inv	killed	ordered:test_line_random
2359	line/state	const1	killed	ordered:test_line_random
2360	line/state	cnot1	killed	ordered:test_line_random
2361	line/state	const0	killed	ordered:test_line_random
2362	line/state	cnot1	killed	ordered:test_line_random
2363	line/state	const1	killed	ordered:test_line_random
2364	line/state	cnot0	killed	ordered:test_line_random
2365	line/state	cnot1	killed	ordered:test_line_random
2366	line/state	const1	killed	ordered:test_line_random
2367	line/state	inv	survived	
2368	line/state	cnot1	killed	ordered:test_line_random
2369	line/state	const1	survived	
2370	line/state	const1	killed	ordered:test_line_random
2371	line/state	inv	killed	ordered:test_line_demos
2372	line/state	cnot0	killed	ordered:test_line_demos
2373	line/state	inv	killed	ordered:test_line_random
2374	line/state	const0	killed	ordered:test_line_random
2375	line/state	const0	equivalent	equiv_induct
2376	line/state	const1	equivalent	miter-abc-900s
2377	line/state	inv	killed	ordered:test_line_random
2378	line/state	inv	killed	ordered:test_line_random
2379	line/state	cnot0	killed	ordered:test_line_random
2380	line/state	const0	killed	ordered:test_line_random
2381	line/state	const1	killed	ordered:test_line_random
2382	line/out-engine_xfer	const1	equivalent	miter-abc-900s
2383	line/out-engine_xfer	const1	killed	ordered:test_line_random
2384	line/out-engine_xfer	inv	killed	ordered:test_line_random
2385	line/out-engine_xfer	cnot1	killed	ordered:test_line_random
2386	line/out-engine_xfer	const0	killed	ordered:test_line_random
2387	line/out-engine_xfer	const1	killed	ordered:test_line_random
2388	line/state	inv	killed	ordered:test_line_random
2389	line/state	const0	killed	ordered:test_line_random
2390	line/state	inv	killed	ordered:test_line_random
2391	line/state	const0	killed	ordered:test_line_random
2392	line/state	const0	killed	ordered:test_line_random
2393	line/state	const0	killed	ordered:test_line_random
2394	line/state	const1	killed	kill:test_line_spec_every_engine,test_line_spec_lstat,test_line_spec_state_held,test_line_spec_stuffing,test_line_spec_se0_pins
2395	line/state	cnot1	killed	kill:test_line_spec_lstat
2396	line/state	const1	killed	kill:test_line_spec_every_engine,test_line_spec_lstat,test_line_spec_stuffing
2397	line/state	const0	killed	kill:test_line_spec_every_engine,test_line_spec_lstat
2398	line/state	cnot1	killed	kill:test_line_spec_lstat
2399	line/state	const1	killed	kill:test_line_spec_every_engine,test_line_spec_lstat,test_line_spec_registers,test_line_spec_state_held,test_line_spec_stuffing
2400	line/state	inv	killed	kill:test_line_spec_every_engine,test_line_spec_lstat,test_line_spec_registers,test_line_spec_state_held
2401	line/state	const1	killed	kill:test_line_spec_every_engine,test_line_spec_lstat,test_line_spec_registers,test_line_spec_state_held,test_line_spec_stuffing
2402	line/state	const0	killed	kill:test_line_spec_lstat,test_line_spec_state_held
2403	line/state	const1	killed	kill:test_line_spec_every_engine,test_line_spec_lstat,test_line_spec_registers,test_line_spec_state_held,test_line_spec_stuffing
2404	line/state	const0	killed	kill:test_line_spec_lstat,test_line_spec_state_held
2405	line/state	const1	killed	kill:test_line_spec_every_engine,test_line_spec_lstat,test_line_spec_registers,test_line_spec_state_held,test_line_spec_stuffing
2406	line/state	const0	survived	
2407	line/state	const1	survived	
2408	line/state	const1	killed	kill:test_line_spec_every_engine,test_line_spec_lstat,test_line_spec_registers,test_line_spec_state_held,test_line_spec_stuffing
2409	line/state	const0	killed	kill:test_line_spec_every_engine,test_line_spec_lstat,test_line_spec_se0_pins
2410	line/state	const1	killed	kill:test_line_spec_every_engine,test_line_spec_lstat,test_line_spec_registers,test_line_spec_state_held,test_line_spec_stuffing
2411	line/state	inv	killed	kill:test_line_spec_every_engine,test_line_spec_lstat,test_line_spec_registers,test_line_spec_state_held
2412	line/state	inv	killed	kill:test_line_spec_state_held
2413	line/state	const1	killed	ordered:test_line_demos
2414	line/state	cnot1	killed	kill:test_line_spec_lstat
2415	line/state	cnot1	killed	kill:test_line_spec_lstat
2416	line/state	cnot0	killed	ordered:test_line_demos
2417	line/state	inv	killed	ordered:test_line_demos
2418	line/state	const0	killed	kill:test_line_spec_lstat
2419	line/state	const1	killed	ordered:test_line_demos
2420	line/state	cnot1	killed	kill:test_line_spec_every_engine,test_line_spec_lstat,test_line_spec_state_held,test_line_spec_se0_pins
2421	line/out-engine_data	const0	equivalent	equiv_induct
2422	line/out-engine_data	const0	killed	kill:test_line_spec_lstat,test_line_spec_registers
2423	line/out-engine_data	cnot0	killed	kill:test_line_spec_registers
2424	line/out-engine_data	const0	killed	kill:test_line_spec_registers
2425	line/out-engine_data	const0	killed	kill:test_line_spec_registers
2426	line/state	inv	killed	ordered:test_line_random
2427	line/state	const0	killed	kill:test_line_spec_stuffing
2428	line/state	const0	killed	ordered:test_line_random
2429	line/state	const1	killed	ordered:test_line_random
2430	line/state	const0	killed	ordered:test_line_random
2431	line/state	inv	killed	ordered:test_line_random
2432	line/state	const1	killed	ordered:test_line_random
2433	line/state	const1	killed	ordered:test_line_random
2434	line/state	const0	killed	ordered:test_line_random
2435	line/state	inv	killed	ordered:test_line_random
2436	line/state	inv	killed	ordered:test_line_demos
2437	line/state	const0	killed	ordered:test_line_random
2438	line/state	const0	killed	ordered:test_line_random
2439	line/state	inv	killed	ordered:test_line_random
2440	line/state	const0	killed	ordered:test_line_random
2441	line/state	inv	killed	ordered:test_line_random
2442	line/state	const1	killed	ordered:test_line_random
2443	line/state	const0	survived	
2444	line/state	const1	killed	ordered:test_line_random
2445	line/state	const0	killed	ordered:test_line_random
2446	line/state	const0	killed	kill:test_line_spec_every_engine,test_line_spec_stuffing
2447	line/state	cnot1	killed	ordered:test_line_random
2448	line/state	const0	killed	ordered:test_line_random
2449	line/state	const0	equivalent	equiv_induct
2450	line/state	inv	killed	ordered:test_line_random
2451	line/state	const0	survived	
2452	line/state	const1	killed	ordered:test_line_random
2453	line/state	const0	killed	ordered:test_line_random
2454	line/state	const0	killed	ordered:test_line_random
2455	line/state	const1	killed	ordered:test_line_random
2456	line/state	inv	killed	ordered:test_line_random
2457	line/state	const0	killed	ordered:test_line_random
2458	line/state	const0	killed	ordered:test_line_random
2459	line/state	const1	killed	ordered:test_line_random
2460	line/state	inv	killed	ordered:test_line_random
2461	line/state	inv	killed	ordered:test_line_demos
2462	line/state	const0	killed	kill:test_line_spec_every_engine,test_line_spec_stuffing
2463	line/state	const0	equivalent	equiv_induct
2464	line/state	cnot1	killed	ordered:test_line_random
2465	line/state	const1	equivalent	miter-abc-900s
2466	line/state	const1	killed	ordered:test_line_random
2467	line/state	const0	killed	kill:test_line_spec_every_engine,test_line_spec_lstat
2468	line/state	const0	survived	
2469	line/state	const1	killed	ordered:test_line_random
2470	line/state	inv	killed	ordered:test_line_random
2471	line/state	inv	killed	ordered:test_line_random
2472	line/state	const1	killed	ordered:test_line_random
2473	line/state	inv	killed	ordered:test_line_demos
2474	line/state	inv	killed	kill:test_line_spec_every_engine,test_line_spec_lstat
2475	line/state	inv	equivalent	miter-abc-900s
2476	line/state	const1	killed	ordered:test_line_random
2477	line/state	const1	killed	ordered:test_line_random
2478	line/state	const0	killed	ordered:test_line_random
2479	line/state	inv	killed	ordered:test_line_random
2480	line/state	const1	killed	ordered:test_line_random
2481	line/state	const1	killed	kill:test_line_spec_every_engine,test_line_spec_pins
2482	line/state	inv	killed	ordered:test_line_random
2483	line/state	const1	killed	ordered:test_line_random
2484	line/state	const1	equivalent	miter-abc-900s
2485	line/state	inv	killed	ordered:test_line_random
2486	line/state	inv	killed	ordered:test_line_random
2487	line/state	const0	killed	ordered:test_line_random
2488	line/state	const1	survived	
2489	line/state	const1	killed	ordered:test_line_random
2490	line/state	inv	killed	ordered:test_line_random
2491	line/state	inv	killed	ordered:test_line_random
2492	line/state	const1	killed	ordered:test_line_random
2493	line/state	const0	killed	ordered:test_line_random
2494	line/state	inv	killed	ordered:test_line_random
2495	line/state	const1	killed	ordered:test_line_random
2496	line/state	cnot1	killed	ordered:test_line_random
2497	line/state	inv	killed	ordered:test_line_random
2498	line/state	cnot1	killed	ordered:test_line_random
2499	line/state	const0	killed	ordered:test_line_random
2500	line/state	cnot1	killed	ordered:test_line_random
2501	line/state	cnot1	survived	
2502	line/state	const1	survived	
2503	line/state	const0	killed	kill:test_line_spec_every_engine,test_line_spec_lstat
2504	line/state	inv	killed	kill:test_line_spec_state_held
2505	line/state	const1	killed	ordered:test_line_random
2506	line/state	const1	killed	ordered:test_line_random
2507	line/state	cnot0	killed	ordered:test_line_random
2508	line/state	inv	killed	ordered:test_line_random
2509	line/state	cnot0	survived	
2510	line/state	const0	killed	ordered:test_line_random
2511	line/state	const1	killed	ordered:test_line_random
2512	line/state	inv	killed	ordered:test_line_random
2513	line/state	const1	killed	ordered:test_line_random
2514	line/state	cnot0	killed	ordered:test_line_random
2515	line/state	const0	equivalent	miter-abc-900s
2516	line/state	inv	killed	ordered:test_line_demos
2517	line/state	const1	killed	ordered:test_line_demos
2518	line/state	const1	killed	ordered:test_line_random
2519	line/state	const1	killed	ordered:test_line_random
2520	line/state	const0	killed	kill:test_line_spec_every_engine,test_line_spec_crc,test_line_spec_lstat,test_line_spec_state_held,test_line_spec_se0_pins
2521	line/state	const0	equivalent	miter-abc-900s
2522	line/state	cnot1	killed	ordered:test_line_random
2523	line/state	const0	killed	kill:test_line_spec_every_engine,test_line_spec_lstat
2524	line/state	const1	killed	ordered:test_line_random
2525	line/state	const1	killed	ordered:test_line_random
2526	line/state	const0	survived	
2527	line/state	const1	survived	
2528	line/state	const1	killed	ordered:test_line_random
2529	line/state	inv	killed	ordered:test_line_random
2530	line/state	inv	killed	ordered:test_line_random
2531	line/state	inv	killed	ordered:test_line_random
2532	line/state	const1	killed	ordered:test_line_random
2533	line/state	const0	equivalent	miter-abc-900s
2534	line/state	inv	killed	ordered:test_line_random
2535	line/state	cnot1	killed	kill:test_line_spec_ticker
2536	line/state	const0	killed	ordered:test_line_random
2537	line/state	cnot1	survived	
2538	line/state	const1	killed	ordered:test_line_random
2539	line/state	cnot0	killed	ordered:test_line_random
2540	line/state	inv	killed	ordered:test_line_random
2541	line/state	const1	killed	ordered:test_line_random
2542	line/state	const0	killed	ordered:test_line_random
2543	line/state	const1	killed	ordered:test_line_random
2544	line/state	const1	killed	ordered:test_line_random
2545	line/state	const0	killed	ordered:test_line_random
2546	line/state	const0	killed	ordered:test_line_random
2547	line/state	const0	killed	ordered:test_line_random
2548	line/state	const1	killed	ordered:test_line_demos
2549	line/state	const1	killed	ordered:test_line_demos
2550	line/state	cnot0	killed	ordered:test_line_random
2551	line/state	const0	killed	ordered:test_line_random
2552	line/state	inv	survived	
2553	line/state	const1	killed	ordered:test_line_random
2554	line/state	cnot1	killed	ordered:test_line_random
2555	line/state	cnot1	killed	ordered:test_line_random
2556	line/state	cnot0	killed	ordered:test_line_random
2557	line/state	cnot1	killed	ordered:test_line_random
2558	line/state	const1	equivalent	miter-abc-900s
2559	line/state	inv	equivalent	miter-abc-900s
2560	line/state	const1	equivalent	miter-abc-900s
2561	line/state	cnot0	equivalent	miter-abc-900s
2562	line/state	const0	killed	ordered:test_line_random
2563	line/state	cnot1	killed	ordered:test_line_random
2564	line/state	const1	killed	ordered:test_line_random
2565	line/state	const0	killed	ordered:test_line_random
2566	line/state	cnot1	equivalent	miter-abc-900s
2567	line/state	const1	killed	ordered:test_line_random
2568	line/state	cnot0	killed	ordered:test_line_random
2569	line/state	const0	killed	ordered:test_line_random
2570	line/state	inv	killed	ordered:test_line_random
2571	line/state	cnot1	killed	ordered:test_line_random
2572	line/state	inv	killed	ordered:test_line_random
2573	line/state	const1	killed	ordered:test_line_random
2574	line/state	inv	killed	ordered:test_line_random
2575	line/state	inv	killed	ordered:test_line_random
2576	line/state	inv	killed	ordered:test_line_random
2577	line/state	const0	killed	ordered:test_line_random
2578	line/state	cnot1	killed	ordered:test_line_random
2579	line/state	const1	survived	
2580	line/state	cnot1	killed	ordered:test_line_random
2581	line/state	cnot0	killed	ordered:test_line_random
2582	line/state	const0	killed	ordered:test_line_random
2583	line/state	cnot1	killed	ordered:test_line_random
2584	line/state	const0	killed	ordered:test_line_random
2585	line/state	cnot0	killed	ordered:test_line_random
2586	line/state	inv	killed	ordered:test_line_random
2587	line/state	cnot0	killed	ordered:test_line_random
2588	line/state	cnot1	killed	kill:test_line_spec_ticker
2589	line/state	inv	killed	ordered:test_line_random
2590	line/state	const1	killed	ordered:test_line_random
2591	line/state	inv	killed	ordered:test_line_random
2592	line/state	const1	killed	ordered:test_line_random
2593	line/state	const0	killed	ordered:test_line_random
2594	line/state	cnot0	killed	ordered:test_line_demos
2595	line/state	const0	equivalent	miter-abc-900s
2596	line/state	cnot1	equivalent	miter-abc-900s
2597	line/state	inv	killed	ordered:test_line_demos
2598	line/state	const1	killed	ordered:test_line_random
2599	line/state	inv	equivalent	miter-abc-900s
2600	line/state	cnot0	killed	ordered:test_line_random
2601	line/state	cnot0	killed	ordered:test_line_random
2602	line/state	const1	killed	ordered:test_line_random
2603	line/state	inv	killed	ordered:test_line_random
2604	line/state	cnot0	equivalent	miter-abc-900s
2605	line/out-engine_xfer	const1	equivalent	miter-abc-900s
2606	line/out-engine_xfer	cnot1	killed	kill:test_line_spec_every_engine
2607	line/out-engine_xfer	const1	killed	ordered:test_line_random
2608	line/state	const0	killed	ordered:test_line_random
2609	line/state	cnot0	killed	ordered:test_line_random
2610	line/state	cnot1	survived	
2611	line/state	cnot1	survived	
2612	line/state	const0	killed	kill:test_line_spec_every_engine,test_line_spec_lstat
2613	line/state	const1	killed	kill:test_line_spec_state_held
2614	line/state	inv	killed	kill:test_line_spec_every_engine,test_line_spec_lstat,test_line_spec_registers,test_line_spec_state_held,test_line_spec_stuffing,test_line_spec_se0_pins
2615	line/state	cnot1	killed	kill:test_line_spec_every_engine,test_line_spec_lstat
2616	line/state	cnot0	killed	kill:test_line_spec_every_engine,test_line_spec_lstat,test_line_spec_registers,test_line_spec_state_held,test_line_spec_stuffing,test_line_spec_se0_pins
2617	line/state	cnot0	killed	kill:test_line_spec_every_engine,test_line_spec_lstat,test_line_spec_registers,test_line_spec_state_held,test_line_spec_stuffing,test_line_spec_se0_pins
2618	line/state	inv	killed	kill:test_line_spec_every_engine,test_line_spec_lstat,test_line_spec_registers,test_line_spec_state_held,test_line_spec_stuffing,test_line_spec_se0_pins
2619	line/state	cnot0	killed	kill:test_line_spec_every_engine,test_line_spec_lstat,test_line_spec_registers,test_line_spec_state_held,test_line_spec_stuffing,test_line_spec_se0_pins
2620	line/state	cnot0	killed	kill:test_line_spec_every_engine,test_line_spec_lstat,test_line_spec_registers,test_line_spec_state_held,test_line_spec_stuffing,test_line_spec_se0_pins
2621	line/state	const1	killed	ordered:test_line_random
2622	line/state	const0	killed	kill:test_line_spec_every_engine,test_line_spec_lstat,test_line_spec_state_held,test_line_spec_se0_pins
2623	line/state	const0	killed	kill:test_line_spec_lstat
2624	line/state	const1	killed	ordered:test_line_random
2625	line/state	cnot0	equivalent	miter-abc-900s
2626	line/state	cnot0	killed	ordered:test_line_demos
2627	line/state	inv	killed	ordered:test_line_demos
2628	line/out-engine_data	inv	killed	ordered:test_line_random
2629	line/out-engine_data	const0	killed	ordered:test_line_random
2630	line/out-engine_data	inv	killed	ordered:test_line_random
2631	line/out-engine_data	cnot1	killed	ordered:test_line_random
2632	line/out-engine_data	cnot0	killed	kill:test_line_spec_lstat,test_line_spec_registers
2633	line/out-engine_data	inv	killed	ordered:test_line_random
2634	line/out-engine_data	cnot1	killed	ordered:test_line_random
2635	line/out-engine_data	const1	killed	ordered:test_line_random
2636	line/out-engine_data	const1	killed	kill:test_line_spec_lstat,test_line_spec_registers
2637	line/out-engine_data	cnot0	killed	kill:test_line_spec_lstat,test_line_spec_registers
2638	line/out-engine_data	const0	killed	ordered:test_line_random
2639	line/out-engine_data	cnot0	killed	kill:test_line_spec_registers
2640	line/out-engine_data	const0	killed	ordered:test_line_random
2641	line/out-engine_data	inv	killed	ordered:test_line_random
2642	line/state	inv	killed	ordered:test_line_unit
2643	line/state	const0	killed	ordered:test_line_unit
2644	line/state	const0	killed	ordered:test_line_unit
2645	line/state	const1	equivalent	miter-abc-900s
2646	line/state	const0	survived	
2647	line/state	const0	killed	ordered:test_line_unit
2648	line/state	const1	killed	ordered:test_line_unit
2649	line/state	const1	equivalent	miter-abc-900s
2650	line/state	const0	killed	ordered:test_line_random
2651	line/state	const0	equivalent	miter-abc-900s
2652	line/state	const1	killed	ordered:test_line_demos
2653	line/state	cnot0	killed	ordered:test_line_unit
2654	line/state	inv	killed	ordered:test_line_unit
2655	line/state	const0	killed	ordered:test_line_unit
2656	line/state	const0	killed	ordered:test_line_unit
2657	line/state	const0	killed	ordered:test_line_unit
2658	line/state	const1	killed	ordered:test_line_unit
2659	line/state	const1	killed	ordered:test_line_unit
2660	line/state	cnot1	killed	ordered:test_line_unit
2661	line/state	cnot0	killed	ordered:test_line_unit
2662	line/state	inv	killed	ordered:test_line_unit
2663	line/state	const0	survived	
2664	line/state	cnot0	killed	ordered:test_line_unit
2665	line/state	const1	killed	ordered:test_line_unit
2666	line/state	inv	killed	ordered:test_line_random
2667	line/state	cnot1	killed	ordered:test_line_random
2668	line/state	inv	survived	
2669	line/state	cnot1	survived	
2670	line/state	const1	killed	ordered:test_line_random
2671	line/state	const1	killed	ordered:test_line_unit
2672	line/state	const1	killed	ordered:test_line_unit
2673	line/state	const0	equivalent	miter-abc-900s
2674	line/state	const0	killed	ordered:test_line_unit
2675	line/state	cnot0	killed	ordered:test_line_unit
2676	line/state	const0	equivalent	equiv_induct
2677	line/state	cnot0	equivalent	miter-abc-900s
2678	line/state	const0	killed	ordered:test_line_unit
2679	line/state	const1	killed	ordered:test_line_unit
2680	line/state	const0	killed	ordered:test_line_unit
2681	line/state	const1	survived	
2682	line/state	const0	killed	ordered:test_line_unit
2683	line/state	const1	killed	ordered:test_line_unit
2684	line/state	const0	killed	ordered:test_line_unit
2685	line/state	inv	killed	ordered:test_line_unit
2686	line/state	const1	killed	ordered:test_line_unit
2687	line/state	inv	killed	ordered:test_line_unit
2688	line/state	const0	survived	
2689	line/state	const1	killed	ordered:test_line_unit
2690	line/state	const0	equivalent	miter-abc-900s
2691	line/state	const1	killed	ordered:test_line_unit
2692	line/state	const1	killed	ordered:test_line_random
2693	line/state	const0	survived	
2694	line/state	const1	killed	ordered:test_line_unit
2695	line/state	inv	killed	ordered:test_line_demos
2696	line/state	const0	killed	ordered:test_line_unit
2697	line/state	const0	killed	ordered:test_line_unit
2698	line/state	const0	killed	ordered:test_line_unit
2699	line/state	const1	killed	ordered:test_line_unit
2700	line/state	const1	killed	ordered:test_line_unit
2701	line/state	cnot0	killed	ordered:test_line_unit
2702	line/state	const1	killed	ordered:test_line_unit
2703	line/state	cnot1	killed	ordered:test_line_random
2704	line/state	inv	killed	ordered:test_line_unit
2705	line/state	const1	killed	ordered:test_line_unit
2706	line/state	inv	killed	ordered:test_line_random
2707	line/state	const1	killed	ordered:test_line_unit
2708	line/state	const0	killed	ordered:test_line_unit
2709	line/state	inv	killed	ordered:test_line_unit
2710	line/state	cnot0	killed	ordered:test_line_unit
2711	line/state	inv	killed	kill:test_line_spec_bounded_wait,test_line_spec_state_held
2712	line/state	cnot1	killed	ordered:test_line_unit
2713	line/state	const1	survived	
2714	line/state	const0	killed	ordered:test_line_unit
2715	line/state	inv	killed	ordered:test_line_unit
2716	line/state	const0	equivalent	miter-abc-900s
2717	line/state	const0	equivalent	miter-abc-900s
2718	line/state	const0	equivalent	miter-abc-900s
2719	line/state	cnot0	killed	ordered:test_line_demos
2720	line/state	cnot0	killed	ordered:test_line_unit
2721	line/state	cnot1	killed	ordered:test_line_unit
2722	line/state	const0	killed	ordered:test_line_unit
2723	line/state	const0	killed	ordered:test_line_unit
2724	line/state	const0	killed	ordered:test_line_unit
2725	line/state	cnot1	killed	kill:test_line_spec_bounded_wait
2726	line/state	inv	killed	kill:test_line_spec_bounded_wait
2727	line/state	const0	killed	ordered:test_line_unit
2728	line/state	cnot1	survived	
2729	line/state	inv	killed	ordered:test_line_unit
2730	line/state	cnot0	killed	ordered:test_line_unit
2731	line/state	inv	killed	ordered:test_line_unit
2732	line/state	const1	survived	
2733	line/state	const0	survived	
2734	line/state	const1	survived	
2735	line/state	const0	survived	
2736	line/state	inv	killed	ordered:test_line_random
2737	line/state	const1	killed	ordered:test_line_random
2738	line/state	inv	killed	ordered:test_line_demos
2739	line/state	inv	killed	ordered:test_line_unit
2740	line/state	inv	survived	
2741	line/state	const1	survived	
2742	line/state	const0	survived	
2743	line/state	const1	killed	ordered:test_line_unit
2744	line/state	inv	killed	ordered:test_line_unit
2745	line/state	const0	killed	ordered:test_line_unit
2746	line/state	const0	killed	ordered:test_line_unit
2747	line/state	cnot1	killed	kill:test_line_spec_ticker
2748	line/state	const0	killed	ordered:test_line_unit
2749	line/state	inv	killed	ordered:test_line_unit
2750	line/state	cnot0	killed	ordered:test_line_unit
2751	line/state	cnot0	survived	
2752	line/state	const1	killed	ordered:test_line_unit
2753	line/state	cnot1	killed	ordered:test_line_unit
2754	line/state	const0	killed	ordered:test_line_unit
2755	line/state	cnot1	killed	ordered:test_line_random
2756	line/state	inv	killed	kill:test_line_spec_state_held
2757	line/state	inv	killed	ordered:test_line_unit
2758	line/state	cnot0	killed	ordered:test_line_unit
2759	line/state	cnot1	killed	ordered:test_line_unit
2760	line/state	cnot1	survived	
2761	line/state	const0	killed	ordered:test_line_unit
2762	line/state	const0	killed	ordered:test_line_unit
2763	line/state	const1	killed	ordered:test_line_unit
2764	line/state	const0	killed	ordered:test_line_unit
2765	line/state	cnot1	killed	ordered:test_line_unit
2766	line/state	inv	survived	
2767	line/state	const0	survived	
2768	line/state	inv	killed	ordered:test_line_unit
2769	line/state	const0	killed	ordered:test_line_unit
2770	line/state	inv	survived	
2771	line/state	const1	survived	
2772	line/state	const0	survived	
2773	line/state	cnot0	killed	ordered:test_line_random
2774	line/state	inv	killed	ordered:test_line_unit
2775	line/state	const0	killed	ordered:test_line_unit
2776	line/state	const1	killed	ordered:test_line_unit
2777	line/state	inv	killed	ordered:test_line_random
2778	line/state	inv	survived	
2779	line/state	inv	killed	ordered:test_line_random
2780	line/state	const1	killed	ordered:test_line_unit
2781	line/state	const0	killed	ordered:test_line_unit
2782	line/state	cnot0	killed	ordered:test_line_unit
2783	line/state	const1	killed	ordered:test_line_unit
2784	line/state	inv	killed	ordered:test_line_unit
2785	line/state	const1	killed	ordered:test_line_unit
2786	line/state	const0	equivalent	equiv_induct
2787	line/state	cnot1	survived	
2788	line/state	inv	killed	ordered:test_line_random
2789	line/state	cnot1	killed	ordered:test_line_unit
2790	line/state	cnot0	killed	ordered:test_line_unit
2791	line/state	cnot1	survived	
2792	line/state	inv	killed	ordered:test_line_unit
2793	line/state	const0	killed	ordered:test_line_unit
2794	line/state	const1	killed	ordered:test_line_unit
2795	line/state	const1	killed	ordered:test_line_unit
2796	line/state	inv	killed	ordered:test_line_random
2797	line/state	cnot0	survived	
2798	line/state	const0	survived	
2799	line/state	inv	killed	ordered:test_line_unit
2800	line/state	inv	killed	ordered:test_line_unit
2801	line/state	const1	killed	ordered:test_line_unit
2802	line/state	const1	killed	ordered:test_line_unit
2803	line/state	inv	killed	ordered:test_line_unit
2804	line/state	cnot0	killed	ordered:test_line_unit
2805	line/out-engine_xfer	inv	killed	ordered:test_line_unit
2806	line/out-engine_xfer	inv	killed	ordered:test_line_unit
2807	line/out-engine_xfer	const1	killed	ordered:test_line_unit
2808	line/out-engine_xfer	cnot1	killed	ordered:test_line_unit
2809	line/state	inv	killed	ordered:test_line_unit
2810	line/state	const1	killed	ordered:test_line_unit
2811	line/state	const0	killed	ordered:test_line_unit
2812	line/state	const0	equivalent	miter-abc-900s
2813	line/state	const0	killed	ordered:test_line_unit
2814	line/state	cnot0	killed	ordered:test_line_unit
2815	line/state	const1	killed	ordered:test_line_unit
2816	line/state	const1	killed	ordered:test_line_unit
2817	line/state	const0	killed	ordered:test_line_unit
2818	line/state	const1	killed	ordered:test_line_unit
2819	line/state	inv	killed	ordered:test_line_unit
2820	line/state	cnot1	killed	kill:test_line_spec_lstat
2821	line/state	const0	killed	kill:test_line_spec_lstat
2822	line/state	inv	killed	ordered:test_line_unit
2823	line/state	inv	killed	ordered:test_line_unit
2824	line/state	cnot0	killed	ordered:test_line_unit
2825	line/state	cnot1	killed	kill:test_line_spec_lstat
2826	line/state	const0	killed	kill:test_line_spec_lstat
2827	line/state	const1	killed	kill:test_line_spec_state_held
2828	line/state	const1	killed	ordered:test_line_unit
2829	line/state	cnot0	killed	ordered:test_line_unit
2830	line/state	const1	killed	ordered:test_line_unit
2831	line/state	const0	killed	ordered:test_line_unit
2832	line/state	const1	killed	ordered:test_line_unit
2833	line/state	const0	killed	ordered:test_line_unit
2834	line/state	const0	killed	ordered:test_line_unit
2835	line/state	const0	killed	ordered:test_line_unit
2836	line/state	const0	killed	kill:test_line_spec_lstat
2837	line/out-engine_data	cnot0	killed	ordered:test_line_random
2838	line/out-engine_data	inv	killed	ordered:test_line_random
2839	line/out-engine_data	inv	killed	ordered:test_line_random
2840	line/out-engine_data	const0	killed	ordered:test_line_random
2841	line/out-engine_data	inv	killed	kill:test_line_spec_lstat,test_line_spec_registers
2842	line/out-engine_data	cnot0	killed	ordered:test_line_random
2843	line/out-engine_data	cnot0	killed	ordered:test_line_random
2844	line/out-pins	inv	killed	kill:test_line_spec_pins
2845	line/out-pins	cnot0	killed	kill:test_line_spec_pins
2846	line/out-pins	cnot0	killed	ordered:test_line_random
2847	line/out-pins	inv	killed	kill:test_line_spec_pins
2848	line/out-pins	inv	killed	kill:test_line_spec_pins
2849	line/out-pins	inv	killed	ordered:test_line_random
2850	line/out-pins	inv	killed	kill:test_line_spec_pins
2851	line/out-pins	cnot1	survived	
2852	line/out-pins	cnot1	killed	kill:test_line_spec_pins
2853	line/out-pins	inv	survived	
2854	line/out-pins	const0	killed	ordered:test_line_random
2855	line/out-pins	const1	killed	kill:test_line_spec_pins
2856	line/out-pins	cnot0	killed	ordered:test_random
2857	line/out-pins	cnot0	killed	ordered:test_random
2858	line/out-pins	cnot0	killed	ordered:test_line_random
2859	line/out-pins	cnot1	killed	ordered:test_line_random
2860	line/out-pins	const0	killed	ordered:test_legacy
2861	line/out-pins	const1	killed	kill:test_line_spec_pins
2862	line/out-pins	inv	killed	ordered:test_line_random
2863	line/out-pins	cnot1	killed	kill:test_line_spec_pins
2864	line/out-pins	cnot1	killed	kill:test_line_spec_pins
2865	line/out-pins	cnot0	killed	kill:test_line_spec_every_engine,test_line_spec_pins
2866	line/out-pins	const1	killed	ordered:test_line_random
2867	line/out-pins	inv	killed	ordered:test_line_random
2868	line/out-pins	const0	killed	ordered:test_line_random
2869	line/out-pins	cnot1	killed	kill:test_line_spec_pins
2870	line/state	cnot1	killed	ordered:test_line_random
2871	line/state	cnot1	killed	kill:test_line_spec_crc,test_line_spec_xfer_crc_bit
2872	line/state	cnot0	killed	ordered:test_line_random
2873	line/state	const1	killed	ordered:test_line_random
2874	line/state	cnot0	killed	ordered:test_line_random
2875	line/state	const1	killed	ordered:test_line_random
2876	line/state	cnot0	killed	ordered:test_line_random
2877	line/state	const0	killed	ordered:test_line_random
2878	line/state	cnot0	killed	ordered:test_line_random
2879	line/state	cnot1	killed	ordered:test_line_random
2880	line/state	cnot0	killed	ordered:test_line_random
2881	line/state	cnot0	killed	ordered:test_line_random
2882	line/state	const0	killed	ordered:test_line_random
2883	line/state	cnot0	killed	ordered:test_line_random
2884	line/state	const1	killed	ordered:test_line_random
2885	line/state	inv	killed	ordered:test_line_random
2886	line/state	const0	killed	ordered:test_line_random
2887	line/state	const0	killed	ordered:test_line_random
2888	line/state	const0	killed	ordered:test_line_random
2889	line/state	const1	killed	ordered:test_line_random
2890	line/state	const1	killed	ordered:test_line_random
2891	line/state	cnot0	killed	ordered:test_line_random
2892	line/state	const1	killed	ordered:test_line_random
2893	line/state	cnot0	killed	kill:test_line_spec_every_engine,test_line_spec_crc
2894	line/state	const0	killed	kill:test_line_spec_every_engine,test_line_spec_crc
2895	line/state	const1	killed	kill:test_line_spec_every_engine,test_line_spec_crc
2896	line/state	const1	killed	kill:test_line_spec_every_engine,test_line_spec_crc
2897	line/state	const0	killed	kill:test_line_spec_crc
2898	line/state	const0	killed	kill:test_line_spec_crc
2899	line/state	const0	killed	kill:test_line_spec_every_engine,test_line_spec_crc
2900	line/state	const1	killed	kill:test_line_spec_every_engine,test_line_spec_crc
2901	line/state	inv	killed	kill:test_line_spec_every_engine,test_line_spec_crc,test_line_spec_stuffing,test_line_spec_xfer_crc_bit
2902	line/state	cnot0	killed	kill:test_line_spec_every_engine,test_line_spec_crc,test_line_spec_stuffing,test_line_spec_xfer_crc_bit
2903	line/state	cnot0	killed	kill:test_line_spec_every_engine,test_line_spec_crc,test_line_spec_stuffing,test_line_spec_xfer_crc_bit
2904	line/state	const1	killed	kill:test_line_spec_every_engine,test_line_spec_crc,test_line_spec_stuffing,test_line_spec_xfer_crc_bit
2905	line/state	const1	killed	kill:test_line_spec_every_engine,test_line_spec_crc,test_line_spec_stuffing,test_line_spec_xfer_crc_bit
2906	line/state	inv	killed	kill:test_line_spec_every_engine,test_line_spec_crc,test_line_spec_stuffing,test_line_spec_xfer_crc_bit
2907	line/state	cnot1	killed	kill:test_line_spec_every_engine,test_line_spec_crc,test_line_spec_stuffing,test_line_spec_xfer_crc_bit
2908	line/state	cnot0	killed	kill:test_line_spec_every_engine,test_line_spec_crc,test_line_spec_stuffing,test_line_spec_xfer_crc_bit
2909	line/state	inv	killed	kill:test_line_spec_every_engine,test_line_spec_crc,test_line_spec_stuffing,test_line_spec_xfer_crc_bit
2910	line/state	cnot0	killed	kill:test_line_spec_every_engine,test_line_spec_crc,test_line_spec_stuffing,test_line_spec_xfer_crc_bit
2911	line/state	const1	killed	kill:test_line_spec_every_engine,test_line_spec_crc,test_line_spec_stuffing,test_line_spec_xfer_crc_bit
2912	line/state	const1	killed	kill:test_line_spec_every_engine,test_line_spec_crc,test_line_spec_state_held,test_line_spec_stuffing
2913	line/state	cnot0	killed	kill:test_line_spec_every_engine,test_line_spec_crc,test_line_spec_state_held,test_line_spec_stuffing
2914	line/state	const0	killed	kill:test_line_spec_every_engine,test_line_spec_stuffing
2915	line/state	const1	killed	kill:test_line_spec_every_engine,test_line_spec_crc,test_line_spec_state_held,test_line_spec_stuffing
2916	line/state	const1	killed	kill:test_line_spec_every_engine,test_line_spec_crc,test_line_spec_state_held,test_line_spec_stuffing
2917	line/state	const0	killed	kill:test_line_spec_every_engine,test_line_spec_crc,test_line_spec_state_held,test_line_spec_stuffing
2918	line/state	cnot0	killed	kill:test_line_spec_every_engine,test_line_spec_crc,test_line_spec_state_held,test_line_spec_stuffing
2919	line/state	const0	killed	kill:test_line_spec_every_engine,test_line_spec_crc,test_line_spec_xfer_crc_bit
2920	line/state	cnot1	killed	kill:test_line_spec_every_engine,test_line_spec_crc,test_line_spec_xfer_crc_bit
2921	line/state	inv	killed	kill:test_line_spec_every_engine,test_line_spec_crc,test_line_spec_xfer_crc_bit
2922	line/state	cnot0	killed	kill:test_line_spec_every_engine,test_line_spec_crc,test_line_spec_xfer_crc_bit
2923	line/state	cnot1	killed	kill:test_line_spec_every_engine,test_line_spec_crc,test_line_spec_xfer_crc_bit
2924	line/state	cnot1	killed	kill:test_line_spec_crc,test_line_spec_xfer_crc_bit
2925	line/state	const0	killed	kill:test_line_spec_every_engine,test_line_spec_crc,test_line_spec_xfer_crc_bit
2926	line/state	inv	killed	kill:test_line_spec_every_engine,test_line_spec_crc,test_line_spec_xfer_crc_bit
2927	line/state	cnot0	killed	kill:test_line_spec_every_engine,test_line_spec_crc,test_line_spec_xfer_crc_bit
2928	line/state	inv	killed	kill:test_line_spec_every_engine,test_line_spec_crc,test_line_spec_xfer_crc_bit
2929	line/state	inv	killed	kill:test_line_spec_every_engine,test_line_spec_crc,test_line_spec_xfer_crc_bit
2930	line/state	cnot1	killed	kill:test_line_spec_crc
2931	line/state	const0	killed	kill:test_line_spec_crc
2932	line/state	cnot0	killed	kill:test_line_spec_every_engine,test_line_spec_crc,test_line_spec_xfer_crc_bit
2933	line/state	const0	killed	kill:test_line_spec_every_engine,test_line_spec_crc,test_line_spec_xfer_crc_bit
2934	line/state	const0	killed	kill:test_line_spec_every_engine,test_line_spec_crc,test_line_spec_xfer_crc_bit
2935	line/state	cnot0	killed	kill:test_line_spec_every_engine,test_line_spec_crc,test_line_spec_xfer_crc_bit
2936	line/state	cnot0	killed	kill:test_line_spec_every_engine,test_line_spec_crc
2937	line/state	const0	killed	kill:test_line_spec_every_engine,test_line_spec_crc
2938	line/state	const0	killed	kill:test_line_spec_crc
2939	line/state	cnot0	killed	kill:test_line_spec_every_engine,test_line_spec_crc
2940	line/state	const0	killed	kill:test_line_spec_every_engine,test_line_spec_crc
2941	line/state	cnot0	killed	ordered:test_line_unit
2942	line/state	cnot1	killed	ordered:test_line_unit
2943	line/state	cnot0	killed	ordered:test_line_unit
2944	line/state	cnot1	killed	ordered:test_line_unit
2945	line/state	cnot1	killed	ordered:test_line_unit
2946	line/state	cnot0	killed	ordered:test_line_unit
2947	line/state	cnot0	killed	ordered:test_line_unit
2948	line/state	const0	killed	ordered:test_line_unit
2949	line/state	inv	killed	ordered:test_line_unit
2950	line/state	const0	killed	ordered:test_line_unit
2951	line/state	inv	killed	ordered:test_line_unit
2952	line/state	const1	killed	ordered:test_line_unit
2953	line/state	cnot0	killed	ordered:test_line_unit
2954	line/state	cnot1	killed	ordered:test_line_unit
2955	line/state	const1	killed	ordered:test_line_unit
2956	line/state	const1	killed	ordered:test_line_unit
2957	line/state	const0	killed	ordered:test_line_unit
2958	line/state	cnot0	killed	ordered:test_line_unit
2959	line/state	const0	killed	ordered:test_line_unit
2960	line/state	cnot1	killed	ordered:test_line_unit
2961	line/state	const1	killed	ordered:test_line_unit
2962	line/state	const1	killed	ordered:test_line_unit
2963	line/state	inv	killed	ordered:test_line_unit
2964	line/state	const1	killed	ordered:test_line_unit
2965	line/state	inv	killed	kill:test_line_spec_every_engine,test_line_spec_crc,test_line_spec_stuffing,test_line_spec_xfer_crc_bit
2966	line/state	const0	killed	kill:test_line_spec_every_engine,test_line_spec_crc,test_line_spec_stuffing,test_line_spec_xfer_crc_bit
2967	line/state	cnot1	killed	kill:test_line_spec_every_engine,test_line_spec_crc,test_line_spec_stuffing,test_line_spec_xfer_crc_bit
2968	line/state	const1	killed	kill:test_line_spec_every_engine,test_line_spec_crc,test_line_spec_stuffing,test_line_spec_xfer_crc_bit
2969	line/state	const0	killed	kill:test_line_spec_every_engine,test_line_spec_crc,test_line_spec_stuffing,test_line_spec_xfer_crc_bit
2970	line/state	const0	killed	kill:test_line_spec_every_engine,test_line_spec_crc,test_line_spec_stuffing,test_line_spec_xfer_crc_bit
2971	line/state	const0	killed	kill:test_line_spec_every_engine,test_line_spec_crc,test_line_spec_stuffing,test_line_spec_xfer_crc_bit
2972	line/state	const1	killed	kill:test_line_spec_every_engine,test_line_spec_crc,test_line_spec_state_held,test_line_spec_stuffing
2973	line/state	const0	killed	kill:test_line_spec_every_engine,test_line_spec_crc,test_line_spec_state_held,test_line_spec_stuffing
2974	line/state	cnot0	killed	kill:test_line_spec_every_engine,test_line_spec_crc,test_line_spec_state_held,test_line_spec_stuffing
2975	line/state	cnot1	killed	kill:test_line_spec_every_engine,test_line_spec_crc
2976	line/state	cnot1	killed	kill:test_line_spec_crc
2977	line/state	cnot0	killed	kill:test_line_spec_every_engine,test_line_spec_crc,test_line_spec_state_held,test_line_spec_stuffing
2978	line/state	const0	killed	kill:test_line_spec_every_engine,test_line_spec_crc,test_line_spec_state_held,test_line_spec_stuffing
2979	line/state	const0	killed	kill:test_line_spec_every_engine,test_line_spec_crc,test_line_spec_state_held,test_line_spec_stuffing
2980	line/state	cnot1	killed	kill:test_line_spec_every_engine,test_line_spec_crc,test_line_spec_state_held,test_line_spec_stuffing
2981	line/state	const1	killed	kill:test_line_spec_every_engine,test_line_spec_crc,test_line_spec_xfer_crc_bit
2982	line/state	cnot1	killed	kill:test_line_spec_every_engine,test_line_spec_crc,test_line_spec_xfer_crc_bit
2983	line/state	const1	killed	kill:test_line_spec_every_engine,test_line_spec_crc,test_line_spec_xfer_crc_bit
2984	line/state	cnot0	killed	kill:test_line_spec_every_engine,test_line_spec_crc,test_line_spec_xfer_crc_bit
2985	line/state	const1	killed	kill:test_line_spec_every_engine,test_line_spec_crc,test_line_spec_xfer_crc_bit
2986	line/state	cnot1	killed	kill:test_line_spec_every_engine,test_line_spec_crc,test_line_spec_xfer_crc_bit
2987	line/state	inv	killed	kill:test_line_spec_every_engine,test_line_spec_crc,test_line_spec_xfer_crc_bit
2988	line/state	const0	killed	kill:test_line_spec_every_engine,test_line_spec_crc
2989	line/state	const0	killed	kill:test_line_spec_every_engine,test_line_spec_crc
2990	line/state	cnot1	killed	kill:test_line_spec_every_engine,test_line_spec_crc
2991	line/state	const1	killed	kill:test_line_spec_every_engine,test_line_spec_crc
2992	line/state	const1	killed	kill:test_line_spec_every_engine,test_line_spec_crc
2993	line/state	const1	killed	kill:test_line_spec_every_engine,test_line_spec_crc
2994	line/state	cnot1	killed	kill:test_line_spec_crc
2995	line/state	cnot0	killed	kill:test_line_spec_every_engine,test_line_spec_crc
2996	line/state	const0	killed	kill:test_line_spec_every_engine,test_line_spec_crc
2997	line/state	cnot0	killed	kill:test_line_spec_every_engine,test_line_spec_crc
2998	line/state	inv	killed	kill:test_line_spec_every_engine,test_line_spec_crc
2999	line/state	cnot1	killed	kill:test_line_spec_every_engine,test_line_spec_crc
3000	line/state	const1	killed	ordered:test_line_random
